id,ts,target_ts,btc_price_at_prediction,p_up,n_analogs,median_analog_return,return_p25,return_p75,k_used,volatility_percentile,closest_analog_dist,is_regime_anomaly,p_up_experimental,median_return_experimental,horizon_hours,trend_strength,calibrated_p_up,calibrated_conditional_p_up,model_version,git_commit_sha,realized_btc_price,realized_return,realized_up,resolved_ts
1,1785582508231,1785668908231,62997,1,12,0.7169740893962487,,,,,,,,,24,,,,legacy,unknown,63111,0.1809609981427687,1,1785671786302
2,1785582709944,1785669109944,62997,1,12,0.7169740893962487,,,,,,,,,24,,,,legacy,unknown,63111,0.1809609981427687,1,1785671786573
3,1785582720185,1785669120185,62997,1,12,0.7169740893962487,,,,,,,,,24,,,,legacy,unknown,63111,0.1809609981427687,1,1785671786841
4,1785582747920,1785669147920,62997,1,12,0.7169740893962487,,,,,,,,,24,,,,legacy,unknown,63111,0.1809609981427687,1,1785671787105
5,1785583307206,1785669707206,62997,1,12,0.7169740893962487,,,,,,,,,24,,,,legacy,unknown,63111,0.1809609981427687,1,1785671787362
6,1785588357812,1785674757812,63057,1,11,0.7169740893962487,,,,,,,,,24,,,,legacy,unknown,63085,0.04440426915330574,1,1785687523486
7,1785595549679,1785681949679,63057,1,11,0.7169740893962487,,,,,,,,,24,,,,legacy,unknown,63051,-0.00951520053285123,0,1785687523757
8,1785601994099,1785688394099,62898,0.8,10,0.6844296160022451,,,,,,,,,24,,,,legacy,unknown,63051,0.2432509777735381,1,1785693638437
9,1785604124797,1785690524797,62898,0.8,10,0.6844296160022451,,,,,,,,,24,,,,legacy,unknown,63051,0.2432509777735381,1,1785693638459
10,1785604267061,1785690667061,62898,0.8,10,0.6844296160022451,,,,,,,,,24,,,,legacy,unknown,63051,0.2432509777735381,1,1785693638478
11,1785606268190,1785692668190,62754,1,8,0.731910348835383,,,,,,,,,24,,,,legacy,unknown,63051,0.47327660388182424,1,1785693638493
12,1785606334353,1785692734353,62754,1,8,0.731910348835383,,,,,,,,,24,,,,legacy,unknown,63051,0.47327660388182424,1,1785693638513
13,1785606366944,1785692766944,62754,1,8,0.731910348835383,,,,,,,,,24,,,,legacy,unknown,63051,0.47327660388182424,1,1785693638536
14,1785606369861,1785692769861,62754,1,8,0.731910348835383,,,,,,,,,24,,,,legacy,unknown,63051,0.47327660388182424,1,1785693638560
15,1785606376617,1785692776617,62754,1,8,0.731910348835383,,,,,,,,,24,,,,legacy,unknown,63051,0.47327660388182424,1,1785693638581
16,1785606406933,1785692806933,62754,1,8,0.731910348835383,,,,,,,,,24,,,,legacy,unknown,63051,0.47327660388182424,1,1785693638605
17,1785606412801,1785692812801,62754,1,8,0.731910348835383,,,,,,,,,24,,,,legacy,unknown,63051,0.47327660388182424,1,1785693638628
18,1785606558523,1785692958523,62754,1,8,0.731910348835383,,,,,,,,,24,,,,legacy,unknown,63051,0.47327660388182424,1,1785693638651
19,1785606652445,1785693052445,62754,1,8,0.731910348835383,,,,,,,,,24,,,,legacy,unknown,63051,0.47327660388182424,1,1785693638674
20,1785607242811,1785693642811,62754,1,8,0.731910348835383,,,,,,,,,24,,,,legacy,unknown,63051,0.47327660388182424,1,1785713842706
21,1785628842808,1785715242808,62754,1,8,0.731910348835383,,,,,,,,,24,,,,legacy,unknown,63469,1.139369601937725,1,1785716327242
22,1785630611760,1785717011760,62754,0.8888888888888888,9,0.7169740893962487,,,,,,,,,24,,,,legacy,unknown,63469,1.139369601937725,1,1785719852683
23,1785634358266,1785720758266,62785,0.875,8,0.7169740893962487,0.5525034336371583,1.2505825695199626,,,,,,,24,,,,legacy,unknown,63190,0.6450585330891137,1,1785720958121
24,1785635500854,1785721900854,62957,0.8571428571428571,7,0.6844296160022451,0.012708700694212777,1.2505825695199626,,,,,,,24,,,,legacy,unknown,63177,0.3494448591896056,1,1785722836003
25,1785636396036,1785722796036,62957,0.8571428571428571,7,0.6844296160022451,0.012708700694212777,1.2505825695199626,,,,,,,24,,,,legacy,unknown,63183,0.3589751735311403,1,1785722836253
26,1785636402508,1785722802508,62957,0.8571428571428571,7,0.6844296160022451,0.012708700694212777,1.2505825695199626,,,,,,,24,,,,legacy,unknown,63183,0.3589751735311403,1,1785722836510
27,1785637308650,1785723708650,62957,0.8571428571428571,7,0.6844296160022451,0.012708700694212777,1.2505825695199626,21,0.20909090909090908,0.2802677738857484,0,0.7005143506762018,0.3834715917984035,24,,,,legacy,unknown,63158,0.3192655304414124,1,1785725656855
28,1785637422278,1785723822278,62957,0.8571428571428571,7,0.6844296160022451,0.012708700694212777,1.2505825695199626,21,0.20909090909090908,0.2802677738857484,0,0.7005143506762018,0.3834715917984035,24,,,,legacy,unknown,63158,0.3192655304414124,1,1785725657109
29,1785637858329,1785724258329,62957,0.8571428571428571,7,0.6844296160022451,0.012708700694212777,1.2505825695199626,21,0.20909090909090908,0.2802677738857484,0,0.7005143506762018,0.3834715917984035,24,,,,legacy,unknown,63158,0.3192655304414124,1,1785725657365
30,1785637876318,1785724276318,62957,0.8571428571428571,7,0.6844296160022451,0.012708700694212777,1.2505825695199626,21,0.20909090909090908,0.2802677738857484,0,0.7005143506762018,0.3834715917984035,24,,,,legacy,unknown,63158,0.3192655304414124,1,1785725657624
31,1785638929891,1785725329891,62957,0.8571428571428571,7,0.6844296160022451,0.3834715917984035,1.2505825695199626,21,0.20909090909090908,0.2802677738857484,0,0.7005143506762018,0.6417893850577452,24,,,,legacy,unknown,63138,0.2874978159696301,1,1785725657883
32,1785639956248,1785726356248,63372,0.8333333333333334,6,0.6844296160022451,0.3834715917984035,0.731910348835383,21,0.27927927927927926,0.7166153041603653,0,0.7245910798127719,0.6719725492065005,24,,,,legacy,unknown,63133,-0.37713816827621033,0,1785729513159
33,1785640074652,1785726474652,63372,0.8333333333333334,6,0.6844296160022451,0.3834715917984035,0.731910348835383,21,0.27927927927927926,0.7166153041603653,0,0.7245910798127719,0.6719725492065005,24,,,,legacy,unknown,63133,-0.37713816827621033,0,1785729513420
34,1785640258653,1785726658653,63372,0.8333333333333334,6,0.6844296160022451,0.3834715917984035,0.731910348835383,21,0.27927927927927926,0.7166153041603653,0,0.7245910798127719,0.6719725492065005,24,,,,legacy,unknown,63133,-0.37713816827621033,0,1785729513680
35,1785640469938,1785726869938,63372,0.8333333333333334,6,0.6844296160022451,0.3834715917984035,0.731910348835383,21,0.27927927927927926,0.7166153041603653,0,0.7245910798127719,0.6719725492065005,24,,,,legacy,unknown,63133,-0.37713816827621033,0,1785729513940
36,1785640478714,1785726878714,63372,0.8333333333333334,6,0.6844296160022451,0.3834715917984035,0.731910348835383,21,0.27927927927927926,0.7166153041603653,0,0.7245910798127719,0.6719725492065005,24,,,,legacy,unknown,63133,-0.37713816827621033,0,1785729514198
37,1785640533554,1785726933554,63372,0.8333333333333334,6,0.6844296160022451,0.3834715917984035,0.731910348835383,21,0.27927927927927926,0.7166153041603653,0,0.7245910798127719,0.6719725492065005,24,,,,legacy,unknown,63133,-0.37713816827621033,0,1785729514453
38,1785640802042,1785727202042,63372,0.8333333333333334,6,0.6844296160022451,0.3834715917984035,0.731910348835383,21,0.27927927927927926,0.7166153041603653,0,0.7245910798127719,0.6719725492065005,24,,,,legacy,unknown,63133,-0.37713816827621033,0,1785729514711
39,1785640803476,1785727203476,63372,0.8333333333333334,6,0.6844296160022451,0.3834715917984035,0.731910348835383,21,0.27927927927927926,0.7166153041603653,0,0.7245910798127719,0.6719725492065005,24,,,,legacy,unknown,63133,-0.37713816827621033,0,1785729514970
40,1785641493087,1785727893087,63372,0.8333333333333334,6,0.6844296160022451,0.3834715917984035,0.731910348835383,21,0.27927927927927926,0.7166153041603653,0,0.7245910798127719,0.6719725492065005,24,,,,legacy,unknown,62902,-0.7416524648109576,0,1785729515233
41,1785641676612,1785728076612,63372,0.8333333333333334,6,0.6844296160022451,0.3834715917984035,0.731910348835383,21,0.27927927927927926,0.7166153041603653,0,0.7245910798127719,0.6719725492065005,24,,,,legacy,unknown,62902,-0.7416524648109576,0,1785729515492
42,1785641897348,1785728297348,63372,0.8333333333333334,6,0.6844296160022451,0.3834715917984035,0.731910348835383,21,0.27927927927927926,0.7166153041603653,0,0.7245910798127719,0.6719725492065005,24,,,,legacy,unknown,62902,-0.7416524648109576,0,1785729515756
43,1785641909807,1785728309807,63372,0.8333333333333334,6,0.6844296160022451,0.3834715917984035,0.731910348835383,21,0.27927927927927926,0.7166153041603653,0,0.7245910798127719,0.6719725492065005,24,,,,legacy,unknown,62902,-0.7416524648109576,0,1785729516022
44,1785641953704,1785728353704,63372,0.8333333333333334,6,0.6844296160022451,0.3834715917984035,0.731910348835383,21,0.27927927927927926,0.7166153041603653,0,0.7245910798127719,0.6719725492065005,24,,,,legacy,unknown,62902,-0.7416524648109576,0,1785729516282
45,1785642046259,1785728446259,63372,0.8333333333333334,6,0.6844296160022451,0.3834715917984035,0.731910348835383,21,0.27927927927927926,0.7166153041603653,0,0.7245910798127719,0.6719725492065005,24,,,,legacy,unknown,62902,-0.7416524648109576,0,1785729516542
46,1785645319149,1785731719149,63499,1,5,0.7360989926231459,0.731910348835383,0.8737231727271283,21,0.25663716814159293,0.04626244967808768,0,0.7157629406478023,0.731910348835383,24,,,,legacy,unknown,62900,-0.943321942077828,0,1785735320472
47,1785646641113,1785733041113,63499,1,5,0.7360989926231459,0.731910348835383,0.8737231727271283,21,0.25663716814159293,0.04626244967808768,0,0.7157629406478023,0.731910348835383,24,,,,legacy,unknown,62762,-1.1606481991842392,0,1785735320729
48,1785661471546,1785747871546,63147,1,6,0.3834715917984035,0.1776790671848973,0.731910348835383,21,0.3130434782608696,0.14475026752217746,0,0.7466828606907214,0.23810657650364303,24,,,,legacy,unknown,62635,-0.8108065307932285,0,1785749962097
49,1785663288834,1785749688834,63199,1,5,0.3834715917984035,0.3095041584661291,0.731910348835383,21,0.3103448275862069,0.01690336262656844,0,0.8053907937197697,0.3834715917984035,24,,,,legacy,unknown,62635,-0.8924191838478457,0,1785749962355
50,1785666449279,1785752849279,63199,1,5,0.3834715917984035,0.3095041584661291,0.731910348835383,21,0.3103448275862069,0.01690336262656844,0,0.8053907937197697,0.3834715917984035,24,,,,legacy,unknown,62635.6,-0.8914698017373716,0,1785758438442
51,1785666470537,1785752870537,63199,1,5,0.3834715917984035,0.3095041584661291,0.731910348835383,21,0.3103448275862069,0.01690336262656844,0,0.8053907937197697,0.3834715917984035,24,,,,legacy,unknown,62635.6,-0.8914698017373716,0,1785758438467
52,1785671788429,1785758188429,63008,0.8,5,0.17488632388947184,0.16983048695320932,0.23175706779687924,21,0.3025210084033613,0.21083254368572005,0,0.8297915362348143,0.17488632388947184,24,,,,legacy,unknown,62552,-0.7237176231589639,0,1785758438488
53,1785671819998,1785758219998,63008,0.8,5,0.17488632388947184,0.16983048695320932,0.23175706779687924,21,0.3025210084033613,0.21083254368572005,0,0.8297915362348143,0.17488632388947184,24,,,,legacy,unknown,62552,-0.7237176231589639,0,1785758438508
54,1785672038323,1785758438323,63008,0.8,5,0.17488632388947184,0.16983048695320932,0.23175706779687924,21,0.3025210084033613,0.21083254368572005,0,0.8297915362348143,0.17488632388947184,24,,,,legacy,unknown,62552,-0.7237176231589639,0,1785758438525
55,1785687524787,1785773924787,63085,0.8333333333333334,6,0.3629244066663483,0.16983048695320932,0.47327660388182424,21,0.3,0.6273634969870121,0,0.8919452455005197,0.3629244066663483,24,,,,legacy,unknown,63878.3,1.2575097091226168,1,1785780038505
56,1785687600490,1785774000490,63085,0.8333333333333334,6,0.3629244066663483,0.16983048695320932,0.47327660388182424,21,0.3,0.6273634969870121,0,0.8919452455005197,0.3629244066663483,24,,,,legacy,unknown,63878.3,1.2575097091226168,1,1785780038534
57,1785693638800,1785780038800,63085,0.8333333333333334,6,0.3629244066663483,0.16983048695320932,0.47327660388182424,21,0.3,0.6273634969870121,0,0.8919452455005197,0.3629244066663483,24,,,,legacy,unknown,63878.3,1.2575097091226168,1,1785799554148
58,1785713843773,1785800243773,63491,1,7,0.3834715917984035,0.18778009215426372,0.8481979763965881,15,0.5901639344262295,0.03438769128817287,0,1,0.731910348835383,24,,,,legacy,unknown,63539,0.07560126632121089,1,1785801605478
59,1785714513451,1785800913451,63491,1,7,0.3834715917984035,0.18778009215426372,0.8481979763965881,15,0.5901639344262295,0.03438769128817287,0,1,0.731910348835383,24,,,,legacy,unknown,63493,0.0031500527633837867,1,1785801605517
60,1785715238415,1785801638415,63469,0.5,8,0.15306444486524018,-1.405068781757343,0.24945872164172078,15,0.5853658536585366,0.6615721659740489,0,0.6009167863881699,0.1776790671848973,24,,,,legacy,unknown,63462,-0.011029006286533584,0,1785801671541
61,1785716328304,1785802728304,63469,0.5,8,0.15306444486524018,-1.405068781757343,0.24945872164172078,15,0.5853658536585366,0.6615721659740489,0,0.6009167863881699,0.1776790671848973,24,,,,legacy,unknown,63475,0.009453433959885928,1,1785804976597
62,1785719853737,1785806253737,63469,0.375,8,-0.1609543647036546,-1.405068781757343,0.24945872164172078,15,0.5853658536585366,0.6615721659740489,0,0.5056558013713439,0.1776790671848973,24,,,,legacy,unknown,63468,-0.0015755723266476546,0,1785806496035
63,1785719875409,1785806275409,63469,0.375,8,-0.1609543647036546,-1.405068781757343,0.24945872164172078,15,0.5853658536585366,0.6615721659740489,0,0.5056558013713439,0.1776790671848973,24,,,,legacy,unknown,63468,-0.0015755723266476546,0,1785806496310
64,1785720959389,1785807359389,63190,0.4666666666666667,15,-0.06737383075066981,-1.425746856560289,0.8805292763998978,21,0.22727272727272727,1.02281988129162,0,0.425432047960357,-0.4030769230769231,24,,,,legacy,unknown,63440,0.3956322202880202,1,1785811437771
65,1785721153759,1785807553759,63182,0.5,14,0.2000200020002,-0.553842280823211,0.8805292763998978,21,0.15730337078651685,0.08289257328770605,0,0.3698887405325082,-0.5174966877094537,24,,,,legacy,unknown,63440,0.4083441486499319,1,1785811438031
66,1785721216639,1785807616639,63177,0.38461538461538464,13,-0.4030769230769231,-1.0912667436850159,0.5838906078450943,21,0.12222222222222222,0.08310410448606342,0,0.38871776691649884,-0.5174966877094537,24,,,,legacy,unknown,63440,0.4162907387182044,1,1785811438292
67,1785722837816,1785809237816,63183,0.3333333333333333,12,-0.5174966877094537,-1.425746856560289,0.666567732680369,21,0.12087912087912088,0.16640272638820475,0,0.4628640014056616,-0.06737383075066981,24,,,,legacy,unknown,63859,1.0699080448854914,1,1785811438536
68,1785722864494,1785809264494,63156,0.3333333333333333,9,-0.5174966877094537,-1.425746856560289,0.2000200020002,21,0,0,0,0.37546249685513006,-0.5174966877094537,24,,,,legacy,unknown,63859,1.1131167268351383,1,1785811438797
69,1785722939626,1785809339626,63174,0.2857142857142857,7,-0.5174966877094537,-1.425746856560289,0.658442680914591,21,0,0.08441867079383358,0,0.3623066163524562,-0.5174966877094537,24,,,,legacy,unknown,63859,1.0843068350903853,1,1785811439061
70,1785735322047,1785778522047,62762,0.6923076923076923,13,0.5277504833750674,-0.11103884773401437,0.7705723798953543,21,0.030249110320284697,0.07222482957386081,0,0.6847064721675585,0.35196687370600416,12,,,,legacy,unknown,63878.3,1.7786240081578073,1,1785780038564
71,1785735324903,1785821724903,62761,0.8333333333333334,12,0.6852791878172589,0.09200361669389763,1.219939480809046,21,0.03019538188277087,0.21676895382390865,0,0.8798888204505554,0.6852791878172589,24,,,,legacy,unknown,63794,1.645926610474658,1,1785823205361
72,1785736838563,1785780038563,62808,0.5,10,0.5277504833750674,-0.406052723408305,0.7705723798953543,21,0.04424778761061947,0,0,0.6455530962203285,0.5875421947646646,12,,,,legacy,unknown,63878.3,1.7040822825117867,1,1785799554406
73,1785736838565,1785823238565,62808,0.8,10,0.6852791878172589,0.04280957666085302,0.9489841411375072,21,0.04424778761061947,0,0,0.8673757045295541,0.6852791878172589,24,,,,legacy,unknown,63782,1.5507578652400968,1,1785829348129
74,1785737925404,1785824325404,62816,0.7777777777777778,9,0.2411894447882452,0.04280957666085302,0.7124948427433432,21,0.04946996466431095,0.07235721566953368,0,0.861062206256957,0.7124948427433432,24,,,,legacy,unknown,63782,1.5378247580234337,1,1785829348394
75,1785749963907,1785836363907,62635,0.875,8,0.4595690546235191,0.09200361669389763,1.219939480809046,21,0.11816578483245149,0.4843606669626278,0,0.8892818811499215,0.4595690546235191,24,,,,legacy,unknown,63558,1.473616987307416,1,1785843197643
76,1785749997804,1785793197804,62635.6,0.5384615384615384,13,0.5277504833750674,-0.406052723408305,0.7705723798953543,21,0.11619718309859155,0.6141419405844084,0,0.594919791497161,0.5277504833750674,12,,,,legacy,unknown,63530,1.4279419371731117,1,1785799554680
77,1785758438602,1785844838602,62552,0.9230769230769231,13,0.36811373445036816,0.09825206408570115,0.6852791878172589,21,0.11929824561403508,0.3601079844589765,0,0.8315083062380176,0.36811373445036816,24,,,,legacy,unknown,63898.7,2.1529287632689553,1,1785855605350
78,1785758438628,1785801638628,62552,0.38461538461538464,13,-0.3443296678884816,-0.5285043169121382,0.7705723798953543,21,0.11929824561403508,0.3601079844589765,0,0.4643535036912747,-0.11103884773401437,12,,,,legacy,unknown,63462,1.4547896150402866,1,1785801671800
79,1785780038633,1785823238633,63878.3,0.3333333333333333,15,-0.2423995996496935,-1.4553178099433606,0.34839377913089875,9,0.7272727272727273,0.3487962851594666,0,0.4675397845592401,-0.17330476430552053,12,,,,legacy,unknown,63782,-0.15075542085497406,0,1785829348660
80,1785780038638,1785866438638,63878.3,0.35714285714285715,14,-0.47764676209092627,-1.046130577262415,0.5007866582756496,9,0.7272727272727273,0.3487962851594666,0,0.2958348898795986,-0.85067987906226,24,,,,legacy,unknown,63942.4,0.10034706621810309,1,1785877205376
81,1785799555987,1785885955987,63530,0.35714285714285715,14,-0.04719949653870359,-0.85067987906226,0.2050473186119874,9,0.743455497382199,0.6173425345218861,0,0.09694928357814428,-0.85067987906226,24,,,,legacy,unknown,64071,0.8515661892019518,1,1785888005407
82,1785799603067,1785886003067,63539,0.3076923076923077,13,-0.47764676209092627,-0.8716047034959272,0.0781934192418366,9,0.7421602787456446,0.6475105675948013,1,0.10665898569525209,-0.85067987906226,24,,,,legacy,unknown,64071,0.8372810399911865,1,1785888005429
83,1785799613128,1785842813128,63539,0.3333333333333333,12,-0.21282633371169124,-1.2056782334384881,0.35933072673452265,9,0.7304347826086957,0.1439806521309528,0,0.4607300952129733,-0.17330476430552053,12,,,,legacy,unknown,63697,0.24866617353121703,1,1785843197896
84,1785801605582,1785888005582,63493,0.6428571428571429,14,0.49063830460725194,-0.7851285548876236,0.6861277051841858,9,0.7348353552859619,0,0,0.5194049442186095,0.6861277051841858,24,,,,legacy,unknown,64071,0.910336572535555,1,1785889352287
85,1785801605612,1785844805612,63493,0.2857142857142857,14,-0.8452217324675736,-0.9892840749006759,0.04912681056067953,9,0.7348353552859619,0,0,0.4805950557813906,-0.4337227340361541,12,,,,legacy,unknown,63898.7,0.638968075220886,1,1785855605379
86,1785801673119,1785888073119,63462,0.6153846153846154,13,0.4415744741465268,-0.7851285548876236,0.6861277051841858,9,0.7370242214532872,0.07212878370464315,0,0.5757133049482092,0.6861277051841858,24,,,,legacy,unknown,64071,0.9596293845135672,1,1785889352555
87,1785801843126,1785888243126,63536,0.5833333333333334,12,0.5682447726229483,-0.7851285548876236,0.8148417032290692,9,0.7340241796200345,0,0,0.509833083617903,0.6861277051841858,24,,,,legacy,unknown,64071,0.8420423067237472,1,1785889352817
88,1785801993597,1785888393597,63506,0.5454545454545454,11,0.5112134593165883,-0.8637494651092762,0.8148417032290692,9,0.7206896551724138,0,0,0.6190705551565618,0.6861277051841858,24,,,,legacy,unknown,64071,0.8896797153024912,1,1785889353093
89,1785802055089,1785845255089,63512,0.4,10,-0.4337227340361541,-0.9845822648557951,0.15372668346566506,9,0.7194492254733219,0,0,,,12,,,,legacy,unknown,63898.7,0.6088613175462859,1,1785855605407
90,1785802233893,1785888633893,63533,0.5555555555555556,9,0.5682717573685377,-0.8637494651092762,0.8148417032290692,9,0.711340206185567,0,0,,,24,,,,legacy,unknown,64071,0.8468040231061024,1,1785889353351
91,1785802334858,1785888734858,63493.9,0.5,8,0.6861277051841858,-0.8637494651092762,0.9183689590343981,9,0.7135506003430532,0,0,,,24,,,,legacy,unknown,63990,0.7813348998880185,1,1785889353616
92,1785802358664,1785888758664,63475,0.5714285714285714,7,0.6861277051841858,-0.8637494651092762,0.9183689590343981,21,0.1404109589041096,0,0,0.6082582017644725,0.4621496288558631,24,,,,legacy,unknown,63990,0.8113430484442694,1,1785889353883
93,1785804977938,1785891377938,63339,0.8333333333333334,6,0.8148417032290692,0.2262801443129312,0.9183689590343981,21,0.14188034188034188,0.3454393293402095,0,0.7419451251825305,0.26118339823345044,24,,,,legacy,unknown,64080,1.1698953251551176,1,1785893773499
94,1785805302124,1785891702124,63404,0.8,10,0.3640738278405673,0.32913475536426356,0.8148417032290692,21,0.0034129692832764505,0.21756298656118356,0,0.8131648782573867,0.39267844702007726,24,,,,legacy,unknown,64080,1.0661787899817046,1,1785893773755
95,1785805468466,1785891868466,63401,0.7777777777777778,9,0.3593250387817773,0.32913475536426356,0.8148417032290692,21,0.0034071550255536627,0.07257661621992745,0,0.8128484955366012,0.3593250387817773,24,,,,legacy,unknown,64080,1.0709610258513274,1,1785893774002
96,1785805972075,1785892372075,63435,0.4,5,-0.7851285548876236,-0.8637494651092762,0.408376466118999,21,0.006802721088435374,0.07262913673902688,0,0.6576819224589867,0.3988414605194435,24,,,,legacy,unknown,64139,1.1097974304406086,1,1785893774255
97,1785806497619,1785892897619,63489,0.4666666666666667,15,-0.39097602118837793,-0.866891709852771,0.8148417032290692,21,0,0.45076531496474925,0,0.42789885012998174,-0.39097602118837793,24,,,,legacy,unknown,64139,1.023799398320969,1,1785893774529
98,1785806849968,1785893249968,63440,0.4,15,-0.39097602118837793,-0.866891709852771,0.6861277051841858,21,0,0.49980310555186075,0,0.42223582450108593,-0.39097602118837793,24,,,,legacy,unknown,64139,1.101828499369483,1,1785893774785
99,1785811440362,1785897840362,63859,0.4,15,-0.39097602118837793,-0.866891709852771,0.6861277051841858,21,0.14732965009208104,0.4765006745111529,0,0.3819077423628979,-0.39097602118837793,24,,,,legacy,unknown,64139,0.4384659953961071,1,1785909352709
100,1785811472789,1785854672789,63886,0.2,15,-0.8743410877181907,-1.01905183872397,-0.4337227340361541,21,0.1786339754816112,0.6812597584539561,1,0.17939932829220792,-0.8743410877181907,12,,,,legacy,unknown,64111,0.3521898381492033,1,1785855605433
101,1785812405423,1785855605423,63800,0.2,15,-0.8743410877181907,-1.01905183872397,-0.4337227340361541,21,0.18388791593695272,0.6799324399117691,1,0.17933689243998907,-0.8743410877181907,12,,,,legacy,unknown,64111,0.48746081504702193,1,1785855605717
102,1785812405485,1785898805485,63800,0.4,15,-0.39097602118837793,-0.866891709852771,0.6861277051841858,21,0.15441176470588236,0.6799324399117691,1,0.42036155947961057,-0.05152868430092751,24,,,,legacy,unknown,64139,0.5313479623824452,1,1785909352970
103,1785821171577,1785907571577,63794,0.26666666666666666,15,-0.39097602118837793,-1.046130577262415,0.0781934192418366,21,0.15384615384615385,1.9277618263234957,1,0.3271361397507838,-0.39097602118837793,24,,,,legacy,unknown,64339,0.8543123177728312,1,1785909353225
104,1785823205512,1785866405512,63782,0.26666666666666666,15,-0.5265149126678857,-1.4553178099433606,0.15372668346566506,21,0.16637478108581435,1.9469735258359584,1,0.32025666784929463,-0.5265149126678857,12,,,,legacy,unknown,63942.4,0.2514816092314469,1,1785877205399
105,1785823205519,1785909605519,63782,0.26666666666666666,15,-0.39097602118837793,-1.046130577262415,0.0781934192418366,21,0.14076782449725778,1.9469735258359584,1,0.32666460642595446,-0.39097602118837793,24,,,,legacy,unknown,64309.4,0.8268790567871837,1,1785928855704
106,1785829350291,1785915750291,63659,0.4,15,-0.2252912583905563,-0.9906921021104046,0.6053608762130621,21,0.16100178890876565,1.8570745120105088,1,0.2876551499882657,-0.49607019393244145,24,,,,legacy,unknown,64309.4,1.0216937118082305,1,1785928855968
107,1785829389884,1785872589884,63653,0.3333333333333333,15,-0.2537717601547389,-1.2182868625973373,0.08882966910948256,21,0.1786339754816112,1.5900918216020303,1,0.331998770859654,-0.20625123219945707,12,,,,legacy,unknown,64316,1.041584842819663,1,1785877205422
108,1785834005461,1785877205461,63558,0.3333333333333333,15,-0.2537717601547389,-1.2182868625973373,0.08882966910948256,21,0.1849912739965096,1.590662780546266,1,0.3321601953066481,-0.20625123219945707,12,,,,legacy,unknown,64316,1.1926114729853048,1,1785888005463
109,1785834005496,1785920405496,63558,0.13333333333333333,15,-1.4540359617031213,-1.6497580771031684,-1.0325131810193322,21,0.17259786476868327,1.590662780546266,1,0.19166004548439605,-1.36632547657057,24,,,,legacy,unknown,64037,0.7536423424273891,1,1785928856222
110,1785843199271,1785929599271,63697,0.5333333333333333,15,0.0781934192418366,-0.8637494651092762,0.6211013798752487,21,0.18871252204585537,1.587499373981779,1,0.6167053826343766,0.4083441486499319,24,,,,legacy,unknown,64037,0.5337771009623687,1,1785931238059
111,1785843283252,1785886483252,63733.8,0.3333333333333333,15,-0.6053822263561981,-1.337344842795035,0.16958017021411478,21,0.19197207678883071,1.6385361144873247,1,0.34227544429919854,-0.9845822648557951,12,,,,legacy,unknown,64071,0.5290756239232512,1,1785888005524
112,1785844805457,1785888005457,63898.7,0.3333333333333333,15,-0.6053822263561981,-1.2056782334384881,0.16958017021411478,21,0.08551483420593368,1.7074209601854005,1,0.29354488471736556,-0.9845822648557951,12,,,,legacy,unknown,64071,0.2696455483444936,1,1785889354148
113,1785844805463,1785931205463,63898.7,0.4666666666666667,15,-0.04719949653870359,-0.8637494651092762,0.4083441486499319,21,0.08641975308641975,1.7074209601854005,1,0.4302438011462757,-0.04719949653870359,24,,,,legacy,unknown,64043,0.22582619051718253,1,1785931238289
114,1785855605547,1785942005547,64111,0.4,15,-0.04719949653870359,-0.866891709852771,0.3956322202880202,21,0.1335676625659051,1.8425078275081377,1,0.42448016102217473,-0.04719949653870359,24,,,,legacy,unknown,64450,0.5287704138135422,1,1785942038539
115,1785855605873,1785898805873,64111,0.5333333333333333,15,0.33103275975141316,-1.337344842795035,0.6375415591103958,21,0.13333333333333333,1.8721009170690075,1,0.606879278537656,0.33103275975141316,12,,,,legacy,unknown,64139,0.04367425246837516,1,1785909353485
116,1785866405475,1785909605475,63942.4,0.6666666666666666,15,0.48746081504702193,-0.6053822263561981,0.6801960073739063,21,0.1624790619765494,1.6352161546051562,1,0.6867528001874302,0.48746081504702193,12,,,,legacy,unknown,64309.4,0.5739540586527875,1,1785928856484
117,1785866405538,1785952805538,63942.4,0.3333333333333333,15,-0.05152868430092751,-0.866891709852771,0.2050473186119874,21,0.15411558669001751,1.9761618852621445,1,0.3314684990987327,-0.39097602118837793,24,,,,legacy,unknown,64730,1.2317335602041815,1,1785952837926
118,1785877205524,1785920405524,64316,0.2,10,-0.6771414404363456,-1.553299021653452,-0.04028759142184207,21,0.22,0.07257474819135346,0,0.17699428493355004,-0.6771414404363456,12,,,,legacy,unknown,64037,-0.43379563405684435,0,1785928856740
119,1785877205572,1785963605572,64316,0.6,15,0.658442680914591,-1.7937496147444985,1.4534523366803025,21,0.2031523642732049,0.07257474819135346,0,0.6934576452912317,0.999131190269331,24,,,,legacy,unknown,64798,0.7494247154673798,1,1785963637964
120,1785888005628,1785931205628,64071,0.8666666666666667,15,0.48746081504702193,0.2514816092314469,0.6801960073739063,21,0.25,0.20010012004904743,0,0.8629442116748988,0.2514816092314469,12,,,,legacy,unknown,64043,-0.043701518627772315,0,1785931238462
121,1785888005637,1785974405637,64071,0.3333333333333333,15,-0.05152868430092751,-0.9906921021104046,0.2050473186119874,21,0.2286212914485166,2.042399503464022,1,0.3799099511587847,-0.05152868430092751,24,,,,legacy,unknown,64635,0.880273446645128,1,1785974438463
122,1785889355792,1785975755792,63990,0.4,15,-0.04719949653870359,-0.866891709852771,0.2050473186119874,21,0.2286212914485166,1.9664153606047026,1,0.427327769495833,-0.04719949653870359,24,,,,legacy,unknown,64635,1.0079699953117673,1,1785985222422
123,1785889356168,1785975756168,63990,0.4,15,-0.04719949653870359,-0.866891709852771,0.2050473186119874,21,0.2286212914485166,1.9664153606047026,1,0.427327769495833,-0.04719949653870359,24,,,,legacy,unknown,64635,1.0079699953117673,1,1785985222515
124,1785889376142,1785975776142,63990,0.4,15,-0.04719949653870359,-0.866891709852771,0.2050473186119874,21,0.2286212914485166,1.9291884206764105,1,0.4281820305985438,-0.04719949653870359,24,,,,legacy,unknown,64635,1.0079699953117673,1,1785985222656
125,1785890246947,1785976646947,64080,0.4,15,-0.04719949653870359,-0.866891709852771,0.2050473186119874,21,0.2198952879581152,1.9283791886033965,1,0.4281653186642953,-0.04719949653870359,24,,,,legacy,unknown,64635,0.8661048689138577,1,1785985222769
126,1785893776103,1785980176103,64139,0.26666666666666666,15,-0.39097602118837793,-1.1784384936481864,0.10034706621810309,21,0.22338568935427575,2.0804735676353157,1,0.2882391661561176,-0.39097602118837793,24,,,,legacy,unknown,64542,0.6283228612856452,1,1785985222865
127,1785909354835,1785995754835,64339,0.3333333333333333,15,-0.05152868430092751,-1.046130577262415,0.10034706621810309,21,0.22108843537414966,1.5317934341129444,1,0.2556856429860336,-0.6628887519353045,24,,,,legacy,unknown,64845,0.78645922379894,1,1785996029537
128,1785909605443,1785996005443,64309.4,0.3333333333333333,15,-0.05152868430092751,-1.046130577262415,0.10034706621810309,21,0.22108843537414966,1.6227582058165033,1,0.3781928393797819,-0.05152868430092751,24,,,,legacy,unknown,64845,0.8328486970800514,1,1785996029697
129,1785928858350,1786015258350,64037,0.4666666666666667,15,-0.04090880483353264,-0.9817250537498419,0.6544153418810125,21,0.25166666666666665,1.6509342187761502,1,0.4968495657191645,-0.04090880483353264,24,,,,legacy,unknown,64603,0.8838640161156831,1,1786017624318
130,1785928860968,1786015260968,64037,0.5333333333333333,15,0.0781934192418366,-0.9817250537498419,0.6544153418810125,21,0.25166666666666665,1.6275123106209677,1,0.40560807327063825,-0.05152868430092751,24,,,,legacy,unknown,64603,0.8838640161156831,1,1786017624426
131,1785931239284,1785974439284,64043,0.8666666666666667,15,0.2696455483444936,0.04367425246837516,0.5871548110586056,21,0.18729641693811075,0.5649993241517347,0,0.8785166908856984,0.34839377913089875,12,,,,legacy,unknown,64635,0.9243789329044547,1,1785985222955
132,1785931239288,1786017639288,64043,0.7333333333333333,15,0.8543123177728312,-0.444242286407399,1.5700557017812329,21,0.18166666666666667,1.2371592581597453,1,0.7376751686238364,0.8268790567871837,24,,,,legacy,unknown,64603,0.8744125040988087,1,1786023702271
133,1785936275405,1786022675405,64135,0.26666666666666666,15,-0.5470757140698201,-1.425746856560289,0.009105809506465124,21,0.15946843853820597,2.298571000870715,1,0.3283711928841297,-0.5470757140698201,24,,,,legacy,unknown,64339,0.31807905199968817,1,1786023702535
134,1785942039386,1785985239386,64450,0.7333333333333333,15,0.08282544147523051,-0.43379563405684435,0.34839377913089875,21,0.2148626817447496,1.1686120284776158,1,0.6643974129537844,0.08282544147523051,12,,,,legacy,unknown,64542,0.14274631497284718,1,1785996029788
135,1785942039498,1786028439498,64450,0.5333333333333333,15,0.0781934192418366,-0.9817250537498419,0.6544153418810125,21,0.21026490066225165,1.1686120284776158,1,0.4408564221878799,-0.04719949653870359,24,,,,legacy,unknown,64751,0.4670287044220326,1,1786039225325
136,1785952838757,1785996038757,64730,0.6,15,0.04367425246837516,-0.043701518627772315,0.23262375772016403,21,0.249597423510467,1.2126921355035112,1,0.620485606747127,0.08282544147523051,12,,,,legacy,unknown,64845,0.17766105360729184,1,1786005363022
137,1785952838760,1786039238760,64730,0.7333333333333333,15,0.22582619051718253,-0.04090880483353264,0.6544153418810125,21,0.2450657894736842,1.237855857093684,1,0.6373532037824576,0.22582619051718253,24,,,,legacy,unknown,64575,-0.23945620268808898,0,1786050061795
138,1785963638790,1786006838790,64798,0.6153846153846154,13,0.006186587478346944,-0.3335608787389847,0.6710786739238002,21,0.2504012841091493,0.2179561757048354,0,0.5539945958242074,0.004637215197699942,12,,,,legacy,unknown,64913,0.17747461341399426,1,1786017624527
139,1785963638859,1786050038859,64798,0.6,15,0.22581044295966346,-0.502093343014723,0.999131190269331,21,0.24918032786885247,0.2179561757048354,0,0.5164885905422492,0.06339683325086591,24,,,,legacy,unknown,64433,-0.5632889904009384,0,1786050062035
140,1785974439354,1786060839354,64635,0.8,15,0.5287704138135422,0.22582619051718253,0.8543123177728312,21,0.25163398692810457,1.2876863520002124,1,0.7924692684803644,0.5287704138135422,24,,,,legacy,unknown,64293,-0.5291250870271524,0,1786060862821
141,1785974439358,1786017639358,64635,0.8,15,0.08282544147523051,0.04367425246837516,0.5739540586527875,21,0.2504012841091493,0.22390417644487232,0,0.743460800350355,0.2514816092314469,12,,,,legacy,unknown,64603,-0.04950878007271602,0,1786023702787
142,1785985223358,1786028423358,64542,0.6666666666666666,15,0.08282544147523051,-0.057740324594257174,0.5739540586527875,21,0.19936204146730463,0.48846770709117393,0,0.697747897111578,0.08282544147523051,12,,,,legacy,unknown,64751,0.32382014812060367,1,1786028426858
143,1785985223364,1786071623364,64542,0.8666666666666667,15,0.5337771009623687,0.22582619051718253,0.8268790567871837,21,0.2003257328990228,1.215376402241572,1,0.7422272474178043,0.5287704138135422,24,,,,legacy,unknown,64287.7,-0.3940070031917246,0,1786071668453
144,1785996030206,1786082430206,64845,0.9333333333333333,15,0.8661048689138577,0.5287704138135422,1.0079699953117673,21,0.25,1.2189355919482736,1,0.9084026580019104,0.8268790567871837,24,,,,legacy,unknown,64310,-0.8250443364947182,0,1786082466078
145,1785996030212,1786039230212,64845,0.7333333333333333,15,0.08282544147523051,-0.006236455198864965,0.5739540586527875,21,0.25396825396825395,0.23754358141563994,0,0.7639332156871111,0.14274631497284718,12,,,,legacy,unknown,64575,-0.4163775156141568,0,1786050062275
146,1786005364636,1786091764636,64848,0.9333333333333333,15,0.8543123177728312,0.7494247154673798,1.0079699953117673,21,0.249597423510467,1.2387380756301982,1,0.9108860444297948,0.8268790567871837,24,,,,legacy,unknown,64602,-0.37934863064396745,0,1786093272905
147,1786006832232,1786050032232,64913,0.8,15,0.08282544147523051,0.04367425246837516,0.17766105360729184,21,0.19145569620253164,0.23709350845492502,0,0.8313492737193666,0.17766105360729184,12,,,,legacy,unknown,64433,-0.7394512655400305,0,1786050062521
148,1786006832237,1786093232237,64913,0.9333333333333333,15,0.7494247154673798,0.5287704138135422,1.0079699953117673,21,0.19001610305958133,1.2246696468755034,1,0.9051156533315472,0.8268790567871837,24,,,,legacy,unknown,64602,-0.4791027991311448,0,1786093272995
149,1786017625050,1786060825050,64603,0.8,15,0.14274631497284718,0.04367425246837516,0.17766105360729184,21,0.22082018927444794,0.2917233531751042,0,0.8572832166231535,0.17747461341399426,12,,,,legacy,unknown,64293,-0.4798538767549494,0,1786060863055
150,1786017625199,1786104025199,64603,0.9333333333333333,15,0.7494247154673798,0.5287704138135422,1.0079699953117673,21,0.21829855537720708,0.43303105210905174,0,0.9123276069188886,0.78645922379894,24,,,,legacy,unknown,65001,0.6160704611240965,1,1786104073336
151,1786023704137,1786110104137,64339,0.4,15,-0.8390722710361752,-1.101777262326427,0.6544153418810125,21,0.2504012841091493,2.459582761089318,1,0.43760076253674696,-0.763370294938523,24,,,,legacy,unknown,64951,0.9512115513141329,1,1786114864664
152,1786023713463,1786066913463,64354,0.6666666666666666,15,0.17747461341399426,-1.031580279729131,0.4487039179512836,21,0.26025236593059936,1.3460473470342533,1,0.6453712902107447,0.17747461341399426,12,,,,legacy,unknown,64401,0.07303353326910526,1,1786071668547
153,1786028427252,1786114827252,64751,1,15,0.8328486970800514,0.5287704138135422,1.0079699953117673,21,0.3274478330658106,0.6645551261048793,1,0.9596577896944617,0.78645922379894,24,,,,legacy,unknown,64951,0.3088755386017204,1,1786114864762
154,1786028427262,1786071627262,64751,0.8,15,0.17747461341399426,0.04367425246837516,0.5739540586527875,15,0.3411949685534591,0.6645551261048793,1,0.8518221152974699,0.17747461341399426,12,,,,legacy,unknown,64287.7,-0.7155101851708899,0,1786071668641
155,1786039225786,1786125625786,64575,1,15,0.7494247154673798,0.5287704138135422,1.0079699953117673,15,0.3492822966507177,0.692115817424291,1,1,0.78645922379894,24,,,,legacy,unknown,64816,0.3732094463801781,1,1786125668796
156,1786039225794,1786082425794,64575,0.8,15,0.17747461341399426,0.04367425246837516,0.32382014812060367,15,0.3605015673981191,0.692115817424291,1,0.8547693701780525,0.17747461341399426,12,,,,legacy,unknown,64310,-0.41037553232675184,0,1786082466176
157,1786050063644,1786136463644,64433,0.5333333333333333,15,0.0781934192418366,-0.9817250537498419,0.6211013798752487,21,0.30793650793650795,0.7733414974433983,1,0.5659629833543975,0.10034706621810309,24,,,,legacy,unknown,64941,0.7884158738534602,1,1786136466029
158,1786050063648,1786093263648,64433,0.6,15,0.14274631497284718,-0.4163775156141568,0.32382014812060367,21,0.31875,0.7298609896568633,1,0.5811172677967468,0.14274631497284718,12,,,,legacy,unknown,64602,0.2622879580339267,1,1786093273088
159,1786058485239,1786144885239,64246,0.6,15,0.4670287044220326,-0.23945620268808898,0.7494247154673798,21,0.31329113924050633,0.6034264077687793,0,0.6418303164054775,0.22582619051718253,24,,,,legacy,unknown,64836,0.9183451109796719,1,1786147272465
160,1786060864041,1786147264041,64293,0.4666666666666667,15,-0.04719949653870359,-0.9817250537498419,0.4670287044220326,21,0.31329113924050633,0.6823824568896509,1,0.4204491880564513,-0.04719949653870359,24,,,,legacy,unknown,64872,0.9005646026783631,1,1786147272554
161,1786060864207,1786104064207,64293,0.4,15,-0.17330476430552053,-0.7394512655400305,0.34839377913089875,21,0.3250388802488336,0.6823824568896509,1,0.39763371555626015,-0.17330476430552053,12,,,,legacy,unknown,65001,1.1012085296999672,1,1786104073477
162,1786062003983,1786148403983,64250,0.4666666666666667,15,-0.04719949653870359,-0.9817250537498419,0.4670287044220326,21,0.27848101265822783,0.6821850119278365,1,0.42046775357153177,-0.04719949653870359,24,,,,legacy,unknown,64870.6,0.9659143968871573,1,1786155002408
163,1786062283129,1786148683129,64237,0.4,15,-0.05152868430092751,-1.046130577262415,0.4670287044220326,21,0.27848101265822783,0.6411951068493132,1,0.46015080275170767,-0.04719949653870359,24,,,,legacy,unknown,64870.6,0.9863474321652608,1,1786155002504
164,1786062458629,1786148858629,64268,0.4666666666666667,15,-0.05152868430092751,-0.85067987906226,0.4670287044220326,21,0.24367088607594936,1.0270751076567612,1,0.5432893259714869,0.0781934192418366,24,,,,legacy,unknown,64870.6,0.9376361486276196,1,1786155002601
165,1786062462380,1786148862380,64268,0.4666666666666667,15,-0.05152868430092751,-0.85067987906226,0.4670287044220326,21,0.24208860759493672,1.0115763524138768,1,0.5442155025742264,0.0781934192418366,24,,,,legacy,unknown,64870.6,0.9376361486276196,1,1786155002696
166,1786062836293,1786149236293,64288.8,0.4,15,-0.07326235717737285,-0.9817250537498419,0.10034706621810309,21,0.07278481012658228,1.2006241013188288,1,0.4953205407719109,-0.0124888770938383,24,,,,legacy,unknown,64870.6,0.9049787832406198,1,1786155002795
167,1786062918795,1786149318795,64312,0.4666666666666667,15,-0.05152868430092751,-0.85067987906226,0.4670287044220326,21,0.08227848101265822,1.1620633250570405,1,0.45461034532903266,-0.07326235717737285,24,,,,legacy,unknown,64870.6,0.8685781813658392,1,1786155002891
168,1786064145464,1786150545464,64243,0.4666666666666667,15,-0.0124888770938383,-0.85067987906226,0.10034706621810309,21,0.028481012658227847,1.2425879031092564,1,0.4937844571666457,-0.0124888770938383,24,,,,legacy,unknown,64870.6,0.9769157729246744,1,1786155002988
169,1786064596208,1786150996208,64383,0.6,15,0.10034706621810309,-0.85067987906226,0.4670287044220326,21,0.09335443037974683,1.0941762625711013,1,0.5316170366941025,0.0781934192418366,24,,,,legacy,unknown,64870.6,0.7573427768199658,1,1786155003089
170,1786064654969,1786151054969,64409.5,0.4,15,-0.05152868430092751,-1.046130577262415,0.4670287044220326,21,0.04746835443037975,0.7954855366699791,1,0.45210133450401446,-0.05152868430092751,24,,,,legacy,unknown,64870.6,0.7158881841964284,1,1786155003185
171,1786066565652,1786152965652,64401,0.4,15,-0.05152868430092751,-0.9817250537498419,0.4670287044220326,21,0.04746835443037975,0.830192882618943,1,0.493025752374668,-0.04719949653870359,24,,,,legacy,unknown,64867,0.7235912485830965,1,1786155003284
172,1786071669220,1786158069220,64287.7,0.4666666666666667,15,-0.04719949653870359,-0.9817250537498419,0.4670287044220326,21,0.015772870662460567,0.8602571345576314,1,0.45435564150622726,-0.05152868430092751,24,,,,legacy,unknown,64886.1,0.9308156925819426,1,1786163263566
173,1786071669226,1786114869226,64287.7,0.4666666666666667,15,-0.15075542085497406,-0.7394512655400305,0.34839377913089875,21,0.015503875968992248,0.8602571345576314,1,0.531342413255341,0.14274631497284718,12,,,,legacy,unknown,64951,1.0317681298288832,1,1786125668889
174,1786079493439,1786165893439,64235,0.6666666666666666,15,0.10034706621810309,-0.07326235717737285,1.1816558980110898,21,0.020440251572327043,1.3770251359786334,1,0.5801895709913159,0.02496021964993292,24,,,,legacy,unknown,64971,1.145792792091539,1,1786168872045
175,1786079507661,1786165907661,64235,0.7333333333333333,15,0.4670287044220326,-0.0124888770938383,1.2515822784810127,21,0.018867924528301886,1.4252135732149853,1,0.6256881713381284,0.10034706621810309,24,,,,legacy,unknown,64971,1.145792792091539,1,1786168872134
176,1786082466513,1786125666513,64310,0.4,15,-0.4163775156141568,-1.862656391376244,0.34839377913089875,21,0.020030816640986132,1.4251891875795564,1,0.4821350181706251,-0.15075542085497406,12,,,,legacy,unknown,64816,0.7868138703156585,1,1786125668976
177,1786082466778,1786168866778,64310,0.7333333333333333,15,0.4670287044220326,-0.0124888770938383,1.2515822784810127,21,0.020440251572327043,1.4251891875795564,1,0.6252614786126058,0.10034706621810309,24,,,,legacy,unknown,64972,1.0293888975276007,1,1786168872227
178,1786093273579,1786136473579,64602,0.3333333333333333,15,-0.21282633371169124,-1.337344842795035,0.34839377913089875,21,0.1443932411674347,0.5598574778140492,0,0.4446713889251077,-0.15075542085497406,12,,,,legacy,unknown,64941,0.5247515556793907,1,1786142694789
179,1786093273709,1786179673709,64602,0.3333333333333333,15,-0.47764676209092627,-1.046130577262415,0.10034706621810309,21,0.14733542319749215,0.5598574778140492,0,0.39121757882574476,-0.05152868430092751,24,,,,legacy,unknown,64964,0.5603541686015913,1,1786189508573
180,1786102362518,1786188762518,65022,0.2,15,-1.0257299068807413,-2.5094083533839227,-0.5291250870271524,21,0.25625,1.3756034595071687,1,0.20690101081758927,-1.101777262326427,24,,,,legacy,unknown,64932,-0.13841469041247578,0,1786189508827
181,1786104073842,1786147273842,65001,0.3333333333333333,15,-0.04950878007271602,-0.7804306249614412,0.09636456892398079,21,0.24655436447166923,0.9242193776680652,1,0.2916337961923722,-0.4798538767549494,12,,,,legacy,unknown,64872,-0.198458485254073,0,1786147331187
182,1786104073851,1786190473851,65001,0.2,15,-1.0257299068807413,-2.5094083533839227,-0.5291250870271524,21,0.2453125,1.0681747312014775,1,0.15970903003131512,-1.101777262326427,24,,,,legacy,unknown,64935,-0.10153689943231642,0,1786190670771
183,1786114865218,1786158065218,64951,0.2,15,-0.594178903554242,-0.8064265996712261,-0.31624679531463484,21,0.2537764350453172,0.8582880578481139,1,0.1441216124371204,-0.7205925559387033,12,,,,legacy,unknown,64886.1,-0.09992147926898964,0,1786163263810
184,1786114865376,1786201265376,64951,0.3333333333333333,15,-2.1321895348656503,-2.8316015377726997,0.4109674017555287,21,0.25194401244167963,0.8582880578481139,1,0.19603000874672546,-2.5094083533839227,24,,,,legacy,unknown,65108,0.24172068174469985,1,1786212033074
185,1786125669514,1786212069514,64816,0.6666666666666666,15,0.7849439105040329,-1.453841306920346,1.2582124705590678,21,0.26046511627906976,0.24272077390871646,0,0.5859635669376194,0.6820396232543033,24,,,,legacy,unknown,65087,0.41810664033571954,1,1786222831776
186,1786125669521,1786168869521,64816,0.42857142857142855,14,-0.04028759142184207,-0.7918061237138961,0.41271023397256873,21,0.26646706586826346,0.24272077390871646,0,0.37571879632696337,-0.3369355940624806,12,,,,legacy,unknown,64972,0.24068131325598618,1,1786168872326
187,1786136466452,1786222866452,64941,0.7333333333333333,15,0.8047269789472017,-0.5610729759992211,1.4534523366803025,21,0.2542372881355932,0.07376348520872222,0,0.7402670823349748,0.999131190269331,24,,,,legacy,unknown,65046,0.1616852219707119,1,1786235710925
188,1786136466459,1786179666459,64941,0.3,10,-0.3335608787389847,-0.7918061237138961,0.010811311721006378,21,0.2663690476190476,0.07376348520872222,0,0.23220317279659877,-0.3335608787389847,12,,,,legacy,unknown,64964,0.03541676290787022,1,1786189509100
189,1786142696121,1786229096121,64833,0.3333333333333333,15,-0.2252912583905563,-0.44451328118949895,0.37541279830519036,21,0.2773497688751926,0.7287963120221291,1,0.3787763139600499,-0.2252912583905563,24,,,,legacy,unknown,65046,0.32853639350330854,1,1786235711166
190,1786142719564,1786185919564,64835,0.5333333333333333,15,0.12909373126988274,-0.578462677588042,0.41271023397256873,21,0.28869047619047616,0.7203017192841334,1,0.5328135941404252,0.12909373126988274,12,,,,legacy,unknown,64932,0.14961054985733016,1,1786189509346
191,1786142722041,1786229122041,64836,0.3333333333333333,15,-0.2362678938184289,-0.49607019393244145,0.6292057643366797,21,0.21571648690292758,0.72044229770591,1,0.3403562446122611,-0.2362678938184289,24,,,,legacy,unknown,65046,0.32389413288913566,1,1786235711423
192,1786147273128,1786190473128,64872,0.6,15,0.17747461341399426,-0.6399580557611645,0.32382014812060367,21,0.025222551928783383,0.655759186282143,1,0.6436116122395622,0.17747461341399426,12,,,,legacy,unknown,64935,0.09711431742508325,1,1786190671013
193,1786147273136,1786233673136,64872,0.2,15,-0.3940070031917246,-0.5632889904009384,-0.23945620268808898,21,0.019969278033794162,0.655759186282143,1,0.2857191703646849,-0.37934863064396745,24,,,,legacy,unknown,64936,0.0986558145270687,1,1786235711679
194,1786147332493,1786233732493,64870.6,0.2,15,-0.3940070031917246,-0.5632889904009384,-0.23945620268808898,21,0.019969278033794162,0.6601319532261911,1,0.2851734138438216,-0.37934863064396745,24,,,,legacy,unknown,64936,0.10081608617771604,1,1786235711928
195,1786155003768,1786241403768,64867,0.4666666666666667,15,-0.5291250870271524,-1.0257299068807413,0.6160704611240965,21,0.019908116385911178,0.8311867179674854,1,0.40427880408765715,-0.5291250870271524,24,,,,legacy,unknown,64851,-0.024665854748947846,0,1786244404166
196,1786158060100,1786201260100,64886.1,0.4,15,-0.04950878007271602,-0.4798538767549494,0.42600653726395366,21,0.025110782865583457,0.7584189817929654,1,0.37214712216424,-0.04950878007271602,12,,,,legacy,unknown,65108,0.34198387636181166,1,1786212033329
197,1786158060109,1786244460109,64886.1,0.4666666666666667,15,-0.23945620268808898,-1.020866574752529,0.6160704611240965,21,0.019908116385911178,0.7584189817929654,1,0.4031565248969383,-0.23945620268808898,24,,,,legacy,unknown,64798,-0.13577638353976976,0,1786247049945
198,1786163265110,1786249665110,64971,0.4666666666666667,15,-0.5291250870271524,-1.101777262326427,0.6160704611240965,21,0.0045871559633027525,0.6266776190541405,0,0.38683384833068146,-0.5291250870271524,24,,,,legacy,unknown,64783.5,-0.2885902941312278,0,1786254930568
199,1786168872769,1786255272769,64972,0.4666666666666667,15,-0.5291250870271524,-1.101777262326427,0.6160704611240965,21,0.0030075187969924814,0.6274649092753245,0,0.39280675236289286,-0.5291250870271524,24,,,,legacy,unknown,64776,-0.3016684110078187,0,1786256736703
200,1786168872776,1786212072776,64972,0.3333333333333333,15,-0.09992147926898964,-0.2306911506874596,0.09636456892398079,21,0.0029455081001472753,0.5432503057646206,0,0.18841286969430082,-0.198458485254073,12,,,,legacy,unknown,65087,0.17699932278519978,1,1786222832036
201,1786172522995,1786258922995,64975,0.7333333333333333,15,0.8328486970800514,-0.5291250870271524,0.9512115513141329,21,0.003003003003003003,0.5967701337287937,0,0.5094032363815234,0.31807905199968817,24,,,,legacy,unknown,64823,-0.2339361292804925,0,1786263295634
202,1786179659390,1786266059390,64964,0.6,15,0.6160704611240965,-0.5291250870271524,0.9005646026783631,21,0.0029940119760479044,0.6309515203949768,0,0.49066618824880454,-0.23945620268808898,24,,,,legacy,unknown,64791,-0.26630133612462287,0,1786274410844
203,1786179659520,1786222859520,64964,0.5333333333333333,15,0.07303353326910526,-0.198458485254073,0.24068131325598618,21,0.002936857562408223,0.6309515203949768,0,0.44666153520246976,-0.04950878007271602,12,,,,legacy,unknown,65046,0.12622375469490796,1,1786235712179
204,1786189510645,1786275910645,64932,0.4,15,-0.5291250870271524,-1.101777262326427,0.6160704611240965,21,0.002976190476190476,1.1347041677685894,1,0.374686762358202,-0.5291250870271524,24,,,,legacy,unknown,64918,-0.0215610176800345,0,1786276815741
205,1786189512951,1786275912951,64930,0.4,15,-0.5291250870271524,-1.101777262326427,0.6160704611240965,21,0.002976190476190476,1.107762850033409,1,0.37721725696411856,-0.5291250870271524,24,,,,legacy,unknown,64918,-0.01848144155244109,0,1786276815767
206,1786189969560,1786276369560,64928,0.4,15,-0.5291250870271524,-1.101777262326427,0.6160704611240965,21,0.002976190476190476,1.0679771254438826,1,0.3827770910437657,-0.5291250870271524,24,,,,legacy,unknown,64918,-0.015401675702316412,0,1786276815790
207,1786190433026,1786233633026,64935,0.3333333333333333,15,-0.04950878007271602,-0.4798538767549494,0.09636456892398079,21,0.0029282576866764276,1.1027547180182844,1,0.42669301031686047,-0.04950878007271602,12,,,,legacy,unknown,64936,0.00154000154000154,1,1786235712434
208,1786190433033,1786276833033,64935,0.4666666666666667,15,-0.2442266670788636,-0.8390722710361752,0.6160704611240965,21,0.002976190476190476,1.3353588434512798,1,0.40636209927035305,-0.44451328118949895,24,,,,legacy,unknown,64918,-0.026180026180026177,0,1786277334261
209,1786190672321,1786277072321,64925,0.5333333333333333,15,0.45724954116828054,-1.020866574752529,0.9005646026783631,21,0.002976190476190476,1.1078137268966974,1,0.620464854706486,0.6160704611240965,24,,,,legacy,unknown,64918,-0.010781671159029648,0,1786277334519
210,1786201232931,1786244432931,65108,0.6,15,0.09711431742508325,-0.4798538767549494,0.5247515556793907,21,0.013062409288824383,0.9794540045230893,1,0.6166072955207382,0.09711431742508325,12,,,,legacy,unknown,64798,-0.47613196534988017,0,1786247050206
211,1786212034502,1786255234502,65087,0.3333333333333333,15,-0.4798538767549494,-0.7804306249614412,0.09711431742508325,21,0.004335260115606936,0.6100252602137028,0,0.3851723829753009,-0.198458485254073,12,,,,legacy,unknown,64776,-0.4778219921028777,0,1786256736952
212,1786235714012,1786322114012,64936,0.8,15,0.9005646026783631,0.45724954116828054,0.9376361486276196,21,0.027900146842878122,1.1489401578724439,1,0.8521724720369878,0.8685781813658392,24,,,,legacy,unknown,64926,-0.015399778243193298,0,1786326020123
213,1786235714359,1786322114359,64936,0.8,15,0.9005646026783631,0.45724954116828054,0.9376361486276196,21,0.027900146842878122,1.1489401578724439,1,0.8521724720369878,0.8685781813658392,24,,,,legacy,unknown,64926,-0.015399778243193298,0,1786326020381
214,1786239336380,1786325736380,64857,0.7333333333333333,15,0.5603541686015913,-0.10153689943231642,0.9005646026783631,21,0.033773861967694566,1.2122778476742955,1,0.758412407607393,0.6160704611240965,24,0.007940544813308683,0.7333333333333333,,legacy,unknown,64928.5,0.1102425335738625,1,1786326020620
215,1786239359612,1786325759612,64857.6,0.8,15,0.7158881841964284,0.41810664033571954,0.9308156925819426,21,0.033773861967694566,1.1449138292259866,1,0.8510337659543866,0.7235912485830965,24,0.0050993297081200015,0.8,,legacy,unknown,64928.5,0.10931641010460062,1,1786326020865
216,1786239769460,1786326169460,64851,0.8666666666666667,15,0.7573427768199658,0.5603541686015913,0.9308156925819426,21,0.033773861967694566,1.1926198567728479,1,0.907343848503485,0.9005646026783631,24,0.002765827959118651,0.8666666666666667,,legacy,unknown,64935,0.12952768654299857,1,1786331912717
217,1786244404710,1786330804710,64798,0.9333333333333333,15,0.8685781813658392,0.5603541686015913,0.9376361486276196,21,0.03513909224011713,1.2165721967300676,1,0.90901642904364,0.9049787832406198,24,-0.016464685292277514,0.9333333333333333,,legacy,unknown,65067,0.4151362696379518,1,1786331913097
218,1786244404854,1786287604854,64798,0.8666666666666667,15,0.9598807138530359,0.5247515556793907,1.1078134916190645,21,0.05823863636363636,1.2165721967300676,1,0.8614692509456471,0.9183427910479044,12,-0.016464685292277514,0.8666666666666667,,legacy,unknown,65224,0.6574276983857527,1,1786287655140
219,1786247051815,1786333451815,64767,0.5333333333333333,15,0.24172068174469985,-0.5291250870271524,0.6160704611240965,21,0.03498542274052478,0.5414122280889451,0,0.5893672095594572,0.31807905199968817,24,-0.024202758544620246,0.5333333333333333,,legacy,unknown,65012,0.3782790618679266,1,1786340833579
220,1786249540709,1786335940709,64783.5,0.8666666666666667,15,0.7573427768199658,0.5603541686015913,0.9308156925819426,21,0.03498542274052478,1.1947928327110409,1,0.9056779922410553,0.9005646026783631,24,-0.027313424920514025,0.8666666666666667,,legacy,unknown,65012,0.35271326803892966,1,1786340833838
221,1786254932125,1786341332125,64765,0.8666666666666667,15,0.9049787832406198,0.5603541686015913,0.9376361486276196,21,0.03773584905660377,1.3050998620636074,1,0.7195690915518849,0.8685781813658392,24,-0.03082250344820082,0.8666666666666667,,legacy,unknown,65135,0.5712962248127846,1,1786352403119
222,1786254995540,1786341395540,64765,0.8666666666666667,15,0.9049787832406198,0.5603541686015913,0.9376361486276196,21,0.002902757619738752,1.331471095556455,1,0.6748203865658532,0.7235912485830965,24,-0.031450672134600725,0.8666666666666667,,legacy,unknown,65135,0.5712962248127846,1,1786352403137
223,1786255004068,1786298204068,64766,0.8666666666666667,15,0.9183427910479044,0.5247515556793907,1.1078134916190645,21,0.014184397163120567,1.3313535671100345,1,0.6744237031139659,0.9044913209309566,12,-0.032078266913167425,0.8666666666666667,,legacy,unknown,65162,0.6114319241577371,1,1786298457110
224,1786255029911,1786298229911,64765,0.8,15,0.9183427910479044,0.5247515556793907,1.1078134916190645,21,0.014184397163120567,1.3312419039633128,1,0.6740376854854582,0.9044913209309566,12,-0.032944559168981744,0.8,,legacy,unknown,65162,0.6129854087856096,1,1786298457369
225,1786255036475,1786298236475,64766,0.8666666666666667,15,0.9598807138530359,0.5247515556793907,1.1078134916190645,21,0.00851063829787234,1.304529467998575,1,0.6288589943138391,0.9044913209309566,12,-0.03177410538404807,0.8666666666666667,,legacy,unknown,65162,0.6114319241577371,1,1786298457631
226,1786255204286,1786341604286,64776,1,15,0.9308156925819426,0.7573427768199658,1.0293888975276007,21,0.002902757619738752,1.1445700244683619,1,0.8711314024318464,0.9049787832406198,24,-0.02771583951151922,1,,legacy,unknown,65135,0.5542176114610349,1,1786352403147
227,1786255204468,1786298404468,64776,1,15,0.9598807138530359,0.8540240058384188,1.1078134916190645,21,0.0028368794326241137,1.1445700244683619,1,0.8278303108020998,0.9044913209309566,12,-0.02771583951151922,1,,legacy,unknown,65162,0.5958997159441769,1,1786298457895
228,1786256738514,1786343138514,64809,1,15,0.9308156925819426,0.7573427768199658,1.0293888975276007,21,0.002902757619738752,1.1443466022543387,1,0.8708948179819207,0.9049787832406198,24,-0.02488512510223619,1,,legacy,unknown,65135,0.5030165563424833,1,1786352403159
229,1786257298765,1786300498765,64821,1,15,0.9598807138530359,0.8540240058384188,1.1078134916190645,21,0.0028368794326241137,1.1509668891749687,1,0.8306298928118072,0.9044913209309566,12,-0.014830188393778363,1,,legacy,unknown,65162,0.5260640841702534,1,1786309253659
230,1786257298989,1786343698989,64821,1,15,0.9308156925819426,0.7573427768199658,1.0293888975276007,21,0.002902757619738752,1.1509668891749687,1,0.8729838214753907,0.9049787832406198,24,-0.014830188393778363,1,,legacy,unknown,65135,0.484410916215424,1,1786352403172
231,1786257303150,1786343703150,64823,1,15,0.9308156925819426,0.7235912485830965,1.0293888975276007,21,0.002902757619738752,1.162420019806607,1,0.8306514787280284,0.8685781813658392,24,-0.008756077262696515,1,,legacy,unknown,65135,0.48131064591271616,1,1786352403187
232,1786263297454,1786349697454,64894,1,15,0.9308156925819426,0.7235912485830965,1.0293888975276007,21,0.002890173410404624,1.1639852385870844,1,0.9571627190794777,0.9308156925819426,24,0.004006350502695653,0.9375,,legacy,unknown,65219,0.5008167164915092,1,1786352403198
233,1786263297583,1786306497583,64894,1,15,0.9183427910479044,0.7868138703156585,1.0713397188705063,21,0.0028368794326241137,1.1639852385870844,1,0.8706940503512767,0.9183427910479044,12,0.004006350502695653,1,,legacy,unknown,65106,0.3266865966036922,1,1786309253930
234,1786263303785,1786349703785,64893.2,0.8666666666666667,15,0.9005646026783631,0.5603541686015913,0.9376361486276196,21,0.002890173410404624,1.1474716518755412,1,0.8616892129126623,0.9005646026783631,24,0.009156191086224584,0.75,,legacy,unknown,65219,0.5020556853414578,1,1786352403207
235,1786266015734,1786309215734,64791,0.8666666666666667,15,1.0713397188705063,0.5247515556793907,1.1405365033920458,21,0.014164305949008499,1.2549947246391926,1,0.8589400981780518,0.9183427910479044,12,0.010705151279560133,0.8666666666666667,,legacy,unknown,65106,0.4861786359216557,1,1786309254185
236,1786266016045,1786352416045,64791,0.9333333333333333,15,0.9049787832406198,0.7158881841964284,0.9376361486276196,21,0.002890173410404624,1.3005424630583766,1,0.8669073788668792,0.9049787832406198,24,0.010990042939533996,0.75,,legacy,unknown,65219,0.6605855751570434,1,1786354462986
237,1786274412378,1786360812378,64953,0.5333333333333333,15,0.0986558145270687,-0.13577638353976976,0.6160704611240965,21,0.017266187050359712,0.8987603341389961,1,0.5859408852913846,0.10081608617771604,24,0.017394218080070002,0.6875,,legacy,unknown,65106,0.23555493972564778,1,1786363203637
238,1786274412767,1786317612767,64953,0.4,15,-0.198458485254073,-0.4798538767549494,0.34198387636181166,21,0.032577903682719546,0.8987603341389961,1,0.5129064851427565,0.016942626107046593,12,0.017394218080070002,0.4,,legacy,unknown,65018,0.10007236001416409,1,1786320053464
239,1786274417477,1786360817477,64953,0.5333333333333333,15,0.31807905199968817,-0.13577638353976976,0.927681263013954,21,0.017266187050359712,0.9540160437429105,1,0.6311560266378508,0.45724954116828054,24,0.02012854087747026,0.6875,,legacy,unknown,65106,0.23555493972564778,1,1786363203686
240,1786276816029,1786363216029,64918,1,15,0.9308156925819426,0.7235912485830965,0.9769157729246744,21,0.01867816091954023,1.187175787463198,1,0.9571126527282242,0.9049787832406198,24,0.01778150767267587,0.9375,,legacy,unknown,65106,0.2895961058566191,1,1786374003461
241,1786276816088,1786320016088,64918,0.9333333333333333,15,0.9598807138530359,0.8540240058384188,1.1078134916190645,21,0.033946251768033946,1.1378028580523665,1,0.863208845281023,0.9183427910479044,12,0.01778150767267587,0.9333333333333333,,legacy,unknown,64840.3,-0.11968945438860885,0,1786320053887
242,1786277336216,1786363736216,64889,0.8666666666666667,15,0.9005646026783631,0.5603541686015913,0.9376361486276196,21,0.02442528735632184,1.130713781666131,1,0.8619442079721451,0.8685781813658392,24,0.017752202283466325,0.75,,legacy,unknown,65106,0.3344172355869254,1,1786374003489
243,1786277336335,1786320536335,64889,0.7333333333333333,15,1.0317681298288832,-0.3920302555114842,1.1405365033920458,21,0.039603960396039604,0.678632771877971,1,0.6923868901780418,1.0317681298288832,12,0.017752202283466325,0.7333333333333333,,legacy,unknown,64926,0.0570204503074481,1,1786326021121
244,1786285258132,1786371658132,65174,0.2,15,-0.13577638353976976,-0.2885902941312278,-0.024665854748947846,21,0.16045845272206305,0.33532945522448643,0,0.3115883537707366,-0.13577638353976976,24,0.029020834149743054,0.875,,legacy,unknown,64603,-0.8761162426734588,0,1786374003511
245,1786285259361,1786328459361,65174,0.8666666666666667,15,0.12622375469490796,0.09711431742508325,0.2108633082452171,21,0.17114568599717114,0.33532945522448643,0,0.8470506889750732,0.09927455580802623,12,0.029020834149743054,0.8666666666666667,,legacy,unknown,65067,-0.16417589836437843,0,1786331913356
246,1786285264613,1786371664613,65174,0.2,15,-0.13577638353976976,-0.2885902941312278,-0.024665854748947846,21,0.16045845272206305,0.34286065819703476,0,0.3051456043212117,-0.13577638353976976,24,0.03153767023343214,0.875,,legacy,unknown,64603,-0.8761162426734588,0,1786374003526
247,1786285274940,1786371674940,65174,0.2,15,-0.2339361292804925,-0.3016684110078187,-0.024665854748947846,21,0.1489971346704871,0.4555564412296903,0,0.29883099150684417,-0.13577638353976976,24,0.038207901251151734,0.875,,legacy,unknown,64603,-0.8761162426734588,0,1786374003545
248,1786285275065,1786328475065,65174,1,15,0.12622375469490796,0.09711431742508325,0.2108633082452171,21,0.15983026874115983,0.4555564412296903,0,0.8893493341318658,0.09927455580802623,12,0.038207901251151734,1,,legacy,unknown,65067,-0.16417589836437843,0,1786331913614
249,1786287656471,1786330856471,65224,1,15,0.12622375469490796,0.016942626107046593,0.17699932278519978,21,0.12129760225669958,0.5023517924002074,0,0.9378960114403524,0.09927455580802623,12,0.05085629921692634,1,,legacy,unknown,65067,-0.24070894149392863,0,1786331913871
250,1786287656860,1786374056860,65224,0.26666666666666666,15,-0.2339361292804925,-0.3016684110078187,0.0986558145270687,21,0.10744985673352435,0.5023517924002074,0,0.32713336056299114,-0.13577638353976976,24,0.05085629921692634,0.875,,legacy,unknown,64603,-0.952103520176622,0,1786384803331
251,1786288514406,1786331714406,65215,1,15,0.12622375469490796,0.016942626107046593,0.17699932278519978,21,0.12129760225669958,0.6110106783908225,0,0.9297553431978939,0.09927455580802623,12,0.05342500484443566,1,,legacy,unknown,65007,-0.3189450279843594,0,1786331914132
252,1786288514518,1786374914518,65215,0.26666666666666666,15,-0.2339361292804925,-0.3016684110078187,0.0986558145270687,21,0.10744985673352435,0.6110106783908225,0,0.29320372929015037,-0.13577638353976976,24,0.05342500484443566,0.875,,legacy,unknown,64603,-0.938434409261673,0,1786384803375
253,1786288518585,1786374918585,65213,0.26666666666666666,15,-0.2339361292804925,-0.3016684110078187,0.0986558145270687,21,0.10315186246418338,0.5700279666614174,0,0.29173733293513876,-0.13577638353976976,24,0.05024040066680288,0.875,,legacy,unknown,64603,-0.9353963166853234,0,1786384803428
254,1786298459532,1786384859532,65162,0.2,15,-0.026180026180026177,-0.26630133612462287,-0.010781671159029648,21,0.11505681818181818,0.5823671299826572,0,0.17724234175322817,-0.026180026180026177,24,0.0414410029714411,0.875,,legacy,unknown,63934,-1.8845339308185753,0,1786395603269
255,1786298459662,1786341659662,65162,1,15,0.12622375469490796,0.016942626107046593,0.17699932278519978,21,0.12745098039215685,0.5823671299826572,0,0.9326154042965175,0.09927455580802623,12,0.0414410029714411,1,,legacy,unknown,65135,-0.04143519228998496,0,1786352403208
256,1786309255491,1786395655491,65106,0.2,15,-0.026180026180026177,-0.26630133612462287,-0.010781671159029648,21,0.005673758865248227,0.5150337921412135,0,0.27700198664033976,-0.026180026180026177,24,0.025060901117068286,0.875,,legacy,unknown,64148,-1.4714465640647558,0,1786404751222
257,1786309255815,1786352455815,65106,1,15,0.12622375469490796,0.016942626107046593,0.17699932278519978,21,0.012379642365887207,0.5150337921412135,0,0.8764676423092796,0.09927455580802623,12,0.025060901117068286,1,,legacy,unknown,65219,0.17356311246275305,1,1786354463250
258,1786316395253,1786359595253,65044,1,15,0.12622375469490796,0.016942626107046593,0.17699932278519978,21,0.0273972602739726,0.5149783793284377,0,0.8720026303162038,0.09927455580802623,12,0.008916345805001825,1,,legacy,unknown,65106,0.0953200910153127,1,1786363203688
259,1786316395366,1786402795366,65044,0.2,15,-0.026180026180026177,-0.26630133612462287,-0.010781671159029648,21,0.014164305949008499,0.5149783793284377,0,0.2818498499012521,-0.026180026180026177,24,0.008916345805001825,0.875,,legacy,unknown,63952,-1.6788635385277657,0,1786404751489
260,1786316399081,1786402799081,65043,0.2,15,-0.026180026180026177,-0.26630133612462287,-0.010781671159029648,21,0.014164305949008499,0.6102396180355291,0,0.3936065567246413,-0.015401675702316412,24,0.000994703205430015,0.875,,legacy,unknown,63952,-1.677351905662408,0,1786404751753
261,1786316434536,1786402834536,65018,0.2,15,-0.026180026180026177,-0.26630133612462287,-0.010781671159029648,21,0.0028328611898017,0.6103182007662489,0,0.39367124614604876,-0.015401675702316412,24,-0.014945789291246948,0.875,,legacy,unknown,63952,-1.6395459718847087,0,1786404752002
262,1786316434762,1786359634762,65018,0.8666666666666667,15,0.17237398999615236,0.09711431742508325,0.34198387636181166,21,0.0136986301369863,0.44972843232016585,0,0.852139757230889,0.12622375469490796,12,-0.014945789291246948,0.8666666666666667,,legacy,unknown,65106,0.13534713463963824,1,1786363203726
263,1786316438469,1786402838469,65018,0.5333333333333333,15,0.0986558145270687,-0.13577638353976976,0.9005646026783631,21,0.0028328611898017,0.8460001429841086,1,0.5496252057755547,0.0986558145270687,24,-0.022358985383574555,0.6875,,legacy,unknown,63952,-1.6395459718847087,0,1786404752264
264,1786320450048,1786363650048,64926,0.6666666666666666,6,0.4487039179512836,-0.4778219921028777,0.6472241959899905,21,0.05327868852459016,0.7497371291952205,1,0.6219478175627154,0.010811311721006378,12,-0.038997796578399316,0.6666666666666666,,legacy,unknown,65106,0.2772387025228722,1,1786374003576
265,1786320450456,1786406850456,64926,0.4666666666666667,15,-0.06737383075066981,-1.5074057485288894,0.8047269789472017,21,0.032577903682719546,0.7497371291952205,1,0.5362791901723728,0.1152303839476393,24,-0.038997796578399316,0.6875,,legacy,unknown,63951,-1.5017096386655577,0,1786417207533
266,1786320453698,1786406853698,64926.3,0.5333333333333333,15,0.1152303839476393,-1.692052718806724,0.8805292763998978,21,0.032577903682719546,0.9530979636445993,1,0.4789299740366242,-0.06737383075066981,24,-0.03976805105441984,0.6875,,legacy,unknown,63951,-1.5021647621996062,0,1786417207660
267,1786320457960,1786406857960,64926,0.4,15,-0.5174966877094537,-1.7309369663763345,0.5838906078450943,21,0.032577903682719546,0.8595417867529965,1,0.4812536961567252,-0.06737383075066981,24,-0.038949433457466404,1,,legacy,unknown,63951,-1.5017096386655577,0,1786417207789
268,1786326022643,1786412422643,64928.5,0.4666666666666667,15,-0.010781671159029648,-0.13577638353976976,0.45724954116828054,21,0.032577903682719546,0.9171192428466551,1,0.5079766721058137,0.0986558145270687,24,-0.030490533628378988,0.6875,,legacy,unknown,64023,-1.394610995171612,0,1786417207915
269,1786326022701,1786369222701,64928.5,0.8666666666666667,15,0.6114319241577371,0.4861786359216557,0.6574276983857527,21,0.05327868852459016,0.4863202969674126,0,0.7908475064932712,0.5229625287320858,12,-0.030490533628378988,0.8666666666666667,,legacy,unknown,64603,-0.501320683521104,0,1786374003609
270,1786326028806,1786412428806,64935,0.3333333333333333,15,-0.10153689943231642,-0.13841469041247578,0.0986558145270687,21,0.032577903682719546,0.9280463900185727,1,0.4622159655136812,-0.010781671159029648,24,-0.022752127194779502,0.875,,legacy,unknown,64023,-1.4044814044814045,0,1786417208046
271,1786331915549,1786418315549,65007,0.5333333333333333,15,0.0922424130615257,-0.13577638353976976,0.6160704611240965,21,0.016973125884016973,1.1964901033406565,1,0.6550840524354051,0.17816550961479388,24,0.0015543674647769121,0.6875,,legacy,unknown,64119,-1.366006737735936,0,1786419040144
272,1786331915843,1786375115843,65007,0.9333333333333333,15,0.4861786359216557,0.10007236001416409,0.5446774367757564,21,0.036535859269282815,0.8793649622239704,1,0.9069426350103548,0.5229625287320858,12,0.0015543674647769121,0.9333333333333333,,legacy,unknown,64603,-0.6214715338348178,0,1786384803462
273,1786331925270,1786418325270,65012,0.6,15,0.17816550961479388,-0.13577638353976976,0.6160704611240965,21,0.016973125884016973,1.1959190833139037,1,0.6552153413397084,0.17816550961479388,24,0.006241350899209845,0.875,,legacy,unknown,64119,-1.3735925675259952,0,1786419040408
274,1786340835412,1786384035412,65051,1,15,0.5260640841702534,0.3266865966036922,0.5958997159441769,21,0.036048064085447265,0.7593188840436559,1,0.9141759363723185,0.5229625287320858,12,0.015462868813805373,1,,legacy,unknown,63934,-1.7171142641927102,0,1786384803494
275,1786340835448,1786427235448,65051,0.8,15,0.927681263013954,0.0922424130615257,0.9512115513141329,21,0.01692524682651622,1.403444970640703,1,0.8419856167998176,0.9049787832406198,24,0.015462868813805373,0.5,,legacy,unknown,63979,-1.647937771902046,0,1786428007616
276,1786340839393,1786384039393,65050.6,1,15,0.5260640841702534,0.3266865966036922,0.5958997159441769,21,0.036048064085447265,0.7579166579410607,1,0.9142198239847403,0.5229625287320858,12,0.018689963462133377,1,,legacy,unknown,63934,-1.7165099168954607,0,1786384803538
277,1786340839870,1786427239870,65050.6,0.8,15,0.927681263013954,0.0922424130615257,0.9512115513141329,21,0.01692524682651622,1.4021495035152443,1,0.8419988243916215,0.9049787832406198,24,0.018689963462133377,0.5,,legacy,unknown,63979,-1.6473329992344399,0,1786428007810
278,1786340844201,1786427244201,65050,0.8,15,0.927681263013954,0.0922424130615257,0.9512115513141329,21,0.01692524682651622,1.4015167963595583,1,0.8420054028999847,0.9049787832406198,24,0.01756643145089889,0.5,,legacy,unknown,63979,-1.6464258262874711,0,1786428007956
279,1786352403344,1786438803344,65219,0.2,15,-0.13577638353976976,-0.3016684110078187,-0.024665854748947846,21,0.013986013986013986,0.5528118815610648,0,0.46057411491294176,-0.024665854748947846,24,0.025943935411506185,0.8888888888888888,,legacy,unknown,64115,-1.6927582452966161,0,1786438807601
280,1786352403408,1786395603408,65219,0.6,15,0.09636456892398079,-0.198458485254073,0.2108633082452171,21,0.033288948069241014,0.5528118815610648,0,0.6789583914865635,0.09636456892398079,12,0.025943935411506185,0.6,,legacy,unknown,64148,-1.6421594933991628,0,1786404752529
281,1786354464786,1786397664786,65089,0.7333333333333333,15,0.09711431742508325,-0.04950878007271602,0.2108633082452171,21,0.037283621837549935,0.5557246124202052,0,0.7222231309459279,0.09636456892398079,12,0.024105316215493788,0.7333333333333333,,legacy,unknown,64148,-1.4457127932523162,0,1786404752787
282,1786354464920,1786440864920,65089,0.26666666666666666,15,-0.13577638353976976,-0.3016684110078187,0.0986558145270687,21,0.018156424581005588,0.5557246124202052,0,0.32351794325338074,-0.10153689943231642,24,0.024105316215493788,0.8888888888888888,,legacy,unknown,64115,-1.496412604280293,0,1786449620577
283,1786354470602,1786440870602,65089,0.3333333333333333,15,-0.13577638353976976,-0.2885902941312278,0.4151362696379518,21,0.018156424581005588,0.6228879253669962,0,0.47129705545121875,-0.024665854748947846,24,0.02319622003033225,0.8888888888888888,,legacy,unknown,64115,-1.496412604280293,0,1786449620605
284,1786363203864,1786406403864,65106,0.7333333333333333,15,0.10007236001416409,-0.198458485254073,0.17699932278519978,21,0.03718459495351926,0.5904966246865181,0,0.6787373135540714,0.10007236001416409,12,0.018995016113491504,0.7333333333333333,,legacy,unknown,63951,-1.7740300433139802,0,1786406407752
285,1786363203911,1786449603911,65106,0.3333333333333333,15,-0.13577638353976976,-0.2885902941312278,0.4151362696379518,21,0.030261348005502064,0.5904966246865181,0,0.4698715846989844,-0.024665854748947846,24,0.018995016113491504,0.8888888888888888,,legacy,unknown,64374,-1.1243203391392498,0,1786449620641
286,1786374003807,1786460403807,64603,0.5333333333333333,15,0.1152303839476393,-1.0912667436850159,1.2249460495878033,21,0.3155737704918033,0.615670299723849,0,0.59015544616275,0.2000200020002,24,-0.015495609845670355,0.6111111111111112,,legacy,unknown,63763,-1.3002492144327664,0,1786460420610
287,1786374003926,1786417203926,64603,0.9,10,0.2772387025228722,0.27677535913797197,0.40977601892649645,15,0.34595300261096606,0.2195303729517277,0,0.9373666191954744,0.2772387025228722,12,-0.015495609845670355,0.9,,legacy,unknown,64023,-0.8977911242511958,0,1786417208181
288,1786384803766,1786428003766,63934,0.7333333333333333,15,0.2772387025228722,-0.006147320536661083,0.8279910403954585,15,0.5645994832041343,0.6089170798204501,0,0.7553896131553566,0.2772387025228722,12,-0.07623097580841408,0.7333333333333333,,legacy,unknown,63979,0.07038508461851284,1,1786428008087
289,1786384803881,1786471203881,63934,0.2,15,-1.3196390625481198,-1.5571678912903126,-0.7532170254887404,15,0.543978349120433,0.9197003033019593,1,0.19449470789042447,-1.3196390625481198,24,-0.07623097580841408,0.8888888888888888,,legacy,unknown,63570,-0.5693371289141927,0,1786471220612
290,1786395603585,1786482003585,64148,0.4666666666666667,15,-0.12983986416752671,-2.380952380952381,1.138558162185763,15,0.5687583444592791,0,0,0.32971836816560546,-0.7450496699779986,24,-0.12364976867024119,0.8333333333333334,,legacy,unknown,63711,-0.6812371391157948,0,1786482020992
291,1786404754418,1786491154418,63952,1,15,0.5030165563424833,0.484410916215424,0.569743383874255,15,0.5672436750998668,0.6269652178299958,0,1,0.5030165563424833,24,-0.19947614142119086,0.4444444444444444,,legacy,unknown,63529,-0.661433575181386,0,1786492840284
292,1786404754652,1786447954652,63952,0.8666666666666667,15,0.5260640841702534,0.3266865966036922,0.6114319241577371,15,0.5849297573435505,0.6269652178299958,0,0.8828637924396496,0.5260640841702534,12,-0.19947614142119086,0.8666666666666667,,legacy,unknown,64374,0.6598699024268202,1,1786449620676
293,1786404755570,1786491155570,63952,1,15,0.5030165563424833,0.484410916215424,0.569743383874255,15,0.5672436750998668,0.6269652178299958,0,1,0.5030165563424833,24,-0.19947614142119086,0.4444444444444444,,legacy,unknown,63529,-0.661433575181386,0,1786492840381
294,1786404755938,1786447955938,63952,0.8666666666666667,15,0.5260640841702534,0.3266865966036922,0.6114319241577371,15,0.5849297573435505,0.6269652178299958,0,0.8828637924396496,0.5260640841702534,12,-0.19947614142119086,0.8666666666666667,,legacy,unknown,64374,0.6598699024268202,1,1786449620707
295,1786404763232,1786491163232,63951,1,15,0.5030165563424833,0.484410916215424,0.569743383874255,15,0.5672436750998668,0.6262941802080212,0,1,0.5030165563424833,24,-0.1827659348582911,0.4444444444444444,,legacy,unknown,63529,-0.6598802207940455,0,1786492840471
296,1786404777235,1786491177235,63951,0.5333333333333333,15,0.48131064591271616,-0.41018122836021087,0.5542176114610349,15,0.5659121171770972,0.9689584178307821,1,0.5494895878508617,0.48131064591271616,24,-0.15633273588103472,0.6111111111111112,,legacy,unknown,63529,-0.6598802207940455,0,1786492840560
297,1786404777337,1786447977337,63951,1,5,0.5260640841702534,0.5260640841702534,0.5446774367757564,15,0.5836526181353767,0.9689584178307821,1,1,0.5260640841702534,12,-0.15633273588103472,1,,legacy,unknown,64374,0.6614439179997186,1,1786449620763
298,1786404805291,1786491205291,63950.5,0.5333333333333333,15,0.48131064591271616,-0.41018122836021087,0.5542176114610349,15,0.47536617842876167,0.8957404153379667,1,0.5594373469690408,0.48131064591271616,24,-0.12804909627634858,0.6111111111111112,,legacy,unknown,63529,-0.6591035253829134,0,1786492840652
299,1786404805400,1786448005400,63950.5,1,5,0.5260640841702534,0.5260640841702534,0.5446774367757564,15,0.49680715197956576,0.8957404153379667,1,1,0.5260640841702534,12,-0.12804909627634858,1,,legacy,unknown,64374,0.6622309442459402,1,1786449620799
300,1786404809390,1786491209390,63950.5,0.5333333333333333,15,0.48131064591271616,-0.41018122836021087,0.5542176114610349,21,0.1810918774966711,0.8941784024472784,1,0.5873620676159822,0.484410916215424,24,-0.10944013880727527,0.6111111111111112,,legacy,unknown,63529,-0.6591035253829134,0,1786492840741
301,1786405809958,1786492209958,63928,0.4666666666666667,15,-0.09430848304805017,-0.41018122836021087,1.362470697440254,21,0.045272969374167776,1.0533031044854793,1,0.521993056790165,0.5030165563424833,24,-0.07704800193169478,0.8333333333333334,,legacy,unknown,63529,-0.6241396571142535,0,1786492840836
302,1786405814179,1786492214179,63941,0.4666666666666667,15,-0.09430848304805017,-0.41018122836021087,1.362470697440254,21,0.05059920106524634,1.0512437142517501,1,0.5220067559476516,0.5030165563424833,24,-0.06045679997237999,0.8333333333333334,,legacy,unknown,63529,-0.6443440046292677,0,1786492840928
303,1786406408638,1786492808638,63951,0.4666666666666667,15,-0.09430848304805017,-0.41018122836021087,1.362470697440254,21,0,0.9799628478309776,1,0.5271510244639617,0.484410916215424,24,-0.02620053154085404,0.8333333333333334,,legacy,unknown,63529,-0.6598802207940455,0,1786492841025
304,1786417208974,1786503608974,64023,0.4,15,-0.28181475595169825,-2.1098497878683635,1.362470697440254,21,0.010624169986719787,0.6742005405105698,1,0.45490966217730927,-0.28181475595169825,24,-0.003287315261814919,0.8888888888888888,,legacy,unknown,63759,-0.41235181106789753,0,1786503640318
305,1786419042158,1786505442158,64119,0.4,15,-0.28181475595169825,-2.1098497878683635,1.362470697440254,21,0.027888446215139442,0.9026940222872137,1,0.420694433607977,-0.12983986416752671,24,0.005251930824090223,0.8888888888888888,,legacy,unknown,63759,-0.5614560426706592,0,1786511154055
306,1786419044487,1786505444487,64118,0.4,15,-0.28181475595169825,-2.1098497878683635,1.362470697440254,21,0.027888446215139442,0.8753475923784102,1,0.5139003882641211,0.5271172543047908,24,0.020484002942553117,0.8888888888888888,,legacy,unknown,63759,-0.5599051748339,0,1786511154364
307,1786419048589,1786505448589,64119,0.4,15,-0.28181475595169825,-2.1098497878683635,1.362470697440254,21,0.027888446215139442,0.8742038619638395,1,0.513910231085114,0.5271172543047908,24,0.024559146393869045,0.8888888888888888,,legacy,unknown,63759,-0.5614560426706592,0,1786511154608
308,1786419722729,1786506122729,64138,0.4,15,-0.28181475595169825,-2.1098497878683635,1.362470697440254,21,0.027888446215139442,0.8719296141246995,1,0.5139285126564115,0.5271172543047908,24,0.030812250956931117,0.8888888888888888,,legacy,unknown,63759,-0.5909133431039322,0,1786511154851
309,1786419726910,1786506126910,64139,0.7333333333333333,15,0.6436991454067581,-0.0124888770938383,1.5234951517940742,21,0.027888446215139442,0.49980528354239295,0,0.6860093293524218,0.6436991454067581,24,0.03255588220527513,0.4444444444444444,,legacy,unknown,63759,-0.5924632438921716,0,1786511155092
310,1786428008845,1786471208845,63979,0.5714285714285714,7,0.010811311721006378,-2.235392943811835,0.6472241959899905,21,0.09113924050632911,0.3612770852489301,0,0.5223720528442801,0.010811311721006378,12,0.020788188441395128,0.5714285714285714,,legacy,unknown,63570,-0.6392722612107098,0,1786471220671
311,1786428009034,1786514409034,63979,0.4,15,-0.5174966877094537,-1.692052718806724,0.658442680914591,21,0.06919060052219321,0.3612770852489301,0,0.45441610180221115,-0.05152868430092751,24,0.020788188441395128,0.8888888888888888,,legacy,unknown,63822,-0.24539301958455118,0,1786514440187
312,1786436634761,1786523034761,64038,0.4,15,-0.5174966877094537,-1.692052718806724,0.666567732680369,21,0.06847545219638243,0.20051568676683781,0,0.4262444227946527,-0.5174966877094537,24,0.011943290934401544,0.8095238095238095,,legacy,unknown,63764,-0.4278709516224741,0,1786525240123
313,1786436638888,1786523038888,64039,0.13333333333333333,15,-1.3196390625481198,-1.5562171951256945,-0.9067637171143941,21,0.06847545219638243,0.5577136163074878,0,0.22871519061915585,-1.2296284853634047,24,0.00750310553463706,0.38095238095238093,,legacy,unknown,63764,-0.42942581864176516,0,1786525240219
314,1786438808344,1786525208344,64115,0.6,15,0.658442680914591,-1.5074057485288894,1.4534523366803025,21,0.05813953488372093,0.4575150925659998,0,0.5021676473676583,0.37116167365843766,24,0.0004795082698459252,0.7142857142857143,,legacy,unknown,63764,-0.547453793963971,0,1786525240308
315,1786438808344,1786482008344,64115,0.3,10,-0.3335608787389847,-0.8197357594199749,0.010811311721006378,21,0.07449494949494949,0.4575150925659998,0,0.3032553157610064,-0.6182453159658313,12,0.0004795082698459252,0.3,,legacy,unknown,63711,-0.6301177571551119,0,1786482021036
316,1786449620961,1786536020961,64374,0.8666666666666667,15,0.455453827206395,0.06339683325086591,0.6337331519723012,21,0.23431498079385404,0.457254133053057,0,0.7941275687545787,0.455453827206395,24,0.011991022334951036,0.8571428571428571,,legacy,unknown,64220,-0.23922701711871253,0,1786536041092
317,1786449621016,1786492821016,64374,0.8666666666666667,15,0.3950364827810568,0.017042901631470493,0.8562331921733486,21,0.23929471032745592,0.457254133053057,0,0.8276787177310674,0.30977015054829315,12,0.011991022334951036,0.8666666666666667,,legacy,unknown,63529,-1.3126417497747538,0,1786492841111
318,1786449925405,1786493125405,64389,0.8666666666666667,15,0.3950364827810568,0.017042901631470493,0.8562331921733486,21,0.23929471032745592,0.45589880670851896,0,0.8276760915903274,0.30977015054829315,12,0.02863834497873883,0.8666666666666667,,legacy,unknown,63529,-1.3356318625852241,0,1786496311322
319,1786449925580,1786536325580,64389,0.8666666666666667,15,0.455453827206395,0.06339683325086591,0.6337331519723012,21,0.23431498079385404,0.45589880670851896,0,0.7941556706662191,0.455453827206395,24,0.02863834497873883,0.8571428571428571,,legacy,unknown,64220,-0.26246719160104987,0,1786542784070
320,1786449940496,1786536340496,64397,0.8666666666666667,15,0.455453827206395,0.06339683325086591,0.6337331519723012,21,0.23431498079385404,0.4552254172140958,0,0.7941695349392401,0.455453827206395,24,0.037067909092326545,0.8571428571428571,,legacy,unknown,64220,-0.27485752441883937,0,1786542784330
321,1786460420835,1786503620835,63763,0.5,14,0.004637215197699942,-0.28685996298581123,0.6710786739238002,15,0.4969097651421508,0.06944089075671456,0,0.5620497941425007,0.004637215197699942,12,0.030178240931495254,0.5,,legacy,unknown,63759,-0.006273230556906043,0,1786503640411
322,1786460421824,1786546821824,63763,0.4666666666666667,15,-0.47592981175683485,-1.1735338437419138,1.4256103542665464,15,0.49363867684478374,0.06947363721810723,0,0.536757679939369,0.8805292763998978,24,0.021750414549979204,0.5714285714285714,,legacy,unknown,63301,-0.724558129322648,0,1786546840149
323,1786471220810,1786557620810,63570,0.4666666666666667,15,-0.47592981175683485,-1.1735338437419138,1.4256103542665464,15,0.5,0.06953909725445873,0,0.5367805450770058,0.8805292763998978,24,-0.014561025131842478,0.5714285714285714,,legacy,unknown,63468,-0.1604530438886267,0,1786557640329
324,1786471220864,1786514420864,63570,0.4444444444444444,9,-0.6928864673473436,-0.7529225282345948,0.8365102870285768,15,0.5012254901960784,0.06953909725445873,0,0.5075446919814427,0.5518520847745425,12,-0.014561025131842478,0.4444444444444444,,legacy,unknown,63769,0.31304074248859526,1,1786514440276
325,1786482021846,1786568421846,63711,0.4,15,-0.8616716173307386,-1.5562171951256945,0.39498383564500994,15,0.5139240506329114,0,0,0.5672440188200825,0.34668571057586184,24,-0.05480286362530941,0.8095238095238095,,legacy,unknown,63587,-0.19462887099558945,0,1786568440133
326,1786482021902,1786525221902,63711,0.5,6,0.257997143603053,-0.35298812118235673,0.3221133099069108,15,0.5188794153471377,0,0,0.5151711241514394,0.257997143603053,12,-0.05480286362530941,0.5,,legacy,unknown,63764,0.0831881464739213,1,1786525240405
327,1786488438531,1786531638531,63601,0.8666666666666667,15,1.0333489901362143,0.5937421462679066,1.1565462385006926,15,0.5164433617539586,0.2924632565447309,0,0.8779134483487993,1.0333489901362143,12,-0.10075130892974726,0.8666666666666667,,legacy,unknown,64046,0.6996745334192859,1,1786536041127
328,1786488438655,1786574838655,63601,0.6666666666666666,15,0.2619566751894088,-0.15325430832264722,0.5014919776906372,15,0.5113924050632911,0.2924632565447309,0,0.5613993033582056,0.16989307646747093,24,-0.10075130892974726,0.7142857142857143,,legacy,unknown,63466,-0.21226081350922155,0,1786579240130
329,1786488442338,1786574842338,63601,0.7333333333333333,15,0.5221728625983946,-0.15325430832264722,1.0709779179810726,15,0.46835443037974683,0.29242727060512697,0,0.6870964506204972,0.3283918183524113,24,-0.09911273552490235,0.5714285714285714,,legacy,unknown,63466,-0.21226081350922155,0,1786579240225
330,1786488474446,1786531674446,63601,0.8666666666666667,15,0.5937421462679066,0.20485394382936134,1.0333489901362143,15,0.47023086269744835,0.2923576794515628,0,0.8642375254305743,0.6593959995593536,12,-0.09302825394957116,0.8666666666666667,,legacy,unknown,64046,0.6996745334192859,1,1786536041260
331,1786488474567,1786574874567,63601,0.7333333333333333,15,0.5221728625983946,-0.15325430832264722,1.0709779179810726,15,0.46455696202531643,0.2923576794515628,0,0.6873252383829648,0.3283918183524113,24,-0.09302825394957116,0.5714285714285714,,legacy,unknown,63466,-0.21226081350922155,0,1786579240327
332,1786492841516,1786536041516,63529,0.6,15,0.17801096172764322,-0.15123639652000373,0.5355442097209862,15,0.4721549636803874,0.29521144113843845,0,0.7035668397209611,0.2303860523038605,12,-0.08664823240587989,0.6,,legacy,unknown,64220,1.0876922350422642,1,1786542784588
333,1786492841658,1786579241658,63529,0.8666666666666667,15,0.5225964463441648,0.11064532718290762,0.6705429991559599,15,0.4633838383838384,0.29521144113843845,0,0.9031593494946335,0.616792367389641,24,-0.08664823240587989,0.8571428571428571,,legacy,unknown,63466,-0.09916730941774622,0,1786579637555
334,1786496313271,1786582713271,63715,0.8666666666666667,15,0.5225964463441648,0.11064532718290762,0.6705429991559599,21,0.24621212121212122,0.5373069616826324,0,0.7593526613009772,0.5225964463441648,24,-0.07127304625699024,0.8571428571428571,,legacy,unknown,63553.8,-0.25300164796358326,0,1786585706692
335,1786496313457,1786539513457,63715,0.6,15,0.17801096172764322,-0.15123639652000373,0.5355442097209862,21,0.2639225181598063,0.5373069616826324,0,0.539256047431912,0.05300077942322681,12,-0.07127304625699024,0.6,,legacy,unknown,63887,0.26995213058149575,1,1786542784846
336,1786496317658,1786582717658,63714.6,0.5333333333333333,15,0.026505347843711995,-1.5876431261046646,0.6631382316313823,21,0.1717171717171717,0.537492693408117,0,0.6026390125866439,0.21787170469046657,24,-0.06086917462569287,0.5714285714285714,,legacy,unknown,63553.8,-0.2523754367130856,0,1786585706958
337,1786496331951,1786582731951,63717,0.5333333333333333,15,0.026505347843711995,-1.5876431261046646,0.6631382316313823,21,0.1275252525252525,0.5378649622501418,0,0.6024096395828913,0.21787170469046657,24,-0.032203937457532125,0.5714285714285714,,legacy,unknown,63553.8,-0.2561325862799521,0,1786585707212
338,1786496332077,1786539532077,63717,0.4,15,-0.2711589708426187,-1.4477829862445246,0.2303860523038605,21,0.14769975786924938,0.5378649622501418,0,0.4700390243413323,-0.15123639652000373,12,-0.032203937457532125,0.4,,legacy,unknown,63887,0.26680477737495484,1,1786542785120
339,1786496403372,1786582803372,63718,0.5333333333333333,15,0.21787170469046657,-1.5876431261046646,0.6631382316313823,21,0.0845959595959596,0.5732186868170043,0,0.570155585468439,0.21787170469046657,24,-0.0001592448831961511,0.5714285714285714,,legacy,unknown,63553.8,-0.2576979817320021,0,1786585707468
340,1786496403560,1786539603560,63718,0.4,15,-0.43574340938093314,-1.4477829862445246,0.2303860523038605,21,0.10290556900726393,0.5732186868170043,0,0.4412573556291202,-0.33489618218352313,12,-0.0001592448831961511,0.4,,legacy,unknown,63887,0.2652311748642456,1,1786542785386
341,1786496407075,1786582807075,63717,0.5333333333333333,15,0.11064532718290762,-1.5876431261046646,0.6631382316313823,21,0.0845959595959596,0.5384302480407299,0,0.6233683814833664,0.21787170469046657,24,0.017396441542433257,0.5714285714285714,,legacy,unknown,63553.8,-0.2561325862799521,0,1786585707721
342,1786496427569,1786539627569,63724,0.4666666666666667,15,-0.33489618218352313,-1.4477829862445246,0.4938925588931821,21,0.10290556900726393,0.5388072209430194,0,0.45427936885706816,-0.2711589708426187,12,0.01927132806095815,0.4666666666666667,,legacy,unknown,63887,0.25579059694934403,1,1786542785668
343,1786496428129,1786582828129,63724,0.5333333333333333,15,0.11064532718290762,-1.5876431261046646,0.6631382316313823,21,0.0845959595959596,0.5388072209430194,0,0.6230795352424275,0.21787170469046657,24,0.01927132806095815,0.5714285714285714,,legacy,unknown,63553.8,-0.26708932270415714,0,1786585707978
344,1786496431643,1786539631643,63723,0.4,15,-0.512187885507269,-1.4477829862445246,0.2303860523038605,21,0.0774818401937046,0.5525697584250837,0,0.4381632857185458,-0.15123639652000373,12,0.015255282547307299,0.4,,legacy,unknown,63887,0.25736390314329205,1,1786542785922
345,1786496432178,1786582832178,63723,0.6,15,0.11064532718290762,-1.5876431261046646,0.6705429991559599,21,0.06565656565656566,0.5525697584250837,0,0.6503149671323725,0.22637856741397613,24,0.015255282547307299,0.7142857142857143,,legacy,unknown,63553.8,-0.26552422202344067,0,1786585708230
346,1786496435551,1786539635551,63724,0.7333333333333333,15,0.3300020331878822,-0.035889833814465165,0.5657995230450302,21,0.0774818401937046,0.7727740446080947,1,0.7632371023011125,0.4938925588931821,12,0.015335530686914256,0.7333333333333333,,legacy,unknown,63887,0.25579059694934403,1,1786542786180
347,1786503640857,1786546840857,63759,0.8,15,0.43800171459745924,0.14829384034216853,0.5361469323954671,21,0.00842358604091456,0.6661497904531396,1,0.8167763616721802,0.43800171459745924,12,0.01327399948527779,0.8,,legacy,unknown,63301,-0.7183299612603711,0,1786557640418
348,1786503640970,1786590040970,63759,1,15,0.6885568410698394,0.3831777162608111,0.8070547176866508,21,0.006297229219143577,0.6661497904531396,1,1,0.6631382316313823,24,0.01327399948527779,0.6470588235294118,,legacy,unknown,63526,-0.36543860474599665,0,1786597713257
349,1786511156567,1786597556567,63700.5,0.5333333333333333,15,0.11064532718290762,-1.711502711671711,0.6631382316313823,21,0.021013597033374538,0.5271169360051896,0,0.623028095505502,0.25723372412072837,24,0.008451916590110627,0.5714285714285714,,legacy,unknown,63848.1,0.23170932724232707,1,1786597713500
350,1786511156793,1786554356793,63700.5,0.3333333333333333,15,-0.43574340938093314,-1.4810490251809063,0.17867963518279703,21,0.02286401925391095,0.5271169360051896,0,0.36295776837749405,-0.2711589708426187,12,0.008451916590110627,0.3333333333333333,,legacy,unknown,63468,-0.36498928579838463,0,1786557640582
351,1786511164286,1786597564286,63702.9,0.5333333333333333,15,0.11064532718290762,-1.711502711671711,0.6631382316313823,21,0.021013597033374538,0.5273580826429776,0,0.6228181738482546,0.25723372412072837,24,0.006138955803779213,0.5714285714285714,,legacy,unknown,63848.1,0.22793310822583757,1,1786597713747
352,1786514396564,1786557596564,63824,0.4666666666666667,15,-0.03417847377578921,-0.6301177571551119,0.48211074595399017,21,0.062424969987995196,0.4369663237731152,0,0.516803226286244,0.013975589304015653,12,0.005204108890454351,0.4666666666666667,,legacy,unknown,63468,-0.5577839057407872,0,1786557640672
353,1786514396841,1786600796841,63824,0.8,15,0.4844870958725427,0.21480451244011745,1.1254418056675142,21,0.0519159456118665,0.4369663237731152,0,0.6660059924655602,0.46762366393238874,24,0.005204108890454351,0.5714285714285714,,legacy,unknown,63844,0.031336174479819505,1,1786600840211
354,1786514400910,1786600800910,63822,0.8,15,0.4844870958725427,0.21480451244011745,1.1254418056675142,21,0.0519159456118665,0.40845912561201314,0,0.6339225518075806,0.46762366393238874,24,0.008468725729393943,0.5714285714285714,,legacy,unknown,63844,0.03447087211306446,1,1786600840302
355,1786514440813,1786600840813,63769,0.8,15,0.4844870958725427,0.21480451244011745,1.1254418056675142,21,0.0519159456118665,0.3925637148176973,0,0.719290574075464,0.46762366393238874,24,0.007632797072079597,0.5714285714285714,,legacy,unknown,63844,0.11761200583355548,1,1786604973277
356,1786514441294,1786557641294,63769,0.5333333333333333,15,0.013975589304015653,-1.3126417497747538,0.8094289200920648,21,0.062424969987995196,0.3925637148176973,0,0.4712099345048231,-0.03417847377578921,12,0.007632797072079597,0.5333333333333333,,legacy,unknown,63468,-0.4720161834120027,0,1786568440226
357,1786525241010,1786611641010,63764,0.13333333333333333,15,-1.5017096386655577,-2.6245954196131365,-1.3002492144327664,21,0.06349206349206349,0.479326381374323,0,0.15564608817128572,-1.5017096386655577,24,0.011208687050889286,0.30434782608695654,,legacy,unknown,63737.2,-0.042029985571800564,0,1786622440167
358,1786525241149,1786568441149,63764,0.4,15,-0.4778219921028777,-0.8977911242511958,0.40977601892649645,21,0.06227544910179641,0.479326381374323,0,0.37812606163044143,-0.4778219921028777,12,0.011208687050889286,0.4,,legacy,unknown,63587,-0.27758609873910045,0,1786579240425
359,1786530429734,1786616829734,64046,0.8,15,0.4844870958725427,0.21480451244011745,1.1254418056675142,21,0.2490842490842491,0.4093046384774982,0,0.7309228685440883,0.37116167365843766,24,0.02355887617172018,0.13043478260869565,,legacy,unknown,63737.2,-0.48215345220623135,0,1786622440277
360,1786530429968,1786573629968,64046,0.4666666666666667,15,-0.4008638771927099,-1.3356318625852241,0.8094289200920648,21,0.25269461077844313,0.4093046384774982,0,0.526127154734826,0.013975589304015653,12,0.02355887617172018,0.4666666666666667,,legacy,unknown,63587,-0.7166723917184523,0,1786579240516
361,1786530433682,1786616833682,64046,0.8,15,0.455453827206395,0.0046267735965453425,0.6810196721818942,21,0.2490842490842491,0.8413385935520515,1,0.7113790175220244,0.2519242063614726,24,0.027341500922769737,0.13043478260869565,,legacy,unknown,63737.2,-0.48215345220623135,0,1786622440432
362,1786536041814,1786579241814,64220,0.6,15,0.017042901631470493,-1.3126417497747538,0.8562331921733486,21,0.26642771804062126,0.7611617873159974,1,0.5518137378178808,0.017042901631470493,12,0.04577004438074641,0.6,,legacy,unknown,63466,-1.174089068825911,0,1786579637808
363,1786536041944,1786622441944,64220,0.8,15,0.455453827206395,0.0046267735965453425,0.6810196721818942,21,0.25943970767356883,0.8996781662347976,1,0.7094809632599175,0.2519242063614726,24,0.04577004438074641,0.13043478260869565,,legacy,unknown,63432,-1.2270320772345065,0,1786633240139
364,1786542788145,1786585988145,63887,0.6666666666666666,15,0.30977015054829315,-1.3126417497747538,0.8562331921733486,15,0.34323040380047504,0.6795456900999102,1,0.578336366279573,0.017042901631470493,12,0.050302330789507244,0.6666666666666666,,legacy,unknown,63423,-0.7262823422605538,0,1786590040200
365,1786542788372,1786629188372,63887,0.8666666666666667,15,0.4917576469860514,0.21480451244011745,0.6810196721818942,15,0.34382566585956414,0.9161572767860489,1,0.8540788524825106,0.4917576469860514,24,0.050302330789507244,0.9130434782608695,,legacy,unknown,63864,-0.03600106437929469,0,1786633240233
366,1786542801880,1786586001880,63856,0.3333333333333333,15,-0.5106343108779162,-1.3126417497747538,0.33103275975141316,15,0.34323040380047504,0.4347194891658546,0,0.31753987034914893,-0.5106343108779162,12,0.042130985185972046,0.3333333333333333,,legacy,unknown,63423,-0.6780881984465047,0,1786590040294
367,1786542802124,1786629202124,63856,0.4666666666666667,15,-0.04719949653870359,-0.547453793963971,0.37116167365843766,15,0.34382566585956414,0.4347194891658546,0,0.4314581855759985,-0.05152868430092751,24,0.042130985185972046,0.4782608695652174,,legacy,unknown,63864,0.012528188423953897,1,1786633240323
368,1786542808452,1786586008452,63871,0.4,15,-0.5106343108779162,-0.6301177571551119,0.33103275975141316,15,0.34085510688836107,0.5680738802237879,0,0.37523330905178137,-0.5106343108779162,12,0.025086363900327476,0.4,,legacy,unknown,63423,-0.701413787164754,0,1786590040386
369,1786542808670,1786629208670,63871,0.4,15,-0.24539301958455118,-0.547453793963971,0.37116167365843766,15,0.3414043583535109,0.5680738802237879,0,0.3731562792397888,-0.24539301958455118,24,0.025086363900327476,0.5652173913043478,,legacy,unknown,63864,-0.010959590424449281,0,1786633240510
370,1786542868991,1786629268991,63903.6,0.4,15,-0.05152868430092751,-0.547453793963971,0.37116167365843766,21,0.2639225181598063,0.502879333475923,0,0.3649031881750318,-0.24539301958455118,24,-0.009238457310608262,0.5652173913043478,,legacy,unknown,63864,-0.06196833981183931,0,1786633240646
371,1786542869220,1786586069220,63903.6,0.4,15,-0.5106343108779162,-0.6301177571551119,0.33103275975141316,21,0.2648456057007126,0.502879333475923,0,0.36085777226908744,-0.5106343108779162,12,-0.009238457310608262,0.4,,legacy,unknown,63423,-0.752070305898257,0,1786590040484
372,1786542875002,1786586075002,63888,0.4,15,-0.5106343108779162,-0.6301177571551119,0.33103275975141316,21,0.004750593824228029,0.5701714109732641,0,0.32092645039892864,-0.6182453159658313,12,-0.010345648496153041,0.4,,legacy,unknown,63423,-0.7278362133734034,0,1786590040573
373,1786542877279,1786629277279,63878,0.4,15,-0.24539301958455118,-0.547453793963971,0.37116167365843766,21,0.004842615012106538,0.5704481958807681,0,0.3221343584155766,-0.4278709516224741,24,-0.012551291856141518,0.5652173913043478,,legacy,unknown,63864,-0.021916778859701305,0,1786633240737
374,1786542879623,1786586079623,63870,0.3333333333333333,15,-0.5106343108779162,-1.3126417497747538,0.33103275975141316,21,0.0023752969121140144,0.4371687949826327,0,0.36207388228913945,-0.5106343108779162,12,-0.015079315310575355,0.3333333333333333,,legacy,unknown,63423,-0.6998590887740723,0,1786590040657
375,1786542881938,1786629281938,63870,0.4,15,-0.05152868430092751,-0.547453793963971,0.37116167365843766,21,0.002421307506053269,0.4373547148276131,0,0.3682198857212137,-0.24539301958455118,24,-0.013409648332474738,0.5652173913043478,,legacy,unknown,63864,-0.009394081728511038,0,1786633240828
376,1786542884478,1786586084478,63863,0.3333333333333333,15,-0.5106343108779162,-1.3126417497747538,0.33103275975141316,21,0.0023752969121140144,0.43754059015472874,0,0.36213134099055266,-0.5106343108779162,12,-0.01201468043766022,0.3333333333333333,,legacy,unknown,63423,-0.6889748367599392,0,1786590040757
377,1786542888775,1786629288775,63862,0.2,15,-0.547453793963971,-1.711502711671711,-0.05152868430092751,21,0.002421307506053269,0.7234072323963361,1,0.18948130108277142,-0.547453793963971,24,-0.010408860611046912,0.30434782608695654,,legacy,unknown,63864,0.0031317528420657043,1,1786633240929
378,1786542916116,1786629316116,63857,0.2,15,-0.547453793963971,-1.711502711671711,-0.05152868430092751,21,0,0.7241007204168582,1,0.18944423892284618,-0.547453793963971,24,-0.0032379195075627606,0.30434782608695654,,legacy,unknown,63864,0.010961993203564214,1,1786633241023
379,1786542974754,1786629374754,63857,0.26666666666666666,15,-0.4278709516224741,-1.049286579514528,0.0781934192418366,21,0,0.6401844263400687,1,0.31812847746184375,-0.4278709516224741,24,-0.004003972513259264,0.30434782608695654,,legacy,unknown,63864,0.010961993203564214,1,1786633241122
380,1786542979235,1786586179235,63856,0.26666666666666666,15,-0.6182453159658313,-1.3126417497747538,0.010811311721006378,21,0,0.6408320013147354,1,0.3192370449511018,-0.6182453159658313,12,-0.004950846392700872,0.26666666666666666,,legacy,unknown,63423,-0.6780881984465047,0,1786590040851
381,1786542979679,1786629379679,63856,0.26666666666666666,15,-0.4278709516224741,-1.049286579514528,0.0781934192418366,21,0,0.6408320013147354,1,0.31808302127945026,-0.4278709516224741,24,-0.004950846392700872,0.30434782608695654,,legacy,unknown,63864,0.012528188423953897,1,1786633241223
382,1786546840632,1786633240632,63301,0.5333333333333333,15,0.5225964463441648,-0.41018122836021087,2.1529287632689553,15,0.400726392251816,1.0197201161152534,1,0.5391546655281518,0.5225964463441648,24,-0.03247014874257925,0.6086956521739131,,legacy,unknown,63864,0.8894014312570102,1,1786644040386
383,1786546840770,1786590040770,63301,1,5,1.4547896150402866,0.733071223821682,1.4547896150402866,15,0.3981042654028436,1.0197201161152534,1,1,1.4547896150402866,12,-0.03247014874257925,1,,legacy,unknown,63526,0.3554446217279348,1,1786597713996
384,1786557641229,1786644041229,63468,0.4,15,-0.12983986416752671,-2.1098497878683635,1.138558162185763,15,0.42839951865222625,0.5591960426069487,0,0.3886028408937895,-0.12983986416752671,24,-0.05084678190623402,0.5652173913043478,,legacy,unknown,63109.6,-0.5646940190332158,0,1786654840184
385,1786557641229,1786600841229,63468,0.8,5,0.26995213058149575,0.25579059694934403,0.26995213058149575,15,0.4325581395348837,0.5591960426069487,0,0.7802094047959737,0.26995213058149575,12,-0.05084678190623402,0.8,,legacy,unknown,63844,0.5924245288964518,1,1786604973533
386,1786568440744,1786654840744,63587,0.4666666666666667,15,-0.09430848304805017,-2.1098497878683635,1.1727516990674887,15,0.44417767106842737,0.7601410971393864,1,0.464724385374216,-0.09430848304805017,24,-0.06286425700459301,0.4782608695652174,,legacy,unknown,63387.6,-0.31358611036847384,0,1786661431985
387,1786579241045,1786622441045,63466,0.8666666666666667,15,0.6996745334192859,0.0831881464739213,1.077630154821101,15,0.4574712643678161,0.6561940168326644,1,0.8797868174981257,0.6996745334192859,12,-0.08071510380090545,0.8666666666666667,,legacy,unknown,63432,-0.05357199130242965,0,1786633241316
388,1786579241192,1786665641192,63466,0.6,15,0.2619566751894088,-0.1604530438886267,0.9267403870319175,15,0.44550898203592815,0.6561940168326644,1,0.6307207880384429,0.2619566751894088,24,-0.08071510380090545,0.6086956521739131,,legacy,unknown,63498.4,0.05105095641761172,1,1786676440118
389,1786579639484,1786666039484,63497,0.6,15,0.2619566751894088,-0.1604530438886267,0.9267403870319175,15,0.4467065868263473,0.6065609913951957,0,0.6255078198186852,0.2619566751894088,24,-0.05321010625568416,0.6086956521739131,,legacy,unknown,63498.4,0.002204828574580618,1,1786676440209
390,1786579639614,1786622839614,63497,0.8666666666666667,15,0.6996745334192859,0.0831881464739213,1.0333489901362143,15,0.4586206896551724,0.6065609913951957,0,0.8805223377246293,0.6996745334192859,12,-0.05321010625568416,0.8666666666666667,,legacy,unknown,63432,-0.10236704096256515,0,1786633241410
391,1786579644407,1786666044407,63525,0.5333333333333333,15,0.05006962807654394,-0.3430396155426982,0.9267403870319175,15,0.4491017964071856,0.5614862375728681,0,0.5691118810188983,0.05006962807654394,24,-0.04555505767925924,0.6086956521739131,,legacy,unknown,63498.4,-0.04187327823691231,0,1786676440365
392,1786580767247,1786623967247,63587,0.8666666666666667,15,0.26680477737495484,0.25579059694934403,0.2705816249336909,15,0.46206896551724136,0.7451240825267569,1,0.8721527021946177,0.26680477737495484,12,-0.03230767503732656,0.8666666666666667,,legacy,unknown,63432,-0.24376051708682595,0,1786633241508
393,1786580767387,1786667167387,63587,0.2,15,-0.7532170254887404,-1.2296284853634047,-0.2119939663255738,15,0.4502994011976048,0.7451428817356454,1,0.20621626284003944,-0.7532170254887404,24,-0.03230767503732656,0.30434782608695654,,legacy,unknown,63498.4,-0.13933665686382207,0,1786676440460
394,1786580771576,1786667171576,63583.5,0.06666666666666667,15,-1.3196390625481198,-1.5571678912903126,-0.8616716173307386,21,0.1592814371257485,0.7538320398895588,1,0.19215542974952202,-0.9794243760989604,24,-0.0281629967472055,0.30434782608695654,,legacy,unknown,63498.4,-0.13383975402423356,0,1786676440553
395,1786581160220,1786667560220,63553.8,0.06666666666666667,15,-1.3196390625481198,-1.5571678912903126,-0.8616716173307386,21,0.09101796407185629,0.7522012945110306,1,0.23776938759841126,-0.9794243760989604,24,-0.012024725923421735,0.30434782608695654,,legacy,unknown,63498.4,-0.08717024001712163,0,1786676440645
396,1786581160378,1786624360378,63553.8,0.9333333333333333,15,0.26680477737495484,0.25579059694934403,0.2705816249336909,21,0.10459770114942529,0.7461469067390787,1,0.8641030064507782,0.26680477737495484,12,-0.012024725923421735,0.9333333333333333,,legacy,unknown,63432,-0.19164865043475435,0,1786633241610
397,1786581164435,1786667564435,63553.8,0.06666666666666667,15,-0.9794243760989604,-1.5571678912903126,-0.42942581864176516,21,0.09101796407185629,0.741832435349689,1,0.14733027240551985,-0.9794243760989604,24,-0.005251467051248222,0.30434782608695654,,legacy,unknown,63498.4,-0.08717024001712163,0,1786676440734
398,1786585710192,1786672110192,63414,0.13333333333333333,15,-0.9067637171143941,-1.3196390625481198,-0.24539301958455118,21,0.1015531660692951,0.7369773736359023,1,0.19438000806444292,-0.9067637171143941,24,0.00039295509652889215,0.30434782608695654,,legacy,unknown,63465,0.08042388116188855,1,1786676440825
399,1786585710416,1786628910416,63414,0.9333333333333333,15,0.26680477737495484,0.25579059694934403,0.2705816249336909,21,0.1145475372279496,0.7369773736359023,1,0.8506614631931808,0.26680477737495484,12,0.00039295509652889215,0.9333333333333333,,legacy,unknown,63864,0.7096224808401931,1,1786633241705
400,1786585732183,1786628932183,63423.8,0.8571428571428571,14,0.26680477737495484,0.25579059694934403,0.2705816249336909,21,0.07903780068728522,0.7478427696312093,1,0.8711314514681603,0.26680477737495484,12,0.000507216347927278,0.8571428571428571,,legacy,unknown,63864,0.694061219920593,1,1786633241801
401,1786585732292,1786672132292,63423.8,0.26666666666666666,15,-0.9880230488430326,-1.5651253967266163,0.5746891639770669,21,0.06690561529271206,0.7638636426684091,1,0.29017352722292844,-0.9880230488430326,24,0.000507216347927278,0.30434782608695654,,legacy,unknown,63465,0.06495984157366334,1,1786676440915
402,1786585736552,1786628936552,63423,0.8666666666666667,15,0.26680477737495484,0.25579059694934403,0.2967126126408992,21,0.06987399770904926,0.7453428587831329,1,0.871156613897529,0.26680477737495484,12,-0.014620905938242335,0.8666666666666667,,legacy,unknown,63864,0.6953313466723429,1,1786633241896
403,1786585736708,1786672136708,63423,0.26666666666666666,15,-0.9067637171143941,-1.3196390625481198,0.5746891639770669,21,0.06212664277180406,0.7465592511520316,1,0.24289549877617997,-0.9067637171143941,24,-0.014620905938242335,0.30434782608695654,,legacy,unknown,63465,0.0662220330164136,1,1786676441005
404,1786590041475,1786676441475,63526,0.3333333333333333,15,-0.2640380214750924,-1.7809533966087234,0.8734023128423616,21,0.07646356033452807,0.6845472396824076,1,0.3801253538783395,-0.2640380214750924,24,-0.018548046947499376,0.782608695652174,,legacy,unknown,63465,-0.09602367534552782,0,1786684305892
405,1786597715724,1786640915724,63848.1,0.9333333333333333,15,0.2652311748642456,0.25579059694934403,0.26995213058149575,21,0.3136818687430478,0.8031614944451457,1,0.7768972161078316,0.2652311748642456,12,0.0077956603794841935,0.9333333333333333,,legacy,unknown,63109.6,-1.1566514900208462,0,1786644040484
406,1786597715939,1786684115939,63848.1,0.26666666666666666,15,-0.9067637171143941,-1.356887629374076,0.0781934192418366,21,0.28199052132701424,0.8031614944451457,1,0.33466992025053016,-0.8616716173307386,24,0.0077956603794841935,0.30434782608695654,,legacy,unknown,63351,-0.7785666292340705,0,1786684306136
407,1786597721130,1786684121130,63848.1,0.26666666666666666,15,-0.7284442398946216,-1.0562492117543196,0.0781934192418366,21,0.28080568720379145,0.3174772740888095,0,0.28241692797539897,-0.47764676209092627,24,0.02971599678447871,0.30434782608695654,,legacy,unknown,63351,-0.7785666292340705,0,1786684306402
408,1786597721301,1786640921301,63848.1,0.2,15,-0.6796435786209812,-0.701413787164754,-0.2423995996496935,21,0.3125695216907675,0.3174772740888095,0,0.14955808030408407,-0.687419748833422,12,0.02971599678447871,0.2,,legacy,unknown,63109.6,-1.1566514900208462,0,1786644040585
409,1786597725036,1786684125036,63848.1,0.26666666666666666,15,-0.7284442398946216,-1.0562492117543196,0.0781934192418366,21,0.2618483412322275,0.3176997397226227,0,0.2823373195450719,-0.47764676209092627,24,0.05260495590727558,0.30434782608695654,,legacy,unknown,63351,-0.7785666292340705,0,1786684306649
410,1786597725196,1786640925196,63848.1,0.2,15,-0.6796435786209812,-0.701413787164754,-0.2423995996496935,21,0.28809788654060065,0.3176997397226227,0,0.14932929046235593,-0.687419748833422,12,0.05260495590727558,0.2,,legacy,unknown,63109.6,-1.1566514900208462,0,1786644040680
411,1786597774387,1786640974387,63819,0.26666666666666666,15,-0.7262823422605538,-1.3356318625852241,0.8094289200920648,21,0.2925472747497219,0.6627715894092818,1,0.3716314116954552,-0.7262823422605538,12,0.06773619165350327,0.26666666666666666,,legacy,unknown,63109.6,-1.1115811905545394,0,1786644040779
412,1786597774535,1786684174535,63819,0.3333333333333333,15,-0.07252414899854952,-0.27485752441883937,0.2093250430279255,21,0.26421800947867297,0.6627715894092818,1,0.25515143075872393,-0.26246719160104987,24,0.06773619165350327,0.782608695652174,,legacy,unknown,63351,-0.7333239317444648,0,1786684306912
413,1786597778637,1786684178637,63814,0.4,15,-0.04719949653870359,-0.47764676209092627,0.2519242063614726,21,0.26421800947867297,0.4599179031079284,0,0.3456986252899328,-0.05152868430092751,24,0.06298774782915598,0.5652173913043478,,legacy,unknown,63351,-0.7255461184066192,0,1786684307169
414,1786600840689,1786644040689,63844,0.35714285714285715,14,-0.13262394941784256,-1.2056782334384881,0.24068131325598618,21,0.2885682574916759,0.6681687895393579,1,0.4114281229838578,-0.13262394941784256,12,0.05440138893439307,0.35714285714285715,,legacy,unknown,63109.6,-1.1503038656725793,0,1786654840275
415,1786600840806,1786687240806,63844,0.5333333333333333,15,0.2050473186119874,-0.5610729759992211,1.4534523366803025,21,0.2727272727272727,0.6681687895393579,1,0.5708816152717316,0.37116167365843766,24,0.05440138893439307,0.6086956521739131,,legacy,unknown,63372,-0.7393020487438131,0,1786688496514
416,1786604975447,1786691375447,63845,0.2,15,-0.2886292426183457,-1.0977418319140153,-0.04090880483353264,21,0.2692307692307692,0.6418881483344278,1,0.2846934498122834,-0.2442266670788636,24,0.04542549855618264,0.34615384615384615,,legacy,unknown,63235,-0.955438953716031,0,1786698040136
417,1786604975919,1786648175919,63845,0.4,15,-0.6182453159658313,-1.2056782334384881,0.8094289200920648,21,0.28523862375138737,0.6418881483344278,1,0.5030793678070513,0.004637215197699942,12,0.04542549855618264,0.75,,legacy,unknown,63109.6,-1.1518521419061813,0,1786654840365
418,1786604980932,1786691380932,63845,0.3333333333333333,15,-0.07252414899854952,-1.049286579514528,0.2093250430279255,21,0.005827505827505828,0.5919606200611114,0,0.24279668326174847,-0.2886292426183457,24,0.03884640015212152,0.8076923076923077,,legacy,unknown,63235,-0.955438953716031,0,1786698040231
419,1786611640490,1786698040490,63737.2,0.2,15,-1.020866574752529,-1.3715235740735359,-0.010781671159029648,21,0.04186046511627907,0.3021245855149434,0,0.3296468364547139,-0.026180026180026177,24,0.02289961195607692,0.34615384615384615,,legacy,unknown,62917,-1.2868466139083568,0,1786698040645
420,1786611640876,1786654840876,63737.2,0.6,15,0.00154000154000154,-0.4778219921028777,0.40977601892649645,21,0.05537098560354374,0.3021245855149434,0,0.5795906381422415,0.00154000154000154,12,0.02289961195607692,0.5833333333333334,,legacy,unknown,63387.6,-0.548502287518119,0,1786661432244
421,1786622440830,1786665640830,63432,0.6666666666666666,15,0.25736390314329205,-0.6796435786209812,0.26680477737495484,21,0.2718232044198895,0.6106088702747426,0,0.5554713038059953,0.25579059694934403,12,-0.008498950751432477,0.6666666666666666,,legacy,unknown,63498.4,0.10467902635893786,1,1786676441097
422,1786622440950,1786708840950,63432,0.06666666666666667,15,-0.26552422202344067,-0.42942581864176516,-0.2561325862799521,21,0.2684331797235023,0.6106088702747426,0,0.16740027411803943,-0.2576979817320021,24,-0.008498950751432477,0.34615384615384615,,legacy,unknown,62878,-0.8733762138983479,0,1786709677503
423,1786633242569,1786719642569,63864,0.4,15,-0.04719949653870359,-0.85067987906226,0.21480451244011745,15,0.42758620689655175,0.4801859485521379,0,0.3939695329254742,-0.04719949653870359,24,-0.01859774399039512,0.5384615384615384,,legacy,unknown,62631,-1.9306651634723788,0,1786730440166
424,1786633242721,1786676442721,63864,0,15,-0.7278362133734034,-0.737624482935102,-0.6998590887740723,15,0.4443231441048035,0.36436544236906687,0,0,-0.7278362133734034,12,-0.01859774399039512,0.5833333333333334,,legacy,unknown,63465,-0.6247651258925216,0,1786684307421
425,1786644041439,1786687241439,63109.6,0,15,-0.7278362133734034,-0.737624482935102,-0.6998590887740723,9,0.6904761904761905,0.3636771815773509,0,0,-0.6998590887740723,12,-0.05905539907268202,0.5833333333333334,,legacy,unknown,63372,0.4157846032933206,1,1786688496767
426,1786644041440,1786730441440,63109.6,0.4,15,-0.04719949653870359,-0.85067987906226,0.21480451244011745,9,0.6731428571428572,0.48053642119721235,0,0.3388761810600868,-0.04719949653870359,24,-0.05905539907268202,0.5384615384615384,,legacy,unknown,62983,-0.20060339472916724,0,1786741240586
427,1786654840938,1786741240938,63387.6,0.7333333333333333,15,0.666567732680369,-0.4030769230769231,3.2269412818216705,9,0.6925638179800222,0,0,0.5425343194033813,0.17707435555903783,24,-0.07277159063386268,0.5384615384615384,,legacy,unknown,62909.9,-0.7536174267522309,0,1786752040225
428,1786654840940,1786698040940,63387.6,0.875,8,3.0935573513910626,0.6472241959899905,3.2093514135857744,9,0.7037433155080214,0,0,,,12,-0.07277159063386268,0.6666666666666666,,legacy,unknown,62917,-0.7424164978639333,0,1786708840137
429,1786661433732,1786747833732,63534,0.5333333333333333,15,0.0031317528420657043,-0.03756574004507889,0.012528188423953897,9,0.6943521594684385,0.4858052853093535,0,0.8986681782763789,0.010961993203564214,24,-0.05539362941092167,0.46153846153846156,,legacy,unknown,63022,-0.8058677243680548,0,1786752040452
430,1786661433870,1786704633870,63534,0.06666666666666667,15,-0.687419748833422,-1.1566514900208462,-0.6780881984465047,9,0.7057569296375267,0.4420004366679543,0,0,-0.687419748833422,12,-0.05539362941092167,0.5833333333333334,,legacy,unknown,62878,-1.0325180218465704,0,1786708840235
431,1786661437531,1786747837531,63534,0.5333333333333333,15,0.0031317528420657043,-0.03756574004507889,0.012528188423953897,9,0.6943521594684385,0.4396699558238917,0,0.8972760438608343,0.010961993203564214,24,-0.06367027857776755,0.46153846153846156,,legacy,unknown,63022,-0.8058677243680548,0,1786752040547
432,1786664137575,1786750537575,63473,0.5333333333333333,15,0.0031317528420657043,-0.03756574004507889,0.012528188423953897,15,0.6301218161683277,0.4866536501902192,0,0.5758169434595811,0.0031317528420657043,24,-0.017225491374400874,0.46153846153846156,,legacy,unknown,63022,-0.7105383391363257,0,1786752040641
433,1786664137637,1786750537637,63473,0.5333333333333333,15,0.0031317528420657043,-0.03756574004507889,0.012528188423953897,15,0.6301218161683277,0.4866536501902192,0,0.5758169434595811,0.0031317528420657043,24,-0.017225491374400874,0.46153846153846156,,legacy,unknown,63022,-0.7105383391363257,0,1786752040735
434,1786664137839,1786707337839,63473,0.06666666666666667,15,-0.687419748833422,-1.1566514900208462,-0.6780881984465047,15,0.6446808510638298,0.4432277524344322,0,0.059198336544420416,-0.687419748833422,12,-0.017225491374400874,0.5833333333333334,,legacy,unknown,62878,-0.9374064562885006,0,1786708840330
435,1786664158617,1786750558617,63473,0,15,-0.26708932270415714,-1.5591657450818524,-0.2561325862799521,21,0.2724252491694352,0.7125816833057772,1,0.1866782119036021,-0.26708932270415714,24,-0.010881163168487234,0.34615384615384615,,legacy,unknown,63022,-0.7105383391363257,0,1786752040830
436,1786664159106,1786707359106,63473,0.26666666666666666,15,-0.19164865043475435,-0.24376051708682595,0.6953313466723429,21,0.2776595744680851,0.31121722545818226,0,0.32534232079376435,-0.1463990554899646,12,-0.010881163168487234,0.5833333333333334,,legacy,unknown,62878,-0.9374064562885006,0,1786708840426
437,1786664197257,1786707397257,63464,0.26666666666666666,15,-0.19164865043475435,-0.24376051708682595,0.6953313466723429,21,0.08191489361702127,0.31153118341343716,0,0.325344619452861,-0.1463990554899646,12,-0.000219821375998735,0.5833333333333334,,legacy,unknown,62878,-0.9233581242909366,0,1786708840526
438,1786664197503,1786750597503,63464,0,15,-0.26708932270415714,-1.5591657450818524,-0.2561325862799521,21,0.07973421926910298,0.7134890443451306,1,0.187045218543748,-0.26708932270415714,24,-0.000219821375998735,0.34615384615384615,,legacy,unknown,63022,-0.6964578343627884,0,1786752040926
439,1786664883761,1786751283761,63430,0.06666666666666667,15,-1.2129567560047052,-1.5591657450818524,-0.2576979817320021,21,0.021040974529346623,0.7107219511406931,1,0.0475691515173736,-0.724558129322648,24,-0.003547162405118979,0.34615384615384615,,legacy,unknown,63022,-0.6432287561090966,0,1786752041021
440,1786664883899,1786708083899,63430,0.26666666666666666,15,-0.19164865043475435,-0.24376051708682595,0.6953313466723429,21,0.02127659574468085,0.37475738743638315,0,0.1816050266530231,-0.19164865043475435,12,-0.003547162405118979,0.5833333333333334,,legacy,unknown,62878,-0.8702506700299543,0,1786708840630
441,1786664888091,1786751288091,63430,0.2,15,-0.26708932270415714,-0.9794243760989604,-0.2523754367130856,21,0.021040974529346623,0.6965245609010309,1,0.18830102697977816,-0.26708932270415714,24,0.001271705678149382,0.34615384615384615,,legacy,unknown,63022,-0.6432287561090966,0,1786752041118
442,1786664911861,1786751311861,63442,0.2,15,-0.26708932270415714,-0.9794243760989604,-0.2523754367130856,21,0.013289036544850499,0.6953172126144223,1,0.18855734539942162,-0.26708932270415714,24,0.0001737501696213876,0.34615384615384615,,legacy,unknown,63022,-0.6620220043504303,0,1786752041215
443,1786664911982,1786708111982,63442,0.26666666666666666,15,-0.19164865043475435,-0.24376051708682595,0.6953313466723429,21,0.01276595744680851,0.25234991138685153,0,0.31885133593753623,-0.1463990554899646,12,0.0001737501696213876,0.5833333333333334,,legacy,unknown,62878,-0.8890009772705778,0,1786708840727
444,1786664916204,1786708116204,63446.8,0.26666666666666666,15,-0.19164865043475435,-0.24376051708682595,0.6953313466723429,21,0.01276595744680851,0.31224986617986095,0,0.32535041073750387,-0.1463990554899646,12,-0.007484416656692029,0.5833333333333334,,legacy,unknown,62878,-0.8964991142185309,0,1786708840825
445,1786664916409,1786751316409,63446.8,0,15,-0.7532170254887404,-1.5591657450818524,-0.2561325862799521,21,0.013289036544850499,0.7112659913534272,1,0.18789463226372927,-0.26708932270415714,24,-0.007484416656692029,0.34615384615384615,,legacy,unknown,63022,-0.6695373131505495,0,1786752041309
446,1786664920440,1786708120440,63446,0.13333333333333333,15,-0.24376051708682595,-1.1566514900208462,-0.19164865043475435,21,0.01276595744680851,0.4406536020881294,0,0.18400453854325788,-0.23826936233456794,12,-0.007099657217569104,0.5833333333333334,,legacy,unknown,62878,-0.8952495035148,0,1786708840920
447,1786664920949,1786751320949,63446,0.26666666666666666,15,-0.724558129322648,-1.5571678912903126,0.0031317528420657043,21,0.013289036544850499,0.7162114712925368,1,0.23646847844518382,-0.42942581864176516,24,-0.007099657217569104,0.34615384615384615,,legacy,unknown,63022,-0.668284840651893,0,1786752041405
448,1786665640708,1786708840708,63498.4,0.06666666666666667,15,-0.701413787164754,-1.1566514900208462,-0.6796435786209812,21,0.02127659574468085,0.44193693487411595,0,0.04853596467565327,-0.7122953129402925,12,-0.0006423199395617211,0.5833333333333334,,legacy,unknown,62878,-0.9770324921572849,0,1786709677765
449,1786665641133,1786752041133,63498.4,0.5333333333333333,15,0.0031317528420657043,-0.03756574004507889,0.012528188423953897,21,0.021040974529346623,0.44193693487411595,0,0.41376505530064345,-0.010959590424449281,24,-0.0006423199395617211,0.46153846153846156,,legacy,unknown,63022,-0.7502551245385733,0,1786752121195
450,1786676441558,1786762841558,63465,0.3333333333333333,15,-0.19462887099558945,-0.48066384844214816,0.2619566751894088,21,0.02430939226519337,0.6334255763923728,1,0.2743550023512019,-0.21226081350922155,24,0.0014099692253053862,0.8076923076923077,,legacy,unknown,63128,-0.5310013393208854,0,1786773640925
451,1786676441700,1786719641700,63465,0.8666666666666667,15,0.4459308807134894,0.0831881464739213,0.6996745334192859,21,0.024416135881104035,0.6334255763923728,1,0.8412114152711611,0.31304074248859526,12,0.0014099692253053862,0.6666666666666666,,legacy,unknown,62631,-1.3141101394469394,0,1786730440269
452,1786684308991,1786770708991,63351,0.6,15,0.39601790689665967,-0.04090880483353264,1.023799398320969,21,0.06703296703296703,0.9846550879716436,1,0.5241234695647019,0.2050473186119874,24,-0.002476716612286923,0.46153846153846156,,legacy,unknown,63069,-0.4451389875455794,0,1786773641026
453,1786684309504,1786727509504,63351,0.4,15,-0.7262823422605538,-1.1115811905545394,0.48746081504702193,21,0.06794055201698514,0.9846550879716436,1,0.36550751210243637,-0.7262823422605538,12,-0.002476716612286923,0.75,,legacy,unknown,62983,-0.5808905936765008,0,1786730440369
454,1786684318529,1786770718529,63350,0.8,15,1.0484969432037758,0.35730733194645153,1.0843068350903853,21,0.06703296703296703,0.6155380197881583,0,0.8620946280149622,1.0699080448854914,24,-0.004444990873586696,0.23076923076923078,,legacy,unknown,63069,-0.4435674822415154,0,1786773641123
455,1786684849942,1786728049942,63328,0.3076923076923077,13,-0.9594984008359986,-0.9971194327498338,0.15372668346566506,21,0.06794055201698514,0.6160396111081078,0,0.3962175887115856,-0.9563620241940591,12,-0.011458741398813676,0.5,,legacy,unknown,62983,-0.5447827185447196,0,1786730440470
456,1786684850189,1786771250189,63328,0.8,15,1.0484969432037758,0.35730733194645153,1.0843068350903853,21,0.0665938864628821,0.6160396111081078,0,0.8621045270247828,1.0699080448854914,24,-0.011458741398813676,0.23076923076923078,,legacy,unknown,63069,-0.4089818089944417,0,1786773641217
457,1786684854544,1786771254544,63332,0.7333333333333333,15,0.05105095641761172,-0.05551502077847921,0.6852791878172589,21,0.0665938864628821,1.1026525966803222,1,0.6325720954284003,0.04280957666085302,24,-0.015901878822866804,0.5384615384615384,,legacy,unknown,63069,-0.4152719004610623,0,1786773641312
458,1786684924725,1786771324725,63354,0.7333333333333333,15,0.05105095641761172,-0.05551502077847921,0.6852791878172589,21,0.06768558951965066,1.0449664868952042,1,0.6367150631783948,0.05105095641761172,24,-0.021352694792086284,0.5384615384615384,,legacy,unknown,63069,-0.4498532057960034,0,1786773641408
459,1786684924891,1786728124891,63354,0.5333333333333333,15,0.2362118042996164,-0.3443296678884816,0.7705723798953543,21,0.06900212314225053,1.0449664868952042,1,0.6235905579437123,0.25579059694934403,12,-0.021352694792086284,0.5833333333333334,,legacy,unknown,62983,-0.5855983836853237,0,1786730440576
460,1786684929116,1786771329116,63353.7,0.9333333333333333,15,0.4595690546235191,0.05105095641761172,1.0843068350903853,21,0.06768558951965066,0.5159795573557833,0,0.8290227056805995,0.2411894447882452,24,-0.020101438997553157,0.8461538461538461,,legacy,unknown,63069,-0.44938180406195233,0,1786773641502
461,1786685131782,1786771531782,63318,0.9333333333333333,15,0.4595690546235191,0.05105095641761172,1.0843068350903853,21,0.0611353711790393,0.5161325176742639,0,0.8288686567041604,0.2411894447882452,24,-0.019302994310445062,0.8461538461538461,,legacy,unknown,63069,-0.3932531033829243,0,1786773641597
462,1786685131970,1786728331970,63318,0.4666666666666667,15,-0.05357199130242965,-0.406052723408305,1.2078181092939768,21,0.0625,0.5161325176742639,0,0.39749837488775414,-0.10236704096256515,12,-0.019302994310445062,0.6666666666666666,,legacy,unknown,62983,-0.5290754603746171,0,1786730440678
463,1786685136011,1786771536011,63318,0.8666666666666667,15,0.1905306277984186,0.002204828574580618,0.6852791878172589,21,0.0611353711790393,0.6507514974009663,1,0.7823911927195029,0.1905306277984186,24,-0.01783620461641538,0.7692307692307693,,legacy,unknown,63069,-0.3932531033829243,0,1786773641680
464,1786685308691,1786771708691,63327.9,0.8666666666666667,15,0.1905306277984186,0.002204828574580618,0.6852791878172589,21,0.017467248908296942,0.6504891565171398,1,0.7822230555865756,0.1905306277984186,24,-0.014503809567382375,0.7692307692307693,,legacy,unknown,63069,-0.4088245465268886,0,1786773641810
465,1786685308778,1786728508778,63327.9,0.4,15,-0.10236704096256515,-0.3443296678884816,1.0845193607378547,21,0.018008474576271187,0.6504891565171398,1,0.505512229545423,0.2362118042996164,12,-0.014503809567382375,0.75,,legacy,unknown,62983,-0.544625670518052,0,1786730440781
466,1786685313034,1786771713034,63327.9,0.9333333333333333,15,0.2411894447882452,0.04280957666085302,0.9924212205823693,21,0.017467248908296942,0.5561000974632165,0,0.7867660717941098,0.1905306277984186,24,-0.013747887642481364,0.8461538461538461,,legacy,unknown,63069,-0.4088245465268886,0,1786773641938
467,1786687240625,1786730440625,63372,0.38461538461538464,13,-0.9552642454394213,-0.9845822648557951,1.0845193607378547,21,0.020127118644067795,0.4833410621603021,0,0.4590864409547828,-0.11103884773401437,12,-0.010080895149065777,0.75,,legacy,unknown,62983,-0.6138357634286435,0,1786741240688
468,1786687241265,1786773641265,63372,1,15,1.056499770326137,0.4083441486499319,1.1131167268351383,21,0.019650655021834062,0.4833410621603021,0,0.9181541113732247,0.9924212205823693,24,-0.010080895149065777,0.5,,legacy,unknown,63069,-0.4781291422079152,0,1786784009850
469,1786688498420,1786774898420,63220.7,0.8666666666666667,15,1.0484969432037758,0.3956322202880202,1.1099148168086386,21,0.08733624454148471,0.5565915340862995,0,0.868767586302296,1.0484969432037758,24,-0.009414881636330537,0.7692307692307693,,legacy,unknown,63069,-0.23995305335119207,0,1786784010102
470,1786688498600,1786731698600,63220.7,0.38461538461538464,13,-0.9563620241940591,-0.9892840749006759,0.21571208780750867,21,0.09004237288135593,0.5565915340862995,0,0.48282602518175544,-0.9552642454394213,12,-0.009414881636330537,0.75,,legacy,unknown,62983,-0.3759844481316991,0,1786741240837
471,1786688503035,1786774903035,63220.3,0.9333333333333333,15,0.6729304215337735,0.09200361669389763,1.1099148168086386,21,0.07860262008733625,0.5361282913562407,0,0.8358801474095723,0.4595690546235191,24,-0.009593505606127364,0.8461538461538461,,legacy,unknown,63069,-0.23932186338882117,0,1786784010362
472,1786688519130,1786774919130,63212,0.9333333333333333,15,0.4595690546235191,0.05105095641761172,1.0843068350903853,21,0.07860262008733625,0.5904387059831203,0,0.833568241422093,0.4595690546235191,24,-0.012852777258167393,0.8461538461538461,,legacy,unknown,63069,-0.226222869075492,0,1786784010613
473,1786688519330,1786731719330,63212,0.4666666666666667,15,-0.05357199130242965,-0.406052723408305,1.2078181092939768,21,0.0815677966101695,0.5904387059831203,0,0.4012248757057429,-0.10236704096256515,12,-0.012852777258167393,0.6666666666666666,,legacy,unknown,62983,-0.3622729861418718,0,1786741240931
474,1786688523301,1786774923301,63212,0.9333333333333333,15,0.2411894447882452,0.04280957666085302,0.9924212205823693,21,0.07860262008733625,0.6474413330237008,1,0.7924393050595382,0.2411894447882452,24,-0.01534005612093707,0.8461538461538461,,legacy,unknown,63069,-0.226222869075492,0,1786784010868
475,1786689214363,1786775614363,63226,0.9333333333333333,15,0.2411894447882452,0.04280957666085302,0.9924212205823693,21,0.07860262008733625,0.646871060029246,1,0.7923318664775694,0.2411894447882452,24,-0.023475662811155776,0.8461538461538461,,legacy,unknown,63069,-0.24831556638091923,0,1786784011541
476,1786689215035,1786732415035,63226,0.4666666666666667,15,-0.05357199130242965,-0.3443296678884816,1.2078181092939768,21,0.07944915254237288,0.646871060029246,1,0.43382827800102886,-0.10236704096256515,12,-0.023475662811155776,0.6666666666666666,,legacy,unknown,62983,-0.3843355581564546,0,1786741241027
477,1786689219169,1786775619169,63235,0.9333333333333333,15,0.6729304215337735,0.09200361669389763,1.1099148168086386,21,0.07860262008733625,0.5352563228650031,0,0.8355872499170962,0.4595690546235191,24,-0.02151294738289306,0.8461538461538461,,legacy,unknown,63069,-0.26251284889697163,0,1786784012077
478,1786698040900,1786741240900,62917,0.6,15,0.3554446217279348,-0.406052723408305,1.2078181092939768,21,0.3192389006342495,1.7729684386401716,1,0.6210071447096349,0.2362118042996164,12,-0.032690283999926684,0.5714285714285714,,legacy,unknown,62909.9,-0.011284708425383512,0,1786752041502
479,1786698041365,1786784441365,62917,0.8666666666666667,15,0.6729304215337735,0.10034706621810309,0.9924212205823693,21,0.31277056277056275,1.7729684386401716,1,0.7748615913808369,0.4595690546235191,24,-0.032690283999926684,0.5517241379310345,,legacy,unknown,62911,-0.009536373317227459,0,1786785378711
480,1786708841369,1786752041369,62878,0.5,6,0.2362118042996164,-0.5552176421965408,0.6614439179997186,21,0.3059071729957806,0.8693240517157238,1,0.38405483077561553,-0.40610405635474756,12,-0.044795790775617184,0.6428571428571429,,legacy,unknown,63022,0.229014917777283,1,1786752121464
481,1786708841499,1786795241499,62878,0.26666666666666666,15,-0.396468116697468,-0.6598802207940455,0.10034706621810309,21,0.3049040511727079,0.8693240517157238,1,0.19903949660414408,-0.41235181106789753,24,-0.044795790775617184,0.6206896551724138,,legacy,unknown,62992,0.18130347657368237,1,1786806040225
482,1786709679370,1786752879370,62781,0.5,6,0.2362118042996164,-0.5552176421965408,0.6614439179997186,21,0.2911392405063291,0.7891116445167069,1,0.3671458712080343,-0.40610405635474756,12,-0.06331368897671745,0.6428571428571429,,legacy,unknown,63026,0.39024545642790015,1,1786757629932
483,1786709679662,1786796079662,62781,0.26666666666666666,15,-0.396468116697468,-0.6598802207940455,0.10034706621810309,21,0.2899786780383795,0.7891116445167069,1,0.24217221320552051,-0.41018122836021087,24,-0.06331368897671745,0.6206896551724138,,legacy,unknown,62992,0.3360889441072936,1,1786806040319
484,1786709686820,1786796086820,62782,0.26666666666666666,15,-0.396468116697468,-0.6598802207940455,0.10034706621810309,21,0.2899786780383795,0.8650629626755998,1,0.19927497789044105,-0.41235181106789753,24,-0.07283654223328094,0.6206896551724138,,legacy,unknown,62992,0.33449077761141727,1,1786806040412
485,1786719640648,1786806040648,62631,0.06666666666666667,15,-0.5614560426706592,-0.5909133431039322,-0.41235181106789753,21,0.3159574468085106,0.7867383885166704,1,0.16625892502159337,-0.5599051748339,24,-0.08714689327398877,0.3448275862068966,,legacy,unknown,63017,0.6163082179751241,1,1786812680353
486,1786719640961,1786762840961,62631,0.18181818181818182,11,-0.553666677064163,-0.5552176421965408,-0.40610405635474756,21,0.3230452674897119,0.7867383885166704,1,0.2300792894832473,-0.553666677064163,12,-0.08714689327398877,0.42857142857142855,,legacy,unknown,63128,0.7935367469783334,1,1786773642057
487,1786730441262,1786816841262,62983,0.4666666666666667,15,-0.09602367534552782,-0.5924632438921716,0.7573427768199658,15,0.4299363057324841,0.4476846364643314,0,0.4714898623288838,-0.09602367534552782,24,-0.06932202771294337,0.3793103448275862,,legacy,unknown,63043,0.0952638013432196,1,1786827640134
488,1786730441432,1786773641432,62983,0.6666666666666666,15,0.5247515556793907,-0.5862267886933067,0.9598807138530359,15,0.433264887063655,0.4476846364643314,0,0.6862572732022657,0.5247515556793907,12,-0.06932202771294337,0.6428571428571429,,legacy,unknown,63069,0.13654478192528144,1,1786784012348
489,1786741241574,1786784441574,62909.9,1,5,1.923443759140332,1.917446375151168,2.0391957564399834,15,0.453,0,0,1,2.0391957564399834,12,-0.05129405816294798,0.42857142857142855,,legacy,unknown,62911,0.0017485324249419327,1,1786785378973
490,1786741241749,1786827641749,62909.9,0.5333333333333333,15,0.5746891639770669,-1.1193227626981994,1.605298013245033,15,0.4343220338983051,0,0,0.5798425814438878,0.5746891639770669,24,-0.05129405816294798,0.41379310344827586,,legacy,unknown,63071.4,0.25671635148045063,1,1786838442049
491,1786752041946,1786795241946,63022,0.4666666666666667,15,-0.011284708425383512,-0.39851348145805326,1.2078181092939768,15,0.3772455089820359,0.8546218062979924,1,0.496961842690225,-0.011284708425383512,12,-0.02620828937115121,0.6428571428571429,,legacy,unknown,62992,-0.047602424550157084,0,1786806040503
492,1786752042116,1786838442116,63022,0.8666666666666667,15,0.6729304215337735,0.09200361669389763,1.1099148168086386,15,0.35200845665961944,0.8546218062979924,1,0.8794555026837327,0.6729304215337735,24,-0.02620828937115121,0.5517241379310345,,legacy,unknown,63057,0.055536161975183275,1,1786839218032
493,1786752125977,1786838525977,63026,1,15,1.0699080448854914,0.4595690546235191,1.1142374432549558,15,0.34460887949260044,0.8025800911904273,1,1,1.0699080448854914,24,0.019918876234733335,0.6428571428571429,,legacy,unknown,63057,0.04918605020150414,1,1786839218274
494,1786752126205,1786795326205,63026,0.46153846153846156,13,-0.11103884773401437,-0.6138357634286435,1.2078181092939768,15,0.37025948103792417,0.8025800911904273,1,0.48432530401770657,-0.11103884773401437,12,0.019918876234733335,0.6428571428571429,,legacy,unknown,62992,-0.05394599054358519,0,1786806040596
495,1786752130575,1786838530575,63026,0.9333333333333333,15,1.0484969432037758,0.1905306277984186,1.1099148168086386,15,0.34460887949260044,0.8115628269344115,1,0.9386380942964997,1.0484969432037758,24,0.027561788171450052,0.6551724137931034,,legacy,unknown,63057,0.04918605020150414,1,1786839218520
496,1786757632102,1786800832102,63014,0,15,-0.8964991142185309,-0.9374064562885006,-0.8890009772705778,15,0.36127744510978044,0.6295440297161456,0,0,-0.8964991142185309,12,0.03325987828602426,0.42857142857142855,,legacy,unknown,63017,0.004760846795950106,1,1786806040694
497,1786757632436,1786844032436,63014,0.5333333333333333,15,0.2619566751894088,-0.24539301958455118,0.7320365224295355,15,0.33509513742071884,1.0063319734506209,1,0.5222322012229312,0.2619566751894088,24,0.03325987828602426,0.41379310344827586,,legacy,unknown,63048,0.053956263687434544,1,1786849242599
498,1786757637443,1786844037443,63014,0.2,15,-0.42942581864176516,-2.815704930186581,-0.15325430832264722,21,0.06871035940803383,0.827624329382197,1,0.36477318507918643,-0.24539301958455118,24,0.0314713961826853,0.3448275862068966,,legacy,unknown,63048,0.053956263687434544,1,1786849242685
499,1786757927263,1786844327263,63028,0.2,15,-0.42942581864176516,-2.815704930186581,-0.15325430832264722,21,0.05391120507399577,0.8281463595596561,1,0.36472503359702524,-0.24539301958455118,24,0.027289952185835055,0.3448275862068966,,legacy,unknown,63048,0.03173192866662436,1,1786849242773
500,1786757927460,1786801127460,63028,0,15,-0.8964991142185309,-0.9374064562885006,-0.8890009772705778,21,0.06786427145708583,0.5965131237274223,0,0,-0.8964991142185309,12,0.027289952185835055,0.42857142857142855,,legacy,unknown,63017,-0.017452560766643397,0,1786806040794
501,1786757984064,1786801184064,63028,0,15,-0.8964991142185309,-0.9374064562885006,-0.8890009772705778,21,0,0.5965023992024806,0,0,-0.8964991142185309,12,0.019965925264600958,0.42857142857142855,,legacy,unknown,63017,-0.017452560766643397,0,1786806040894
502,1786757984233,1786844384233,63028,0.2,15,-0.4278709516224741,-2.815704930186581,-0.15325430832264722,21,0,0.7810468471679378,1,0.23060538116538057,-0.42942581864176516,24,0.019965925264600958,0.3448275862068966,,legacy,unknown,63048,0.03173192866662436,1,1786849242857
503,1786757988455,1786801188455,63028,0,15,-0.8964991142185309,-0.9374064562885006,-0.8890009772705778,21,0,0.596496409462047,0,0,-0.8964991142185309,12,0.010869404161911768,0.42857142857142855,,legacy,unknown,63017,-0.017452560766643397,0,1786806040995
504,1786757989402,1786844389402,63028,0.2,15,-0.4278709516224741,-2.815704930186581,-0.15325430832264722,21,0,0.7815611119241672,1,0.230587519782917,-0.42942581864176516,24,0.010869404161911768,0.3448275862068966,,legacy,unknown,63048,0.03173192866662436,1,1786849242945
505,1786762840664,1786849240664,63128,0.26666666666666666,15,-1.0531664280105317,-1.3715235740735359,0.37116167365843766,21,0.04746835443037975,0.6152960538124415,0,0.3822176722687196,-0.547453793963971,24,0.006005042755238811,0.6206896551724138,,legacy,unknown,63098,-0.047522493980484096,0,1786849243062
506,1786762840831,1786806040831,63128,0.21428571428571427,14,-0.6301177571551119,-0.8977911242511958,-0.13262394941784256,21,0.06156901688182721,0.6152960538124415,0,0.3251832179924445,-0.3335608787389847,12,0.006005042755238811,0.42857142857142855,,legacy,unknown,63017,-0.17583322772779117,0,1786812680637
507,1786773642641,1786816842641,63069,0.35714285714285715,14,-0.7166723917184523,-1.3126417497747538,0.8562331921733486,21,0.07631318136769079,0.515272057682914,0,0.5491248112354554,0.40977601892649645,12,0.007836443587123196,0.5714285714285714,,legacy,unknown,63043,-0.041224690418430604,0,1786827640228
508,1786773642779,1786860042779,63069,0.26666666666666666,15,-0.26246719160104987,-0.48215345220623135,0.21480451244011745,21,0.0720164609053498,0.515272057682914,0,0.3442548812421402,-0.26246719160104987,24,0.007836443587123196,0.6206896551724138,,legacy,unknown,63035,-0.05390921054717849,0,1786860042978
509,1786784014322,1786827214322,62991,0.7857142857142857,14,0.6087926387210707,0.013904123345023098,1.192280332786936,21,0.09594460929772503,0.7013938688614504,1,0.6086707120810103,0.2902847260823915,12,0.005841359773372095,0.4375,,legacy,unknown,63071.4,0.12763728151640943,1,1786827640318
510,1786784014637,1786870414637,62991,0.4666666666666667,15,-0.5142981070111845,-0.9124652025982061,1.4534523366803025,21,0.08213552361396304,0.7013938688614504,1,0.476914960035161,-0.23922701711871253,24,0.005841359773372095,0.34375,,legacy,unknown,63052,0.09683923100125415,1,1786870844106
511,1786784440683,1786827640683,62911,0.2857142857142857,7,-0.7890795101839126,-1.3171678580231698,0.14841662891155932,21,0.12067260138476756,0.6372354407422101,1,0.4948684802520173,-0.16705959499758,12,-0.004909386959428643,0.5,,legacy,unknown,63071.4,0.25496336093847094,1,1786838442144
512,1786784440833,1786870840833,62911,0.3333333333333333,15,-1.0015122990031171,-1.7937496147444985,0.66823837999032,21,0.10061601642710473,0.6372354407422101,1,0.520984350113894,0.2000200020002,24,-0.004909386959428643,0.625,,legacy,unknown,63052,0.2241261464608733,1,1786870844235
513,1786785381746,1786871781746,62937,0.6,15,0.5838906078450943,-1.7592993748839512,3.2269412818216705,21,0.10472279260780287,0.655032190611144,1,0.4753802456671786,-0.06737383075066981,24,-0.015396752588733624,0.53125,,legacy,unknown,63052,0.18272240494462716,1,1786881644144
514,1786785381805,1786828581805,62937,0.625,8,3.0935573513910626,-0.17484681562171195,3.2093514135857744,21,0.12660731948565776,0.655032190611144,1,0.5520646578735374,3.016725927579444,12,-0.015396752588733624,0.625,,legacy,unknown,63071.4,0.2135468802135492,1,1786838442236
515,1786785421754,1786828621754,62937,0.14285714285714285,7,-1.4080609954806775,-1.8936259893532321,-0.8054532633393403,21,0.12660731948565776,0.6344563672193712,1,0.25417815005601596,-1.175881911433575,12,-0.02023938093795054,0.3125,,legacy,unknown,63071.4,0.2135468802135492,1,1786838442325
516,1786785422003,1786871822003,62937,0.5333333333333333,15,0.029709782336752564,-0.8616716173307386,0.39498383564500994,21,0.10472279260780287,0.6344563672193712,1,0.5714531644320849,0.029709782336752564,24,-0.02023938093795054,0.40625,,legacy,unknown,63052,0.18272240494462716,1,1786881644272
517,1786785426695,1786871826695,62937,0.5333333333333333,15,0.029709782336752564,-0.8616716173307386,0.616792367389641,21,0.07392197125256673,0.6085921786521337,0,0.572332589424678,0.029709782336752564,24,-0.02100792700624035,0.40625,,legacy,unknown,63052,0.18272240494462716,1,1786881644409
518,1786791569416,1786877969416,63025,0.4666666666666667,15,-0.0124888770938383,-0.8616716173307386,0.39498383564500994,21,0.1029263370332997,0.6259083115304648,0,0.5289627025463153,0.029709782336752564,24,-0.015044600949611832,0.34375,,legacy,unknown,62991,-0.0539468464894883,0,1786881644538
519,1786791569998,1786834769998,63025,0.5,8,0.07038508461851284,-1.4080609954806775,0.17801096172764322,21,0.10089020771513353,0.6259083115304648,0,0.42906635715267566,-0.14786383942616246,12,-0.015044600949611832,0.5,,legacy,unknown,63057,0.05077350257834193,1,1786838442418
520,1786791573911,1786877973911,63025,0.6,15,0.5838906078450943,-1.7937496147444985,3.2269412818216705,21,0.1029263370332997,0.7555118585727599,1,0.4735594013831395,-0.06737383075066981,24,-0.010475691633731727,0.53125,,legacy,unknown,62991,-0.0539468464894883,0,1786881644676
521,1786795240960,1786838440960,62992,0.5833333333333334,12,0.06384105135311886,-1.5032345138921208,0.228310502283105,21,0.08390918065153011,0.7126103910401538,1,0.5332579025236749,0.031264166575479514,12,-0.005007596429300187,0.625,,legacy,unknown,63057,0.10318770637541275,1,1786838442514
522,1786795241284,1786881641284,62992,0.4,15,-1.3294860458261586,-2.0367356428737504,0.8805292763998978,21,0.085,0.7126103910401538,1,0.4725669647887065,-0.4030769230769231,24,-0.005007596429300187,0.5625,,legacy,unknown,62991,-0.0015875031750063498,0,1786881644804
523,1786806041602,1786849241602,63017,0.3076923076923077,13,-1.1566514900208462,-1.1566514900208462,0.228310502283105,21,0.060784313725490195,0.958228318007489,1,0.3842203908120644,-0.7424164978639333,12,0.001689384542471251,0.5,,legacy,unknown,63098,0.128536744053192,1,1786849243150
524,1786806041614,1786892441614,63017,0.26666666666666666,15,-0.7785666292340705,-1.425746856560289,0.0781934192418366,21,0.06187624750499002,0.958228318007489,1,0.2841240585772377,-0.7785666292340705,24,0.001689384542471251,0.625,,legacy,unknown,63080,0.09997302315248266,1,1786892443767
525,1786813391620,1786856591620,63082,0.5,12,0.8488353915898077,-0.9900837407276036,1.1064920451348734,21,0.07170542635658915,0.6601780781087243,1,0.4700253421354241,-0.5408495974533711,12,0.015080561949361061,0.5,,legacy,unknown,63035,-0.07450619828160172,0,1786860043075
526,1786813392335,1786899792335,63082,0.6,15,0.658442680914591,-1.3086587018105678,1.1219626533322915,21,0.06752730883813307,0.6601780781087243,1,0.5299475208068429,0.37116167365843766,24,0.015080561949361061,0.53125,,legacy,unknown,63311,0.36301956184014456,1,1786903243584
527,1786813395079,1786899795079,63083,0.6,15,0.658442680914591,-1.3086587018105678,1.1219626533322915,21,0.06752730883813307,0.6595165317189813,1,0.5299751574481327,0.37116167365843766,24,0.017299867647980874,0.53125,,legacy,unknown,63311,0.3614285940744733,1,1786903243844
528,1786816840747,1786903240747,63043,0.2,15,-1.3002492144327664,-1.5017096386655577,-0.5693371289141927,21,0.047666335650446874,0.5668006785963996,0,0.14214078261500562,-1.3002492144327664,24,0.018781776914814613,0.1875,,legacy,unknown,63135,0.1459321415541773,1,1786903243976
529,1786816840747,1786860040747,63043,0.5333333333333333,15,0.27677535913797197,-0.548502287518119,0.2772387025228722,21,0.05222437137330754,0.5668006785963996,0,0.4975057276115111,-0.049822764243124706,12,0.018781776914814613,0.5,,legacy,unknown,63035,-0.012689751439493678,0,1786860043176
530,1786827640760,1786914040760,63071.4,0.2,15,-1.3002492144327664,-1.5017096386655577,-0.5693371289141927,21,0.053518334985133795,0.6275857689521696,1,0.2368567854997838,-1.3002492144327664,24,0.01578571386472916,0.1875,,legacy,unknown,63034,-0.0592978751066275,0,1786914043801
531,1786827640942,1786870840942,63071.4,0.5333333333333333,15,0.07038508461851284,-0.05394599054358519,0.2772387025228722,21,0.05791505791505792,0.6275857689521696,0,0.4635431996692871,-0.049822764243124706,12,0.01578571386472916,0.5,,legacy,unknown,63052,-0.030758790830711626,0,1786870844369
532,1786838443052,1786881643052,63057,0.5714285714285714,14,0.2135468802135492,-0.25095080740694553,0.2135468802135492,21,0.05162523900573614,0.3627596606239718,0,0.6961157740004456,0.2135468802135492,12,0.010292359365208989,0.625,,legacy,unknown,62991,-0.10466720586136352,0,1786881644935
533,1786838443052,1786924843052,63057,0.4666666666666667,15,-0.724558129322648,-1.753191489361702,1.0581095528583109,21,0.04747774480712166,0.6652954203152365,1,0.42642671994521736,-0.724558129322648,24,0.010292359365208989,0.34375,,legacy,unknown,62874,-0.2902136162519625,0,1786924843572
534,1786839220143,1786882420143,63045,0.6428571428571429,14,0.2135468802135492,-0.17583322772779117,0.2135468802135492,21,0.0497131931166348,0.14108517979497737,0,0.796543634380892,0.2135468802135492,12,0.004053274805836588,0.625,,legacy,unknown,62991,-0.08565310492505353,0,1786888786396
535,1786839220319,1786925620319,63045,0.6666666666666666,15,0.4093385214007782,-1.7309369663763345,1.3037157461974958,21,0.04549950544015826,0.6882251990178679,1,0.6156436810305437,0.4093385214007782,24,0.004053274805836588,0.53125,,legacy,unknown,62874,-0.27123483226266953,0,1786927661323
536,1786839225619,1786925625619,63045,0.5333333333333333,15,0.37116167365843766,-1.3715235740735359,1.1219626533322915,21,0.024727992087042534,0.6709925762718962,1,0.5760786544360572,0.658442680914591,24,0.002500800996513067,0.40625,,legacy,unknown,62874,-0.27123483226266953,0,1786927661586
537,1786839260961,1786882460961,63042.1,0.6666666666666666,15,0.2135468802135492,-0.17583322772779117,0.8488353915898077,21,0.029636711281070746,0.20554979914289978,0,0.567120681057054,0.12763728151640943,12,0.0007866254786544269,0.625,,legacy,unknown,62991,-0.08105694448630128,0,1786888786665
538,1786839261120,1786925661120,63042.1,0.5333333333333333,15,0.37116167365843766,-1.3715235740735359,1.1219626533322915,21,0.024727992087042534,0.6705079091975323,1,0.5763530075862413,0.658442680914591,24,0.0007866254786544269,0.40625,,legacy,unknown,62874,-0.26664720877001014,0,1786927661849
539,1786841677101,1786928077101,63048,0.3333333333333333,15,-0.2362678938184289,-0.9124652025982061,0.6292057643366797,21,0.024727992087042534,0.5384186626750025,0,0.42664696633004767,-0.16813981828559088,24,-0.0016913515632305481,0.625,,legacy,unknown,62850,-0.31404644080700417,0,1786935614661
540,1786841677304,1786884877304,63048,0.8,15,0.2196102690999072,0.013904123345023098,0.6767584050282371,21,0.029636711281070746,0.2676431719083206,0,0.7366806552002897,0.12763728151640943,12,-0.0016913515632305481,0.4375,,legacy,unknown,62991,-0.09040730871716787,0,1786888786943
541,1786849243691,1786935643691,63098,0.4,15,-0.07252414899854952,-1.0190846766722252,0.6053608762130621,21,0.02665350444225074,0.5374203380381786,0,0.33606283633372125,-0.2252912583905563,24,-0.0007887328623344711,0.5625,,legacy,unknown,63406,0.48812957621477704,1,1786942213023
542,1786849243817,1786892443817,63098,0.7333333333333333,15,0.12763728151640943,-0.18548860790799765,1.0344181982712892,21,0.03139866793529972,0.23074956078039174,0,0.6437513536661317,0.12763728151640943,12,-0.0007887328623344711,0.4375,,legacy,unknown,63080,-0.028527053155409047,0,1786898302175
543,1786860043743,1786903243743,63035,0.7333333333333333,15,0.12763728151640943,-0.041224690418430604,0.2135468802135492,21,0.05128205128205128,0.5075224778883325,0,0.5923981715358907,0.10318770637541275,12,-0.001188974891447418,0.4375,,legacy,unknown,63135,0.15864202427222973,1,1786914043934
544,1786860043881,1786946443881,63035,0.6666666666666666,15,0.8331781791100353,-0.9206569511913023,1.4534523366803025,21,0.047058823529411764,0.8655925346122614,1,0.7145580908204809,0.8331781791100353,24,-0.001188974891447418,0.53125,,legacy,unknown,63483,0.7107162687395892,1,1786957214935
545,1786868776614,1786911976614,63047,0.35714285714285715,14,-0.0697538007894862,-0.21061046288182753,0.12763728151640943,21,0.0509433962264151,0.4585700121795621,0,0.48580126912033367,-0.04028759142184207,12,0.00021145113628477435,0.4444444444444444,,legacy,unknown,63034,-0.02061953780512951,0,1786914044067
546,1786868776774,1786955176774,63047,0.6666666666666666,15,0.8331781791100353,-0.047522493980484096,1.4534523366803025,21,0.05222437137330754,0.6501621405133414,1,0.6065040648144567,0.8331781791100353,24,0.00021145113628477435,0.5714285714285714,,legacy,unknown,63351,0.48217996098148996,1,1786957215023
547,1786868781483,1786955181483,63048,0.4,15,-0.047522493980484096,-1.425746856560289,1.183644750214995,21,0.05222437137330754,0.75090185363679,1,0.3777898255621238,-0.06737383075066981,24,0.0007249939395047761,0.5428571428571428,,legacy,unknown,63351,0.48058622002283974,1,1786957215166
548,1786868853689,1786955253689,63051,0.6666666666666666,15,0.8047269789472017,-0.047522493980484096,1.1505393153040488,21,0.05222437137330754,0.6687305480407488,1,0.5175066224004891,0.37116167365843766,24,-0.001747965766606429,0.5714285714285714,,legacy,unknown,63351,0.47580530047104724,1,1786957215325
549,1786868855367,1786912055367,63051,0.6666666666666666,15,0.10318770637541275,-0.0697538007894862,0.2135468802135492,21,0.0509433962264151,0.22146568071138892,0,0.6401938227292189,0.10318770637541275,12,-0.001747965766606429,0.6111111111111112,,legacy,unknown,63034,-0.02696230036002601,0,1786914044199
550,1786868859644,1786955259644,63051,0.4666666666666667,15,-0.724558129322648,-1.6497580771031684,0.9861684363086423,21,0.05222437137330754,0.7919311996434116,1,0.38286789864112775,-1.3294860458261586,24,-0.0005562335084122401,0.3142857142857143,,legacy,unknown,63351,0.47580530047104724,1,1786957215407
551,1786868860726,1786912060726,63051,0.9333333333333333,15,0.128536744053192,0.05077350257834193,0.2135468802135492,21,0.0509433962264151,0.40044972948636565,0,0.764243318499682,0.128536744053192,12,-0.0005562335084122401,0.3888888888888889,,legacy,unknown,63034,-0.02696230036002601,0,1786914044332
552,1786868864776,1786955264776,63050,0.4666666666666667,15,-0.724558129322648,-1.6497580771031684,0.9861684363086423,21,0.033849129593810444,0.791087602459487,1,0.523230941323784,0.003112937367700162,24,-0.00033155166481093067,0.3142857142857143,,legacy,unknown,63351,0.47739888977002376,1,1786957215444
553,1786870845206,1786957245206,63052,0.4,15,-0.28181475595169825,-2.1098497878683635,1.362470697440254,21,0,0.7755151438412823,1,0.4235439634163054,-0.12983986416752671,24,0.00009270681001604492,0.5428571428571428,,legacy,unknown,63351,0.4742117617204847,1,1786958686874
554,1786881645722,1786968045722,62991,0.8666666666666667,15,0.6009540920636888,0.06339683325086591,1.0505662242958889,21,0.03185328185328185,0.9514189852004552,1,0.657276574131252,0.22581044295966346,24,-0.0028284727561380704,0.5428571428571428,,legacy,unknown,63593,0.9556920829959835,1,1786978813220
555,1786881645941,1786924845941,62991,0.8666666666666667,15,0.3095156624257318,0.017042901631470493,0.5339813338698942,21,0.031073446327683617,0.9514189852004552,1,0.8131041683648172,0.1462573513563445,12,-0.0028284727561380704,0.6111111111111112,,legacy,unknown,62874,-0.1857408201171596,0,1786927662105
556,1786888789569,1786931989569,63040,1,8,0.39024545642790015,0.229014917777283,0.7935367469783334,21,0.04896421845574388,0.8598548380140008,1,0.8761054627992643,0.39024545642790015,12,-0.003394822844182236,0.5,,legacy,unknown,63406,0.5805837563451777,1,1786935614811
557,1786888797543,1786931997543,63040,0.38461538461538464,13,-0.030758790830711626,-0.2074688796680498,0.128536744053192,21,0.04896421845574388,0.4928198985954401,0,0.388546584020107,-0.030758790830711626,12,-0.004236741789209078,0.5555555555555556,,legacy,unknown,63406,0.5805837563451777,1,1786935614907
558,1786888797776,1786975197776,63040,0.3333333333333333,15,-1.425746856560289,-1.8349051473672762,0.8805292763998978,21,0.049951969260326606,0.7749045700597799,1,0.42810857127782387,-0.724558129322648,24,-0.004236741789209078,0.5428571428571428,,legacy,unknown,63865,1.3086928934010151,1,1786978813386
559,1786892444483,1786935644483,63080,0.2857142857142857,14,-0.030758790830711626,-0.2074688796680498,0.128536744053192,21,0.0608044901777362,0.5247934993100836,0,0.3411681533375829,-0.030758790830711626,12,-0.00047320421643754396,0.3888888888888889,,legacy,unknown,63406,0.5168040583386176,1,1786942213275
560,1786892444751,1786978844751,63080,0.4666666666666667,15,-0.724558129322648,-1.594377883037677,1.0581095528583109,21,0.05449330783938815,0.8031061384285834,1,0.42989338197821503,-0.724558129322648,24,-0.00047320421643754396,0.3142857142857143,,legacy,unknown,63865,1.2444514901712111,1,1786989612729
561,1786898304256,1786941504256,63311,0.26666666666666666,15,-0.07450619828160172,-0.548502287518119,0.2772387025228722,21,0.25210084033613445,0.515829158742117,0,0.2603810023389032,-0.07237895774300851,12,0.015101104009163592,0.3888888888888889,,legacy,unknown,63519,0.3285369051191736,1,1786942213537
562,1786898304493,1786984704493,63311,0.2,15,-1.2868466139083568,-1.3715235740735359,-0.015399778243193298,21,0.23641563393708293,0.5791579523030949,0,0.21687419532105434,-1.2868466139083568,24,0.015101104009163592,0.22857142857142856,,legacy,unknown,64324,1.6000379081044367,1,1786989612919
563,1786903244815,1786946444815,63135,0.26666666666666666,15,-0.07450619828160172,-0.548502287518119,0.2772387025228722,15,0.33084808946877914,0.5331142489442738,0,0.1986779546487616,-0.07450619828160172,12,0.020062768624325163,0.3888888888888889,,legacy,unknown,63483,0.5511998099311,1,1786957215499
564,1786903245064,1786989645064,63135,0.26666666666666666,15,-1.2868466139083568,-1.3715235740735359,0.1102425335738625,21,0.3168411037107517,0.6144012892340458,0,0.34111227069905864,-1.1243203391392498,24,0.020062768624325163,0.7142857142857143,,legacy,unknown,64324,1.8832660172645916,1,1787000412056
565,1786914045346,1787000445346,63034,0.26666666666666666,15,-1.2868466139083568,-1.3715235740735359,0.1102425335738625,15,0.3371320037986705,0.6542520166829182,1,0.2961668100267227,-1.2868466139083568,24,0.020085916628876363,0.7142857142857143,,legacy,unknown,64355,2.095694387156138,1,1787011212719
566,1786914045655,1786957245655,63034,0.26666666666666666,15,-0.07450619828160172,-0.548502287518119,0.2772387025228722,15,0.35069767441860467,0.5111003923575617,0,0.19417277727272436,-0.07450619828160172,12,0.020085916628876363,0.3888888888888889,,legacy,unknown,63351,0.5029031951010566,1,1786958687132
567,1786924844398,1786968044398,62874,0.3333333333333333,15,-0.025376685170499604,-0.02696230036002601,0.05077350257834193,15,0.3976449275362319,0.5337173447215304,0,0.27072365665705184,-0.025376685170499604,12,0.00910247098785505,0.4444444444444444,,legacy,unknown,63593,1.1435569551802016,1,1786978813473
568,1786924844443,1787011244443,62874,0.6,15,0.09997302315248266,-0.0539468464894883,0.367792767799109,15,0.37264150943396224,0.7828537385183881,1,0.5849173757252116,0.09997302315248266,24,0.00910247098785505,0.5714285714285714,,legacy,unknown,64498.9,2.584375099405162,1,1787013812579
569,1786927663857,1786970863857,62863,0.13333333333333333,15,-0.02696230036002601,-0.7424164978639333,-0.025376685170499604,15,0.3967391304347826,0.5973038244625715,0,0.11512774920149374,-0.02696230036002601,12,-0.020749614768710595,0.3333333333333333,,legacy,unknown,63593,1.161255428471438,1,1786978813560
570,1786927664053,1787014064053,62863,0.3333333333333333,15,-0.08717024001712163,-0.7536174267522309,0.7573427768199658,15,0.37169811320754714,0.5973038244625715,0,0.31156377471433055,-0.08717024001712163,24,-0.020749614768710595,0.5428571428571428,,legacy,unknown,64357,2.376596726214148,1,1787016771892
571,1786927672284,1787014072284,62868,0.3333333333333333,15,-0.08717024001712163,-0.7536174267522309,0.7573427768199658,15,0.37075471698113205,0.597697071705785,0,0.3115120950709718,-0.08717024001712163,24,-0.03637670077793079,0.5428571428571428,,legacy,unknown,64357,2.3684545396704206,1,1787016772150
572,1786927672488,1786970872488,62868,0.13333333333333333,15,-0.02696230036002601,-0.7424164978639333,-0.025376685170499604,15,0.3958333333333333,0.597697071705785,0,0.11515005764090948,-0.02696230036002601,12,-0.03637670077793079,0.3333333333333333,,legacy,unknown,63593,1.1532099001081633,1,1786978813638
573,1786927676561,1787014076561,62868,0.3333333333333333,15,-0.08717024001712163,-0.7536174267522309,0.7573427768199658,15,0.37075471698113205,0.5978938074610354,0,0.3114864116755944,-0.08717024001712163,24,-0.04110658317395706,0.5428571428571428,,legacy,unknown,64357,2.3684545396704206,1,1787016772404
574,1786927685257,1786970885257,62863,0.13333333333333333,15,-0.02696230036002601,-0.7424164978639333,-0.025376685170499604,21,0.2653985507246377,0.5982874983807916,0,0.3337115293574784,-0.02696230036002601,12,-0.043727382388419785,0.3333333333333333,,legacy,unknown,63593,1.161255428471438,1,1786978815167
575,1786927685441,1787014085441,62863,0.3333333333333333,15,-0.08717024001712163,-0.7536174267522309,0.7573427768199658,21,0.2349056603773585,0.5982874983807916,0,0.36158700849372055,-0.08717024001712163,24,-0.043727382388419785,0.5428571428571428,,legacy,unknown,64357,2.376596726214148,1,1787016772646
576,1786927689764,1786970889764,62859,0.13333333333333333,15,-0.02696230036002601,-0.7424164978639333,-0.025376685170499604,21,0.1947463768115942,0.5986814754760738,0,0.33369790133742333,-0.02696230036002601,12,-0.03901991499347667,0.3333333333333333,,legacy,unknown,63593,1.1676927727135336,1,1786978815282
577,1786927690242,1787014090242,62859,0.3333333333333333,15,-0.08717024001712163,-0.7536174267522309,0.7573427768199658,21,0.16132075471698112,0.5986814754760738,0,0.3615647964701902,-0.08717024001712163,24,-0.03901991499347667,0.5428571428571428,,legacy,unknown,64357,2.3831114080720344,1,1787016772907
578,1786927697312,1787014097312,62858.4,0.3333333333333333,15,-0.08717024001712163,-0.7536174267522309,0.7573427768199658,21,0,0.5992729612908944,0,0.361531815824603,-0.08717024001712163,24,-0.031135951700013244,0.5428571428571428,,legacy,unknown,64357,2.3840886818627243,1,1787016773153
579,1786927715300,1786970915300,62851.6,0.13333333333333333,15,-0.02696230036002601,-0.7424164978639333,-0.025376685170499604,21,0.014492753623188406,0.5996676212411368,0,0.33366431723883466,-0.02696230036002601,12,-0.021846844835678798,0.3333333333333333,,legacy,unknown,63593,1.1796040196271875,1,1786978815382
580,1786927715545,1787014115545,62851.6,0.3333333333333333,15,-0.08717024001712163,-0.7536174267522309,0.7573427768199658,21,0,0.5996676212411368,0,0.36151005045328166,-0.08717024001712163,24,-0.021846844835678798,0.5428571428571428,,legacy,unknown,64357,2.3951657555257166,1,1787016773395
581,1786927721262,1787014121262,62851.6,0.26666666666666666,15,-0.7536174267522309,-0.85067987906226,0.0781934192418366,21,0,0.55181841234285,0,0.44460079519836204,-0.0539468464894883,24,-0.011357935214385743,0.7142857142857143,,legacy,unknown,64357,2.3951657555257166,1,1787016773636
582,1786927721709,1786970921709,62851.6,0.13333333333333333,15,-0.02696230036002601,-0.7424164978639333,-0.025376685170499604,21,0.014492753623188406,0.55181841234285,0,0.16912471412037436,-0.02696230036002601,12,-0.011357935214385743,0.3333333333333333,,legacy,unknown,63593,1.1796040196271875,1,1786978815476
583,1786935615351,1787022015351,63406,0.7333333333333333,15,0.053313531164612744,-0.0539468464894883,0.09825206408570115,15,0.507532956685499,0.6720073527676528,1,0.7335461410204541,0.053313531164612744,24,0.024860623074047062,0.3142857142857143,,legacy,unknown,64064,1.0377566791786266,1,1787032812385
584,1786935615562,1786978815562,63406,0.4666666666666667,15,-0.025376685170499604,-0.049822764243124706,0.07038508461851284,15,0.527124773960217,0.6720073527676528,1,0.44757197860296605,-0.025376685170499604,12,0.024860623074047062,0.5,,legacy,unknown,63865,0.7239062549285556,1,1786989613006
585,1786942215178,1787028615178,63519,0.06666666666666667,15,-1.3715235740735359,-2.50945077911301,-0.7105383391363257,15,0.5093984962406015,0.8471019620023216,1,0.06835814091526166,-1.3715235740735359,24,0.058047317429785014,0.22857142857142856,,legacy,unknown,64195,1.0642484925770241,1,1787032812513
586,1786942215804,1786985415804,63519,0.2,15,-0.27758609873910045,-0.9374064562885006,-0.017452560766643397,15,0.5301530153015301,0.718121340231252,1,0.18619294456617927,-0.27758609873910045,12,0.058047317429785014,0.3888888888888889,,legacy,unknown,64324,1.2673373321368409,1,1786989613130
587,1786942222985,1787028622985,63521,0.06666666666666667,15,-1.3715235740735359,-2.50945077911301,-0.7105383391363257,15,0.5093984962406015,0.8471150103139699,1,0.06836049020505985,-1.3715235740735359,24,0.0746334252780714,0.22857142857142856,,legacy,unknown,64195,1.06106641897955,1,1787032812577
588,1786942286827,1787028686827,63529.7,0.06666666666666667,15,-0.7502551245385733,-1.5017096386655577,-0.7105383391363257,15,0.5093984962406015,0.6792815657354179,1,0.06724238650117673,-0.7502551245385733,24,0.10825766624737229,0.22857142857142856,,legacy,unknown,64195,1.047226730175025,1,1787032812628
589,1786942287326,1786985487326,63529.7,0.3333333333333333,15,-0.9374064562885006,-0.9374064562885006,0.2772387025228722,15,0.5301530153015301,0.6792815657354179,1,0.3153054598229462,-0.9374064562885006,12,0.10825766624737229,0.4444444444444444,,legacy,unknown,64324,1.2502813644641844,1,1786989613225
590,1786942322327,1786985522327,63535,0.2,15,-0.27758609873910045,-0.9374064562885006,-0.017452560766643397,15,0.5292529252925292,0.7181069338302077,1,0.17462587406372743,-0.27758609873910045,12,0.12025862589155513,0.3888888888888889,,legacy,unknown,64324,1.2418352089399545,1,1786989613280
591,1786942322603,1787028722603,63535,0.13333333333333333,15,-0.7105383391363257,-2.50945077911301,-0.042029985571800564,15,0.5084586466165414,0.8622199505533369,1,0.12427693450740628,-0.7105383391363257,24,0.12025862589155513,0.22857142857142856,,legacy,unknown,64195,1.0387975131817109,1,1787032812723
592,1786942392577,1787028792577,63545,0.2,15,-0.15810766822190878,-0.27485752441883937,-0.042029985571800564,15,0.5075187969924813,1.0890226562468186,1,0.1869451240879357,-0.15810766822190878,24,0.106106740811069,0.22857142857142856,,legacy,unknown,64195,1.0228971594932725,1,1787032812813
593,1786942393256,1786985593256,63545,0.2,15,-0.27758609873910045,-1.3356318625852241,-0.028527053155409047,15,0.5283528352835284,0.8142890812954187,1,0.1741465537965926,-0.27758609873910045,12,0.106106740811069,0.3888888888888889,,legacy,unknown,64324,1.225902903454245,1,1786989613374
594,1786946417966,1787032817966,63483,0.8666666666666667,15,0.6009540920636888,0.06339683325086591,1.0505662242958889,15,0.5191409897292251,1.0242474110807178,1,0.8705405874248279,0.6009540920636888,24,0.08429276687233073,0.5428571428571428,,legacy,unknown,64195,1.121560102704661,1,1787043612116
595,1786946418443,1786989618443,63483,0.7333333333333333,15,0.09578692045050752,-0.1857408201171596,0.3950364827810568,15,0.5372866127583109,1.0242474110807178,1,0.731270136605403,0.09578692045050752,12,0.08429276687233073,0.6111111111111112,,legacy,unknown,64324,1.3247641100767136,1,1787000412150
596,1786957217564,1787043617564,63351,0.3333333333333333,15,-0.05390921054717849,-1.2868466139083568,0.09683923100125415,21,0.18173345759552656,0.8033215078928329,1,0.39794557968346167,-0.042029985571800564,24,0.0552937279012394,0.5135135135135135,,legacy,unknown,64233,1.392243216365961,1,1787054412157
597,1786957217564,1787000417564,63351,0.4666666666666667,15,-0.041224690418430604,-0.27758609873910045,0.15864202427222973,21,0.21038495971351837,0.8033215078928329,1,0.5005906388146546,0.12763728151640943,12,0.0552937279012394,0.47368421052631576,,legacy,unknown,64355,1.5848210762261055,1,1787011212803
598,1786958688815,1787045088815,63320.9,0.3333333333333333,15,-0.13943544139063616,-0.31404644080700417,0.0915054980845883,21,0.12488350419384903,0.7712122935557539,1,0.2940300592657506,-0.19305019305019305,24,0.03986639101357213,0.5135135135135135,,legacy,unknown,64233,1.4404406759853359,1,1787054412257
600,1786958713028,1787045113028,63321,0.26666666666666666,15,-0.19305019305019305,-0.31404644080700417,0.09683923100125415,21,0.12488350419384903,0.7072302398214069,1,0.2576123928868366,-0.3121523056001978,24,0.00844977868151406,0.7027027027027027,,legacy,unknown,64233,1.4402804756715781,1,1787054412410
599,1786958713084,1787001913084,63321,0.4666666666666667,15,-0.041224690418430604,-0.27197428606749907,0.12763728151640943,21,0.1557743957027753,0.7072302398214069,1,0.4342878543029876,-0.041224690418430604,12,0.00844977868151406,0.47368421052631576,,legacy,unknown,64355,1.6329495743908025,1,1787011212819
601,1786958727866,1787045127866,63321,0.26666666666666666,15,-0.2886292426183457,-0.7293743142799747,0.09683923100125415,21,0.12488350419384903,0.7229078465761833,1,0.25467989300684235,-0.2442266670788636,24,-0.020872548167837082,0.7027027027027027,,legacy,unknown,64233,1.4402804756715781,1,1787054412552
602,1786958728086,1787001928086,63321,0.4666666666666667,15,-0.041224690418430604,-0.34296837584390305,0.15864202427222973,21,0.1557743957027753,0.7229078465761833,1,0.47670822017923226,-0.041224690418430604,12,-0.020872548167837082,0.47368421052631576,,legacy,unknown,64355,1.6329495743908025,1,1787011212930
603,1786968016665,1787011216665,63593,0.4666666666666667,15,-0.041224690418430604,-0.27758609873910045,0.15864202427222973,15,0.3681858802502234,0.8259480930327043,1,0.455220033953139,-0.041224690418430604,12,-0.020948028628516406,0.47368421052631576,,legacy,unknown,64498.9,1.4245278568395916,1,1787013812828
604,1786968017401,1787054417401,63593,0.4666666666666667,15,-0.042029985571800564,-0.31404644080700417,0.455453827206395,15,0.34418604651162793,0.8259480930327043,1,0.4324858120276269,-0.042029985571800564,24,-0.020948028628516406,0.32432432432432434,,legacy,unknown,64308,1.1243375843253187,1,1787056093460
605,1786978816323,1787022016323,63865,0.4,15,-0.09040730871716787,-0.28685996298581123,0.3095156624257318,15,0.4264049955396967,0.9981016552928972,1,0.4062929518542808,-0.09040730871716787,12,0.00864975417494644,0.5789473684210527,,legacy,unknown,64064,0.3115947702184295,1,1787032812909
606,1786978816559,1787065216559,63865,0.4666666666666667,15,-0.042029985571800564,-0.31404644080700417,0.7107162687395892,15,0.41757246376811596,1.0511719320604616,1,0.44623473367381383,-0.042029985571800564,24,0.00864975417494644,0.32432432432432434,,legacy,unknown,64708,1.3199718155484226,1,1787068016415
607,1786989613803,1787032813803,64324,0.6,15,0.08346729318659578,-0.1857408201171596,0.3950364827810568,15,0.5526315789473685,1.0334441852282645,1,0.6038514742837382,0.08346729318659578,12,0.0634347779940049,0.47368421052631576,,legacy,unknown,64195,-0.2005472296498974,0,1787043612300
608,1786989613981,1787076013981,64324,0.8,15,0.6259392962830981,0.0046267735965453425,0.9556920829959835,15,0.538878842676311,1.248134519641852,1,0.7838495664878761,0.6259392962830981,24,0.0634347779940049,0.40540540540540543,,legacy,unknown,64633,0.4803805733474286,1,1787086812508
609,1787000412982,1787086812982,64355,0.8666666666666667,15,0.6009540920636888,0.06339683325086591,1.0505662242958889,15,0.5256064690026954,0.06597662308078567,0,0.9025131029702534,0.6337331519723012,24,0.11988192774347263,0.5135135135135135,,legacy,unknown,64544,0.2936834744775076,1,1787095998413
610,1787000413208,1787043613208,64355,0.8666666666666667,15,0.3095156624257318,0.017042901631470493,0.5339813338698942,15,0.5299739357080799,0.06597662308078567,0,0.8765536515636138,0.09578692045050752,12,0.11988192774347263,0.3157894736842105,,legacy,unknown,64233,-0.18957345971563982,0,1787054412661
611,1787011213612,1787054413612,64498.9,0.8,15,1.3247641100767136,0.5511998099311,1.6329495743908025,15,0.5233160621761658,1.190745459101627,1,0.8018971681022389,1.3247641100767136,12,0.16196390247466966,0.5263157894736842,,legacy,unknown,64308,-0.2959740398673488,0,1787056093717
612,1787011213819,1787097613819,64498.9,0.2,15,-0.026180026180026177,-1.2868466139083568,-0.015401675702316412,15,0.5174574753804835,1.190745459101627,1,0.2213781007333874,-0.026180026180026177,24,0.16196390247466966,0.2702702702702703,,legacy,unknown,64700,0.3117882630556468,1,1787106364596
613,1787013814428,1787100214428,64373,0.2,15,-0.23922701711871253,-0.48215345220623135,-0.042029985571800564,15,0.5389435989256938,1.258907239500608,1,0.21708778452778052,-0.23922701711871253,24,0.17685006692951594,0.2702702702702703,,legacy,unknown,64700,0.5079769468566013,1,1787106364837
614,1787013814542,1787057014542,64373,0.9333333333333333,15,1.3247641100767136,1.225902903454245,1.6329495743908025,15,0.5552677029360967,0.85674119821721,1,0.9425187451678789,1.5848210762261055,12,0.17685006692951594,0.3157894736842105,,legacy,unknown,64269,-0.1615584173488885,0,1787065211901
615,1787013821247,1787100221247,64373,0.4,15,-0.042029985571800564,-0.31404644080700417,0.09683923100125415,15,0.5389435989256938,1.0867224251989294,1,0.3835774189795553,-0.042029985571800564,24,0.16537890830072405,0.5135135135135135,,legacy,unknown,64700,0.5079769468566013,1,1787106365077
616,1787013829772,1787057029772,64363,0.7333333333333333,15,1.2418352089399545,-0.041224690418430604,1.6329495743908025,15,0.5241796200345423,0.7913833093503093,1,0.7748421213468539,1.5848210762261055,12,0.13880894161574078,0.631578947368421,,legacy,unknown,64269,-0.14604664170408463,0,1787065212018
617,1787013829973,1787100229973,64363,0.4,15,-0.042029985571800564,-0.31404644080700417,0.09683923100125415,15,0.5183527305282005,1.0867062205247788,1,0.38357793367120385,-0.042029985571800564,24,0.13880894161574078,0.5135135135135135,,legacy,unknown,64700,0.5235927473859205,1,1787106365374
618,1787013840361,1787100240361,64363,0.4,15,-0.042029985571800564,-0.31404644080700417,0.09683923100125415,15,0.4780662488809311,1.0866958241283569,1,0.38357843574753153,-0.042029985571800564,24,0.10306370373410084,0.5135135135135135,,legacy,unknown,64700,0.5235927473859205,1,1787106365679
619,1787013840622,1787057040622,64363,0.7333333333333333,15,1.2418352089399545,-0.041224690418430604,1.6329495743908025,15,0.4853195164075993,0.7911151086624744,1,0.7747798394718115,1.5848210762261055,12,0.10306370373410084,0.631578947368421,,legacy,unknown,64269,-0.14604664170408463,0,1787065212113
620,1787013877134,1787100277134,64357,0.4,15,-0.042029985571800564,-0.31404644080700417,0.09683923100125415,21,0.22202327663384064,1.086691144584687,1,0.36916451776887355,-0.05390921054717849,24,0.06599174524205256,0.5135135135135135,,legacy,unknown,64700,0.5329645570800379,1,1787106365925
621,1787013877642,1787057077642,64357,0.7333333333333333,15,1.2418352089399545,-0.041224690418430604,1.6329495743908025,21,0.22884283246977546,0.7908530371291359,1,0.7891314277637291,1.2641488641551613,12,0.06599174524205256,0.631578947368421,,legacy,unknown,64269,-0.13673726245785228,0,1787065212214
622,1787016775217,1787103175217,64302,0.4,15,-0.042029985571800564,-1.2868466139083568,0.09683923100125415,21,0.22918531781557744,1.0730362016956203,1,0.36763079602434323,-0.05390921054717849,24,0.03128537384127858,0.5135135135135135,0.2,legacy,unknown,64370,0.10575098752760412,1,1787106366173
623,1787016775614,1787059975614,64302,0.7333333333333333,15,1.2418352089399545,-0.041224690418430604,1.6329495743908025,21,0.23575129533678757,0.7932594282308996,1,0.7482089851426662,1.2641488641551613,12,0.03128537384127858,0.631578947368421,0.3,legacy,unknown,64269,-0.051320332182513764,0,1787065212282
624,1787016777303,1787103177303,64302,0.4,15,-0.042029985571800564,-0.31404644080700417,0.09683923100125415,21,0.1387645478961504,1.0867100965552758,1,0.3691884500093027,-0.05390921054717849,24,0.005511710979025164,0.5135135135135135,0.2,legacy,unknown,64370,0.10575098752760412,1,1787106366434
625,1787016777540,1787059977540,64302,0.7333333333333333,15,1.2418352089399545,-0.041224690418430604,1.6329495743908025,21,0.13903281519861832,0.7903469144132288,1,0.7890073567399131,1.2641488641551613,12,0.005511710979025164,0.631578947368421,0.3,legacy,unknown,64269,-0.051320332182513764,0,1787065212406
626,1787016789117,1787103189117,64303.8,0.26666666666666666,15,-0.05390921054717849,-1.2270320772345065,0.09683923100125415,21,0.046553267681289166,1.2604474287737444,1,0.24731572168689256,-0.26246719160104987,24,-0.003286411664809266,0.7027027027027027,0.2,legacy,unknown,64370,0.10294881484453032,1,1787106366697
627,1787022012976,1787108412976,64064,0.4666666666666667,15,-0.28181475595169825,-0.396468116697468,1.3086928934010151,21,0.26541554959785524,1.4467309226866687,1,0.512324164780991,0.055536161975183275,24,-0.011823181213587323,0.32432432432432434,0.4,legacy,unknown,64319.1,0.3981955544455522,1,1787116406987
628,1787022013204,1787065213204,64064,0.3333333333333333,6,-0.028547865254076002,-0.7183299612603711,0.5805837563451777,21,0.2706896551724138,1.4467309226866687,1,0.20501821667946982,-0.047602424550157084,12,-0.011823181213587323,0.42105263157894735,0.7,legacy,unknown,64708,1.0052447552447552,1,1787068016757
629,1787032813616,1787119213616,64195,0.5333333333333333,15,0.053956263687434544,-0.36543860474599665,1.249228138507576,21,0.31195079086115995,1.720290773614541,1,0.5488628606556002,0.053956263687434544,24,-0.016978142540083615,0.43243243243243246,0.36666666666666664,legacy,unknown,64217,0.0342705818210141,1,1787130012348
630,1787032813616,1787076013616,64195,0.7142857142857143,7,0.004760846795950106,-0.7183299612603711,0.4305876724344151,21,0.31153184165232356,1.720290773614541,1,0.6230451113278751,0.004760846795950106,12,-0.016978142540083615,0.631578947368421,0.6666666666666666,legacy,unknown,64633,0.6822961289820079,1,1787086812537
631,1787043613243,1787086813243,64233,0.4,15,-0.047602424550157084,-0.05394599054358519,0.5050265178500752,21,0.3161512027491409,1.2081765991653781,1,0.3447301377203009,-0.047602424550157084,12,-0.020249939442099345,0.47619047619047616,0.6666666666666666,legacy,unknown,64544,0.48417480111469186,1,1787095998670
632,1787043613243,1787130013243,64233,0.8666666666666667,15,0.055536161975183275,0.04918605020150414,1.0377566791786266,21,0.31666666666666665,1.2081765991653781,1,0.844724398498668,0.1459321415541773,24,-0.020249939442099345,0.4358974358974359,0.8,legacy,unknown,64386,0.23819532016253328,1,1787134753301
633,1787054413076,1787140813076,64308,0.8,15,0.36301956184014456,0.053313531164612744,1.0377566791786266,21,0.32754126846220677,0.8308561640811469,1,0.8114490529093923,0.1459321415541773,24,-0.019880826191710832,0.4358974358974359,0.8,legacy,unknown,64480,0.2674628351060521,1,1787151612534
634,1787054414140,1787097614140,64308,0.4,15,-0.012689751439493678,-0.07450619828160172,0.5050265178500752,21,0.3293310463121784,0.8308561640811469,1,0.35664507459479866,-0.03781492744260797,12,-0.019880826191710832,0.47619047619047616,0.6333333333333333,legacy,unknown,64700,0.6095664614044909,1,1787106366938
635,1787056096421,1787099296421,64271,0.26666666666666666,15,-0.3920302555114842,-0.6214715338348178,0.0570204503074481,15,0.33276157804459694,0.8939528727687333,1,0.26654975355516797,-0.3920302555114842,12,-0.0027781190629646148,0.47619047619047616,0.7666666666666667,legacy,unknown,64700,0.6674861134881984,1,1787106367184
636,1787056096664,1787142496664,64271,0.5333333333333333,15,0.0922424130615257,-1.394610995171612,0.3344172355869254,15,0.3310165073848827,0.8939528727687333,1,0.5102322939218633,0.0922424130615257,24,-0.0027781190629646148,0.4358974358974359,0.8,legacy,unknown,64480,0.3251855424686095,1,1787151612644
637,1787056102551,1787142502551,64270,0.4666666666666667,15,-0.10153689943231642,-1.394610995171612,0.3344172355869254,15,0.3310165073848827,0.8583917544205614,1,0.4520611620482998,-0.10153689943231642,24,0.0006524930793472479,0.41025641025641024,0.7,legacy,unknown,64480,0.32674653804263265,1,1787151612745
638,1787056109446,1787142509446,64270,0.4666666666666667,15,-0.10153689943231642,-1.394610995171612,0.3344172355869254,15,0.3310165073848827,0.8586739952512935,1,0.45222443173488935,-0.10153689943231642,24,0.006034295251008863,0.41025641025641024,0.7,legacy,unknown,64480,0.32674653804263265,1,1787151612846
639,1787056110038,1787099310038,64270,0.26666666666666666,15,-0.3920302555114842,-0.6214715338348178,0.0570204503074481,15,0.33276157804459694,0.8586739952512935,1,0.2642178822101335,-0.3920302555114842,12,0.006034295251008863,0.47619047619047616,0.7666666666666667,legacy,unknown,64700,0.6690524350396764,1,1787106367435
640,1787056122083,1787099322083,64270,0.26666666666666666,15,-0.3920302555114842,-0.6214715338348178,0.0570204503074481,21,0.17152658662092624,0.8589579051906051,1,0.28135310685681425,-0.2306911506874596,12,0.006981377065509652,0.47619047619047616,0.7666666666666667,legacy,unknown,64700,0.6690524350396764,1,1787106367686
641,1787056122176,1787142522176,64270,0.5333333333333333,15,0.0922424130615257,-1.394610995171612,0.3344172355869254,21,0.16941789748045177,0.8589579051906051,1,0.4643288034326912,-0.015399778243193298,24,0.006981377065509652,0.4358974358974359,0.7,legacy,unknown,64480,0.32674653804263265,1,1787151612942
642,1787056135381,1787142535381,64270,0.5333333333333333,15,0.0922424130615257,-1.394610995171612,0.3344172355869254,21,0.08514335360556038,0.8593868468828696,1,0.46452900680346465,-0.015399778243193298,24,0.006848462208940356,0.4358974358974359,0.7,legacy,unknown,64480,0.32674653804263265,1,1787151613048
643,1787056461968,1787142861968,64256,0.06666666666666667,15,-0.26630133612462287,-0.952103520176622,-0.0215610176800345,21,0.01998262380538662,1.001624195453585,1,0.05376985133267208,-0.26630133612462287,24,-0.0006742528759470892,0.3076923076923077,0.2,legacy,unknown,64480,0.348605577689243,1,1787151613052
644,1787056462958,1787099662958,64256,0.5333333333333333,15,0.00154000154000154,-0.24070894149392863,0.01232134056185313,21,0.01972555746140652,1.001624195453585,1,0.5270883946787583,0.00154000154000154,12,-0.0006742528759470892,0.5714285714285714,0.43333333333333335,legacy,unknown,64700,0.6909860557768924,1,1787106367695
645,1787056467008,1787142867008,64255,0.26666666666666666,15,-0.0215610176800345,-0.10153689943231642,0.0922424130615257,21,0.01998262380538662,0.8481801153481406,1,0.17451234391548584,-0.026180026180026177,24,-0.0010354712820655565,0.717948717948718,0.2,legacy,unknown,64480,0.35016730215547426,1,1787151613208
646,1787065212948,1787108412948,64708,0.26666666666666666,15,-0.3920302555114842,-1.7740300433139802,0.0570204503074481,15,0.4383561643835616,0.678780848763567,1,0.24916580343590383,-0.501320683521104,12,0.021725077803768547,0.47619047619047616,0.7,legacy,unknown,64319.1,-0.6010076033875277,0,1787116407230
647,1787065213154,1787151613154,64708,0.4666666666666667,15,-0.8761162426734588,-1.394610995171612,0.2895961058566191,15,0.4386873920552677,0.678780848763567,1,0.43020574678513285,-1.1243203391392498,24,0.021725077803768547,0.41025641025641024,0.8,legacy,unknown,65932.5,1.8923471595475059,1,1787152038599
648,1787068021360,1787111221360,64840,0.4666666666666667,15,-0.1857408201171596,-0.2005472296498974,1.3247641100767136,15,0.44519966015293116,0.9368384867147747,1,0.4801991211279523,-0.1857408201171596,12,0.049039953301623695,0.5714285714285714,0.5,,,64319.1,-0.8033621221468251,0,1787116407484
649,1787068023090,1787154423090,64840,0.6,15,0.9556920829959835,-0.026180026180026177,1.121560102704661,15,0.4473229706390328,0.9368384867147747,1,0.6442750465121084,0.9556920829959835,24,0.049039953301623695,0.4358974358974359,0.36666666666666664,,,66382,2.378161628624306,1,1787162412097
651,1787068043113,1787111243113,64840,0.4666666666666667,15,-0.1857408201171596,-0.2005472296498974,1.3247641100767136,15,0.44519966015293116,0.9835810611813999,1,0.47817440576610243,-0.1857408201171596,12,0.07623117505782578,0.5714285714285714,0.5,,,64319.1,-0.8033621221468251,0,1787116407736
650,1787068049103,1787154449103,64840,0.6,15,0.9556920829959835,-0.026180026180026177,1.121560102704661,15,0.4473229706390328,0.9835810611813999,1,0.6458294156893811,0.9556920829959835,24,0.07623117505782578,0.4358974358974359,0.36666666666666664,,,66382,2.378161628624306,1,1787162412208
652,1787076013173,1787119213173,64633,0.4666666666666667,15,-0.16417589836437843,-0.24070894149392863,0.016942626107046593,21,0.24333333333333335,0.3373977893410665,0,0.5159735329506998,0.00154000154000154,12,0.027505277714543825,0.5714285714285714,0.5,,,64217,-0.6436340569059149,0,1787130012432
653,1787076013552,1787162413552,64633,0,15,-0.8761162426734588,-0.938434409261673,-0.026180026180026177,21,0.2336206896551724,0.3373977893410665,0,0,-0.8761162426734588,24,0.027505277714543825,0.3076923076923077,0.1,,,68171,5.473983878204632,1,1787169234014
654,1787086813341,1787173213341,64544,0,15,-0.8761162426734588,-0.938434409261673,-0.026180026180026177,21,0.25645438898450945,0.3373297501979638,0,0,-0.8761162426734588,24,-0.0033761794464749924,0.3076923076923077,0.1,,,69079,7.026214675260288,1,1787182090842
655,1787086813587,1787130013587,64544,0.4666666666666667,15,-0.16417589836437843,-0.24070894149392863,0.016942626107046593,21,0.2670549084858569,0.3373297501979638,0,0.5159981847298645,0.00154000154000154,12,-0.0033761794464749924,0.5714285714285714,0.5,,,64386,-0.2447942488844819,0,1787134753550
656,1787096000558,1787182400558,64717,0.2,15,-0.26630133612462287,-0.8761162426734588,-0.010781671159029648,21,0.3238831615120275,0.9308039604948112,1,0.2536788057481225,-0.026180026180026177,24,-0.026044670757025372,0.3076923076923077,0.4666666666666667,,,69356.5,7.168904615479704,1,1787184011771
657,1787096001085,1787139201085,64717,0.6,15,0.00154000154000154,-0.16417589836437843,0.12622375469490796,15,0.3372093023255814,0.9308039604948112,1,0.6388625752103565,0.00154000154000154,12,-0.026044670757025372,0.5714285714285714,0.6333333333333333,,,64480,-0.36620980576973594,0,1787140812330
658,1787096023771,1787139223771,64717,0.6666666666666666,15,0.01232134056185313,-0.16417589836437843,0.3285369051191736,15,0.3372093023255814,0.8982806798096531,1,0.6964141080814593,0.01232134056185313,12,-0.03580433141316627,0.5714285714285714,0.6,,,64480,-0.36620980576973594,0,1787140812406
659,1787096023983,1787182423983,64717,0.26666666666666666,15,-0.026180026180026177,-0.8761162426734588,1.6000379081044367,21,0.3238831615120275,0.8982806798096531,1,0.1950479590912057,-0.26630133612462287,24,-0.03580433141316627,0.717948717948718,0.36666666666666664,,,69356.5,7.168904615479704,1,1787184011871
660,1787096032624,1787182432624,64717,0.26666666666666666,15,-0.026180026180026177,-0.8761162426734588,1.6000379081044367,21,0.3238831615120275,0.8983486024839824,1,0.19515870947302208,-0.26630133612462287,24,-0.025707099664261327,0.717948717948718,0.36666666666666664,,,69356.5,7.168904615479704,1,1787184012050
661,1787096032814,1787139232814,64717,0.6666666666666666,15,0.01232134056185313,-0.16417589836437843,0.3285369051191736,15,0.3372093023255814,0.8983486024839824,1,0.6964673630837104,0.01232134056185313,12,-0.025707099664261327,0.5714285714285714,0.6,,,64480,-0.36620980576973594,0,1787140812613
662,1787097613656,1787140813656,64700,0.5333333333333333,15,0.00154000154000154,-0.16417589836437843,0.12622375469490796,15,0.3372093023255814,0.6195181971932102,0,0.5358380994648559,0.00154000154000154,12,-0.009546072801252787,0.5714285714285714,0.4666666666666667,,,64480,-0.3400309119010819,0,1787151613332
663,1787097613924,1787184013924,64700,0,15,-0.8761162426734588,-0.952103520176622,-0.026180026180026177,21,0.3238831615120275,0.6195181971932102,0,0.08071315163354086,-0.8761162426734588,24,-0.009546072801252787,0.3076923076923077,0.2,,,69314,7.131375579598146,1,1787185799581
664,1787106369766,1787149569766,64370,0.7333333333333333,15,0.009240720776220545,-0.198458485254073,0.12622375469490796,15,0.4369817578772803,1.0972034088677562,1,0.7490196755767229,0.009240720776220545,12,-0.022502811011346716,0.5238095238095238,0.6333333333333333,knn-core-v1,0280f8fe79ac0eeb633dfffa91889cd77bfd030c,65932.5,2.427372999844648,1,1787151613458
665,1787106369806,1787192769806,64370,0.2,15,-0.026180026180026177,-0.26630133612462287,-0.010781671159029648,15,0.42538593481989706,1.0972034088677562,1,0.18641605259315042,-0.026180026180026177,24,-0.022502811011346716,0.3076923076923077,0.23333333333333334,knn-core-v1,0280f8fe79ac0eeb633dfffa91889cd77bfd030c,69297,7.654186732950132,1,1787194812194
666,1787106385235,1787192785235,64379,0.4,15,-0.10153689943231642,-1.2868466139083568,0.45724954116828054,15,0.42538593481989706,1.1147040773340409,1,0.42581779632928385,-0.10153689943231642,24,-0.028806190477943906,0.4358974358974359,0.6333333333333333,knn-core-v1,0280f8fe79ac0eeb633dfffa91889cd77bfd030c,69297,7.6391369856630265,1,1787194812286
667,1787106387273,1787192787273,64380,0.8,15,0.053313531164612744,0.04918605020150414,0.2895961058566191,15,0.4228130360205832,1.4123234140824894,1,0.7906088986384013,0.053313531164612744,24,-0.0413395761422531,0.4358974358974359,0.8666666666666667,knn-core-v1,0280f8fe79ac0eeb633dfffa91889cd77bfd030c,69297,7.637465051258155,1,1787194812374
668,1787106387475,1787149587475,64380,0.4,15,-0.047602424550157084,-0.11968945438860885,0.6095664614044909,15,0.43449419568822556,0.4860285162953958,0,0.48486088775994873,-0.047602424550157084,12,-0.0413395761422531,0.47619047619047616,0.8,knn-core-v1,0280f8fe79ac0eeb633dfffa91889cd77bfd030c,65932.5,2.411463187325256,1,1787151613592
669,1787108413464,1787151613464,64319.1,1,15,0.6690524350396764,0.6674861134881984,0.6690524350396764,15,0.39742558326629124,0.46705852484488997,0,1,0.6674861134881984,12,-0.05615544354107742,0.55,0.8666666666666667,knn-core-v1,0280f8fe79ac0eeb633dfffa91889cd77bfd030c,65932.5,2.5084306216971344,1,1787152038859
670,1787108413920,1787194813920,64319.1,0.13333333333333333,15,-0.6591035253829134,-1.6044999769468393,-0.6241396571142535,15,0.3713550600343053,1.669236543025345,1,0.13216073155363098,-0.6591035253829134,24,-0.05615544354107742,0.3076923076923077,0.6,knn-core-v1,0280f8fe79ac0eeb633dfffa91889cd77bfd030c,69297,7.739380681632675,1,1787205650692
671,1787116409902,1787159609902,64377,0.9333333333333333,15,0.6622309442459402,0.6598699024268202,0.6674861134881984,15,0.412711182622687,0.79408453574471,1,0.9377706400007211,0.6622309442459402,12,-0.054769800237172366,0.55,0.8333333333333334,knn-core-v1,0280f8fe79ac0eeb633dfffa91889cd77bfd030c,68171,5.893409136803516,1,1787162412309
672,1787116410169,1787202810169,64377,0,15,-0.6598802207940455,-0.661433575181386,-0.6591035253829134,15,0.386986301369863,1.1854909957080284,1,0,-0.6598802207940455,24,-0.054769800237172366,0.3076923076923077,0.6666666666666666,knn-core-v1,0280f8fe79ac0eeb633dfffa91889cd77bfd030c,69399,7.800922689780513,1,1787205650769
673,1787116416035,1787202816035,64376,0.26666666666666666,15,-0.6591035253829134,-0.661433575181386,0.2895961058566191,15,0.386986301369863,1.1563241631162435,1,0.27120987504575716,-0.6591035253829134,24,-0.050754566073406795,0.717948717948718,0.8333333333333334,knn-core-v1,0280f8fe79ac0eeb633dfffa91889cd77bfd030c,69399,7.802597241207904,1,1787205650835
674,1787117453917,1787203853917,64327,1,15,0.45724954116828054,0.053313531164612744,1.0377566791786266,21,0.1095890410958904,1.3819281400386578,1,1,0.4742117617204847,24,-0.03033470114291316,0.6923076923076923,1,knn-core-v1,0280f8fe79ac0eeb633dfffa91889cd77bfd030c,69399,7.8847140392059325,1,1787205650898
675,1787117454171,1787160654171,64327,0.5333333333333333,15,0.48417480111469186,-0.047602424550157084,0.6674861134881984,21,0.13493975903614458,1.016136147835033,1,0.4710101011263999,-0.028547865254076002,12,-0.03033470114291316,0.5714285714285714,0.8666666666666667,knn-core-v1,0280f8fe79ac0eeb633dfffa91889cd77bfd030c,68171,5.97571781677989,1,1787162412367
676,1787117458712,1787203858712,64321,1,15,0.45724954116828054,0.053313531164612744,1.0377566791786266,21,0.1095890410958904,1.4133995333007763,1,1,1.0377566791786266,24,-0.02666368728558027,0.6923076923076923,1,knn-core-v1,0280f8fe79ac0eeb633dfffa91889cd77bfd030c,69399,7.894777755320968,1,1787205650921
677,1787117467948,1787203867948,64321,1,15,0.45724954116828054,0.053313531164612744,1.0377566791786266,21,0.1095890410958904,1.41208991890525,1,1,1.0377566791786266,24,-0.019276393831553072,0.6923076923076923,1,knn-core-v1,0280f8fe79ac0eeb633dfffa91889cd77bfd030c,69399,7.894777755320968,1,1787205650994
678,1787117468150,1787160668150,64321,0.5333333333333333,15,0.48417480111469186,-0.047602424550157084,0.6674861134881984,21,0.13493975903614458,1.038332473372006,1,0.5505017814485769,0.48417480111469186,12,-0.019276393831553072,0.5714285714285714,0.8666666666666667,knn-core-v1,0280f8fe79ac0eeb633dfffa91889cd77bfd030c,68171,5.985603457657686,1,1787162412466
679,1787117473659,1787160673659,64318,0.5333333333333333,15,0.48417480111469186,-0.047602424550157084,0.6674861134881984,21,0.09879518072289156,0.9518192032334445,1,0.46998637734752463,-0.028547865254076002,12,-0.012237297409346008,0.5714285714285714,0.8333333333333334,knn-core-v1,0280f8fe79ac0eeb633dfffa91889cd77bfd030c,68171,5.990546969744084,1,1787162412564
680,1787117473978,1787203873978,64318,1,15,0.45724954116828054,0.053313531164612744,1.0377566791786266,21,0.07448630136986302,1.2497914420747722,1,1,0.4742117617204847,24,-0.012237297409346008,0.6923076923076923,1,knn-core-v1,0280f8fe79ac0eeb633dfffa91889cd77bfd030c,69399,7.899810317484997,1,1787205651070
681,1787119212392,1787162412392,64217,0.5333333333333333,15,0.48417480111469186,-0.047602424550157084,0.6674861134881984,21,0.14056224899598393,0.9516678081839766,1,0.46989581762231136,-0.028547865254076002,12,-0.013281106944439939,0.5714285714285714,0.8333333333333334,knn-core-v1,0280f8fe79ac0eeb633dfffa91889cd77bfd030c,68171,6.157248080726287,1,1787169234496
682,1787119212631,1787205612631,64217,1,15,0.45724954116828054,0.053313531164612744,1.0377566791786266,21,0.11469838572642312,1.2488982482739914,1,1,0.4742117617204847,24,-0.013281106944439939,0.6923076923076923,1,knn-core-v1,0280f8fe79ac0eeb633dfffa91889cd77bfd030c,69399,8.069514303066166,1,1787205651136
683,1787130013412,1787173213412,64386,0.4,15,-0.028547865254076002,-0.049822764243124706,0.48417480111469186,21,0.26746031746031745,0.6947818741647227,1,0.4652486645569401,-0.028547865254076002,12,-0.008803098359042997,0.5217391304347826,0.7333333333333333,knn-core-v1,0280f8fe79ac0eeb633dfffa91889cd77bfd030c,69079,7.288851613704843,1,1787182091100
684,1787130013417,1787216413417,64386,0.8,15,0.053313531164612744,0.04918605020150414,0.4742117617204847,21,0.25666666666666665,0.6947818741647227,1,0.8314138616493061,0.055536161975183275,24,-0.008803098359042997,0.4146341463414634,0.7,knn-core-v1,0280f8fe79ac0eeb633dfffa91889cd77bfd030c,71529,11.094026651756593,1,1787216451408
685,1787134755324,1787221155324,64360,0.8666666666666667,15,0.055536161975183275,0.04918605020150414,1.0377566791786266,21,0.26166666666666666,0.5808563731135391,0,0.7993153153652037,0.055536161975183275,24,-0.005180318608468665,0.4634146341463415,0.7333333333333333,knn-core-v1,0280f8fe79ac0eeb633dfffa91889cd77bfd030c,71779,11.527346177750156,1,1787223302536
686,1787134755441,1787177955441,64360,0.4,15,-0.028547865254076002,-0.049822764243124706,0.48417480111469186,21,0.2722222222222222,0.5808563731135391,0,0.35478942535216856,-0.047602424550157084,12,-0.005180318608468665,0.5217391304347826,0.8,knn-core-v1,0280f8fe79ac0eeb633dfffa91889cd77bfd030c,69381,7.8014294592914855,1,1787182091356
687,1787134760051,1787221160051,64359,0.8666666666666667,15,0.055536161975183275,0.04918605020150414,1.0377566791786266,21,0.24666666666666667,0.5808805371492839,0,0.7992387116014055,0.055536161975183275,24,-0.004177660363651576,0.4634146341463415,0.7333333333333333,knn-core-v1,0280f8fe79ac0eeb633dfffa91889cd77bfd030c,71779,11.529079072080052,1,1787223302794
688,1787137121797,1787223521797,64399,0.7333333333333333,15,0.053313531164612744,-0.0539468464894883,0.4742117617204847,21,0.2562396006655574,0.7287598447378558,1,0.7570964690394745,0.053313531164612744,24,0.004532950665955963,0.6097560975609756,0.7333333333333333,knn-core-v1,0280f8fe79ac0eeb633dfffa91889cd77bfd030c,71883.8,11.622540722682034,1,1787223928182
689,1787137122601,1787180322601,64399,0.4,15,-0.028547865254076002,-0.049822764243124706,0.48417480111469186,21,0.26746031746031745,0.7287598447378558,1,0.46331687837296687,-0.028547865254076002,12,0.004532950665955963,0.5217391304347826,0.7666666666666667,knn-core-v1,0280f8fe79ac0eeb633dfffa91889cd77bfd030c,69381,7.7361449711952055,1,1787182091609
690,1787137127145,1787223527145,64399,0.7333333333333333,15,0.053313531164612744,-0.0539468464894883,0.45724954116828054,21,0.2562396006655574,0.6101227045513297,0,0.8325059434327554,0.055536161975183275,24,0.01127853769762515,0.6097560975609756,0.7333333333333333,knn-core-v1,0280f8fe79ac0eeb633dfffa91889cd77bfd030c,71883.8,11.622540722682034,1,1787223928434
691,1787137150937,1787180350937,64406,0.4,15,-0.012689751439493678,-0.548502287518119,0.3285369051191736,21,0.22063492063492063,0.3529706923265435,0,0.3476870529443713,-0.049822764243124706,12,0.014485482327712207,0.5217391304347826,0.5333333333333333,knn-core-v1,0280f8fe79ac0eeb633dfffa91889cd77bfd030c,69381,7.724435611588983,1,1787182091863
692,1787137151176,1787223551176,64406,0.6666666666666666,15,0.3614285940744733,-1.3002492144327664,1.2382352021512772,21,0.20881863560732114,0.3529706923265435,0,0.7650130410507431,0.3614285940744733,24,0.014485482327712207,0.6097560975609756,0.6666666666666666,knn-core-v1,0280f8fe79ac0eeb633dfffa91889cd77bfd030c,71883.8,11.610408968108565,1,1787223928690
693,1787137337304,1787180537304,64429,0.4,15,-0.012689751439493678,-0.548502287518119,0.40977601892649645,21,0.05952380952380952,0.2260912334552209,0,0.4471222306475497,-0.012689751439493678,12,0.014048403741801354,0.5217391304347826,0.5,knn-core-v1,0280f8fe79ac0eeb633dfffa91889cd77bfd030c,69381,7.685979915876391,1,1787182092112
694,1787137338174,1787223738174,64429,0.6666666666666666,15,0.3614285940744733,-1.3002492144327664,1.2382352021512772,21,0.04658901830282862,0.2260912334552209,0,0.7596466581645757,0.36301956184014456,24,0.014048403741801354,0.6097560975609756,0.6666666666666666,knn-core-v1,0280f8fe79ac0eeb633dfffa91889cd77bfd030c,71938,11.654689658383647,1,1787223928951
695,1787140814015,1787227214015,64480,0.7333333333333333,15,0.3614285940744733,-1.2868466139083568,1.2382352021512772,21,0.06572379367720466,0.13351925154751365,0,0.8145904252788929,0.48217996098148996,24,0.015276508125283222,0.6097560975609756,0.6333333333333333,knn-core-v1,0280f8fe79ac0eeb633dfffa91889cd77bfd030c,71924,11.544665012406947,1,1787227250857
696,1787140814160,1787184014160,64480,0.26666666666666666,15,-0.07450619828160172,-0.548502287518119,0.3285369051191736,21,0.07765451664025357,0.13351925154751365,0,0.4617348214349723,-0.012689751439493678,12,0.015276508125283222,0.5652173913043478,0.43333333333333335,knn-core-v1,0280f8fe79ac0eeb633dfffa91889cd77bfd030c,69314,7.496898263027295,1,1787185799833
697,1787151614322,1787194814322,65932.5,0.06666666666666667,15,-0.8033621221468251,-0.8033621221468251,-0.8033621221468251,9,0.862992125984252,0.5629107311153247,0,0,-0.8033621221468251,12,0.0843566429542151,0.5217391304347826,0.43333333333333335,knn-core-v1,0280f8fe79ac0eeb633dfffa91889cd77bfd030c,69297,5.102946194972131,1,1787205651209
698,1787151614557,1787238014557,65932.5,0.2,15,-0.26630133612462287,-0.952103520176622,-0.015401675702316412,9,0.8612956810631229,0.8776992053428946,1,0.37079045827345414,-0.026180026180026177,24,0.0843566429542151,0.34146341463414637,0.3,knn-core-v1,0280f8fe79ac0eeb633dfffa91889cd77bfd030c,71829,8.943237401888295,1,1787238051513
699,1787152040379,1787195240379,66472,0.13333333333333333,15,-0.8033621221468251,-0.8033621221468251,-0.8013732539363043,9,0.8811023622047244,0.40400648266007794,0,0.4218724780447146,-0.6436340569059149,12,0.1783841545478759,0.5217391304347826,0.4,knn-core-v1,0280f8fe79ac0eeb633dfffa91889cd77bfd030c,69297,4.249909736430377,1,1787205651278
700,1787152040662,1787238440662,66472,0.06666666666666667,15,-0.26630133612462287,-0.952103520176622,-0.0215610176800345,9,0.8803986710963455,1.349524955770584,1,0.11711946297669694,-0.026180026180026177,24,0.1783841545478759,0.34146341463414637,0.16666666666666666,knn-core-v1,0280f8fe79ac0eeb633dfffa91889cd77bfd030c,71829,8.059032374533638,1,1787248850851
701,1787152045766,1787238445766,66481,0.06666666666666667,15,-0.26630133612462287,-0.952103520176622,-0.0215610176800345,9,0.8795681063122923,1.44546057880341,1,0.12206817714715505,-0.026180026180026177,24,0.22644913568443614,0.34146341463414637,0.16666666666666666,knn-core-v1,0280f8fe79ac0eeb633dfffa91889cd77bfd030c,71829,8.044403664204811,1,1787248850914
702,1787152082638,1787238482638,66434,0.06666666666666667,15,-0.26630133612462287,-0.952103520176622,-0.0215610176800345,9,0.8820598006644518,1.4686652664886874,1,0.12288823209830846,-0.026180026180026177,24,0.31718872279694327,0.34146341463414637,0.16666666666666666,knn-core-v1,0280f8fe79ac0eeb633dfffa91889cd77bfd030c,71829,8.120841737664449,1,1787248850988
703,1787152082801,1787195282801,66434,0.13333333333333333,15,-0.8033621221468251,-0.8033621221468251,-0.8013732539363043,9,0.8826771653543307,0.5956031091436516,0,0.32364182454807905,-0.8033621221468251,12,0.31718872279694327,0.5217391304347826,0.43333333333333335,knn-core-v1,0280f8fe79ac0eeb633dfffa91889cd77bfd030c,69297,4.309540295631755,1,1787205651353
704,1787152095432,1787238495432,66382,0.06666666666666667,15,-0.26630133612462287,-0.952103520176622,-0.0215610176800345,9,0.8845514950166113,1.4185958696565752,1,0.12074361545315951,-0.026180026180026177,24,0.3478920906317806,0.34146341463414637,0.16666666666666666,knn-core-v1,0280f8fe79ac0eeb633dfffa91889cd77bfd030c,71829,8.205537645747341,1,1787248851056
705,1787152095580,1787195295580,66382,0.13333333333333333,15,-0.8033621221468251,-0.8033621221468251,-0.8013732539363043,9,0.8850393700787401,0.5057317870900898,0,0.36156053207073363,-0.8033621221468251,12,0.3478920906317806,0.5217391304347826,0.4,knn-core-v1,0280f8fe79ac0eeb633dfffa91889cd77bfd030c,69297,4.391250640233799,1,1787205651421
706,1787162413737,1787248813737,68171,0.3333333333333333,15,-0.0215610176800345,-0.26630133612462287,0.348605577689243,9,0.9074818986323411,0.9307833248358198,1,0.4378722244414506,-0.01848144155244109,24,0.3870178225181772,0.7560975609756098,0.23333333333333334,knn-core-v1,0280f8fe79ac0eeb633dfffa91889cd77bfd030c,72797,6.7858766924352,1,1787248851119
707,1787162413737,1787205613737,68171,0.13333333333333333,15,-0.8033621221468251,-0.8033621221468251,-0.8013732539363043,9,0.9099451840250588,0.9249733847812114,1,0.28163405489353355,-0.8013732539363043,12,0.3870178225181772,0.5217391304347826,0.3333333333333333,knn-core-v1,0280f8fe79ac0eeb633dfffa91889cd77bfd030c,69399,1.8013524812603599,1,1787205651495
708,1787169236602,1787212436602,68394,0.13333333333333333,15,-0.8033621221468251,-0.8033621221468251,-0.8013732539363043,9,0.9103663289166017,0.9622405337816536,1,0.27658726001624456,-0.8013732539363043,12,0.4148836276054487,0.5217391304347826,0.3333333333333333,knn-core-v1,0280f8fe79ac0eeb633dfffa91889cd77bfd030c,71529,4.583735415387315,1,1787216451461
709,1787169237285,1787255637285,68394,0.3333333333333333,15,-0.0215610176800345,-0.938434409261673,0.348605577689243,9,0.9076305220883534,0.979078030861028,1,0.4314748634039081,-0.01848144155244109,24,0.4148836276054487,0.7560975609756098,0.26666666666666666,knn-core-v1,0280f8fe79ac0eeb633dfffa91889cd77bfd030c,72620,6.178904582273299,1,1787259651283
710,1787169242294,1787255642294,68377,0.3333333333333333,15,-0.0215610176800345,-0.938434409261673,0.348605577689243,9,0.8971887550200803,0.9777121070496537,1,0.43148027198043043,-0.01848144155244109,24,0.42995401157267343,0.7560975609756098,0.26666666666666666,knn-core-v1,0280f8fe79ac0eeb633dfffa91889cd77bfd030c,72620,6.205302952747268,1,1787259651343
711,1787169255796,1787212455796,68380,0.13333333333333333,15,-0.8033621221468251,-0.8033621221468251,-0.8013732539363043,9,0.9002338269680437,0.9597302288606302,1,0.2770817162031085,-0.8013732539363043,12,0.46213398463161026,0.5217391304347826,0.3333333333333333,knn-core-v1,0280f8fe79ac0eeb633dfffa91889cd77bfd030c,71529,4.6051477040070194,1,1787216451517
712,1787169256072,1787255656072,68380,0.3333333333333333,15,-0.0215610176800345,-0.938434409261673,0.348605577689243,9,0.8971887550200803,0.9750183913008971,1,0.4314913980196945,-0.01848144155244109,24,0.46213398463161026,0.7560975609756098,0.26666666666666666,knn-core-v1,0280f8fe79ac0eeb633dfffa91889cd77bfd030c,72620,6.200643463000877,1,1787259651405
713,1787169276881,1787212476881,68382,0.13333333333333333,15,-0.8033621221468251,-0.8033621221468251,-0.8013732539363043,9,0.9002338269680437,0.958086854664512,1,0.2774049568893643,-0.8013732539363043,12,0.4294866184359696,0.5217391304347826,0.3333333333333333,knn-core-v1,0280f8fe79ac0eeb633dfffa91889cd77bfd030c,71529,4.602088268842678,1,1787216451581
714,1787169277133,1787255677133,68382,0.3333333333333333,15,-0.0215610176800345,-0.938434409261673,0.348605577689243,9,0.8971887550200803,0.9723743265660852,1,0.4315029192301658,-0.01848144155244109,24,0.4294866184359696,0.7560975609756098,0.26666666666666666,knn-core-v1,0280f8fe79ac0eeb633dfffa91889cd77bfd030c,72620,6.197537363633705,1,1787259651486
715,1787169300537,1787255700537,68386,0.3333333333333333,15,-0.0215610176800345,-0.26630133612462287,0.348605577689243,9,0.8971887550200803,0.9697785333885645,1,0.4315148164298944,-0.01848144155244109,24,0.32350699692610707,0.7560975609756098,0.26666666666666666,knn-core-v1,0280f8fe79ac0eeb633dfffa91889cd77bfd030c,72620,6.191325709940631,1,1787259651564
716,1787169301112,1787212501112,68386,0.13333333333333333,15,-0.8033621221468251,-0.8033621221468251,-0.8013732539363043,9,0.9004665629860031,0.956467071349163,1,0.27772324432849876,-0.8013732539363043,12,0.32350699692610707,0.5217391304347826,0.3333333333333333,knn-core-v1,0280f8fe79ac0eeb633dfffa91889cd77bfd030c,71529,4.595969935366888,1,1787216451635
717,1787169305833,1787255705833,68385,0.3333333333333333,15,-0.0215610176800345,-0.26630133612462287,0.348605577689243,9,0.8971887550200803,0.9672296871085381,1,0.4315270713401348,-0.01848144155244109,24,0.23245050630499364,0.7560975609756098,0.26666666666666666,knn-core-v1,0280f8fe79ac0eeb633dfffa91889cd77bfd030c,72620,6.192878555238722,1,1787259651652
718,1787169306681,1787212506681,68385,0.13333333333333333,15,-0.8033621221468251,-0.8033621221468251,-0.8013732539363043,9,0.9004665629860031,0.9548704307872218,1,0.27803671294195054,-0.8013732539363043,12,0.23245050630499364,0.5217391304347826,0.3333333333333333,knn-core-v1,0280f8fe79ac0eeb633dfffa91889cd77bfd030c,71529,4.59749945163413,1,1787216451694
719,1787169384903,1787255784903,68400,0.3333333333333333,15,-0.0215610176800345,-0.26630133612462287,0.348605577689243,21,0.04899598393574297,0.9634916726297492,1,0.2982425102315536,-0.026180026180026177,24,0.14417574186598564,0.7560975609756098,0.26666666666666666,knn-core-v1,0280f8fe79ac0eeb633dfffa91889cd77bfd030c,72620,6.169590643274854,1,1787259651730
720,1787169385883,1787212585883,68400,0.13333333333333333,15,-0.8033621221468251,-0.8033621221468251,-0.8013732539363043,21,0.047286821705426356,0.9525179114775592,1,0.24885748744530206,-0.8033621221468251,12,0.14417574186598564,0.5217391304347826,0.3333333333333333,knn-core-v1,0280f8fe79ac0eeb633dfffa91889cd77bfd030c,71529,4.574561403508772,1,1787216451747
721,1787169390015,1787255790015,68402,0.3333333333333333,15,-0.0215610176800345,-0.26630133612462287,0.348605577689243,21,0.04899598393574297,0.96226779372039,1,0.29825013303804376,-0.026180026180026177,24,0.11780835349859994,0.7560975609756098,0.26666666666666666,knn-core-v1,0280f8fe79ac0eeb633dfffa91889cd77bfd030c,72620,6.166486360047952,1,1787259651809
722,1787169446803,1787212646803,68406.6,0.13333333333333333,15,-0.8033621221468251,-0.8033621221468251,-0.8013732539363043,21,0.04263565891472868,0.9502150601555347,1,0.2493198516438214,-0.8033621221468251,12,0.06388354453932402,0.5217391304347826,0.3333333333333333,knn-core-v1,0280f8fe79ac0eeb633dfffa91889cd77bfd030c,71529,4.564471849207523,1,1787216451767
723,1787169447287,1787255847287,68406.6,0.3333333333333333,15,-0.0215610176800345,-0.26630133612462287,0.348605577689243,21,0.04417670682730924,0.9598523465977252,1,0.29826542986653143,-0.026180026180026177,24,0.06388354453932402,0.7560975609756098,0.26666666666666666,knn-core-v1,0280f8fe79ac0eeb633dfffa91889cd77bfd030c,72620,6.159347197492631,1,1787259651887
724,1787173212767,1787216412767,69079,0.13333333333333333,15,-0.8033621221468251,-0.8033621221468251,-0.8013732539363043,15,0.6199690402476781,0.9487067408980271,1,0.176756116311973,-0.8033621221468251,12,0.039282617327016274,0.5217391304347826,0.3333333333333333,knn-core-v1,0280f8fe79ac0eeb633dfffa91889cd77bfd030c,71529,3.5466639644465032,1,1787216451796
725,1787173214012,1787259614012,69079,1,15,2.378161628624306,2.3765827177248964,2.378161628624306,15,0.609697933227345,0.9574790415122856,1,1,2.378161628624306,24,0.039282617327016274,0.7,0.26666666666666666,knn-core-v1,0280f8fe79ac0eeb633dfffa91889cd77bfd030c,72620,5.126015142083702,1,1787259651958
726,1787182094070,1787268494070,69381,1,15,2.378161628624306,2.3765827177248964,2.378161628624306,15,0.6253968253968254,1.2076853906837322,1,1,2.378161628624306,24,0.07795106256549529,0.7,0.26666666666666666,knn-core-v1,0280f8fe79ac0eeb633dfffa91889cd77bfd030c,72930,5.115233277121979,1,1787270450697
727,1787182094312,1787225294312,69381,0.13333333333333333,15,-0.8033621221468251,-0.8033621221468251,-0.3400309119010819,15,0.6352395672333848,1.2076853906837322,1,0.16821073907674303,-0.8013732539363043,12,0.07795106256549529,0.5217391304347826,0.3333333333333333,knn-core-v1,0280f8fe79ac0eeb633dfffa91889cd77bfd030c,71928,3.671033856531327,1,1787226443317
728,1787184012623,1787270412623,69314,0.9333333333333333,15,2.378161628624306,2.3765827177248964,2.378161628624306,15,0.6317460317460317,1.2099878722164963,1,0.9385636049578465,2.378161628624306,24,0.1571242996774897,0.4634146341463415,0.3,knn-core-v1,0280f8fe79ac0eeb633dfffa91889cd77bfd030c,73069.2,5.4176645410739495,1,1787270450762
729,1787184012899,1787227212899,69314,0.2,15,-0.8013732539363043,-0.8033621221468251,-0.3400309119010819,15,0.6414219474497682,1.2099878722164963,1,0.23090054520800082,-0.6436340569059149,12,0.1571242996774897,0.5652173913043478,0.3333333333333333,knn-core-v1,0280f8fe79ac0eeb633dfffa91889cd77bfd030c,71924,3.7654730646045533,1,1787227250877
730,1787185801486,1787272201486,69595,0.5333333333333333,15,0.3251855424686095,-0.10153689943231642,2.378161628624306,15,0.6468253968253969,1.2275470628271115,1,0.5601338743642434,0.3251855424686095,24,0.1498139579346072,0.36585365853658536,0.3,knn-core-v1,0280f8fe79ac0eeb633dfffa91889cd77bfd030c,73069.2,4.9920252891730685,1,1787281250729
731,1787185802182,1787229002182,69595,0.7333333333333333,15,0.12622375469490796,-0.198458485254073,0.6909860557768924,15,0.6561051004636785,1.2275470628271115,1,0.7512723666231589,0.12622375469490796,12,0.1498139579346072,0.34782608695652173,0.36666666666666664,knn-core-v1,0280f8fe79ac0eeb633dfffa91889cd77bfd030c,71836,3.220058912278181,1,1787230492370
732,1787185807532,1787272207532,69600,0.5333333333333333,15,0.3251855424686095,-0.10153689943231642,0.348605577689243,15,0.6468253968253969,1.1611535889338498,1,0.5553184175470688,0.3251855424686095,24,0.14086039313192092,0.36585365853658536,0.3,knn-core-v1,0280f8fe79ac0eeb633dfffa91889cd77bfd030c,73069.2,4.984482758620685,1,1787281250802
733,1787185840967,1787229040967,69566,0.7333333333333333,15,0.12622375469490796,-0.198458485254073,0.6909860557768924,15,0.45054095826893353,1.1587157262930634,1,0.7557264555231896,0.12622375469490796,12,0.12324006664195129,0.34782608695652173,0.36666666666666664,knn-core-v1,0280f8fe79ac0eeb633dfffa91889cd77bfd030c,71836,3.263088290256735,1,1787230492638
734,1787185841225,1787272241225,69566,0.5333333333333333,15,0.3251855424686095,-0.10153689943231642,0.348605577689243,15,0.4396825396825397,1.1587157262930634,1,0.5552775252611227,0.3251855424686095,24,0.12324006664195129,0.36585365853658536,0.3,knn-core-v1,0280f8fe79ac0eeb633dfffa91889cd77bfd030c,73069.2,5.035793347324838,1,1787281250877
735,1787185864490,1787229064490,69531,0.7333333333333333,15,0.12622375469490796,-0.198458485254073,0.6909860557768924,21,0.3261205564142195,1.11264536793673,1,0.6533666662581282,0.12622375469490796,12,0.10554126219256484,0.34782608695652173,0.36666666666666664,knn-core-v1,0280f8fe79ac0eeb633dfffa91889cd77bfd030c,71836,3.3150680991212553,1,1787230492938
736,1787185864756,1787272264756,69531,0.5333333333333333,15,0.3251855424686095,-0.10153689943231642,0.348605577689243,21,0.3246031746031746,1.11264536793673,1,0.4164098766961228,-0.01848144155244109,24,0.10554126219256484,0.36585365853658536,0.3,knn-core-v1,0280f8fe79ac0eeb633dfffa91889cd77bfd030c,73069.2,5.088665487336579,1,1787281250900
737,1787185869638,1787272269638,69529,0.5333333333333333,15,0.3251855424686095,-0.10153689943231642,0.348605577689243,21,0.3246031746031746,1.1020856054419177,1,0.41507583458829506,-0.01848144155244109,24,0.09769143255247667,0.36585365853658536,0.3,knn-core-v1,0280f8fe79ac0eeb633dfffa91889cd77bfd030c,73069.2,5.091688360252553,1,1787281250980
738,1787185882114,1787272282114,69528,0.5333333333333333,15,0.3251855424686095,-0.10153689943231642,0.348605577689243,21,0.3246031746031746,1.0999984639817557,1,0.4150361419884117,-0.01848144155244109,24,0.061746922063238674,0.36585365853658536,0.3,knn-core-v1,0280f8fe79ac0eeb633dfffa91889cd77bfd030c,73069.2,5.093199861926126,1,1787281251055
739,1787185882337,1787229082337,69528,0.7333333333333333,15,0.12622375469490796,-0.198458485254073,0.6909860557768924,21,0.3261205564142195,1.0999984639817557,1,0.6537531655152836,0.12622375469490796,12,0.061746922063238674,0.34782608695652173,0.36666666666666664,knn-core-v1,0280f8fe79ac0eeb633dfffa91889cd77bfd030c,71836,3.319525946381314,1,1787230493193
740,1787188290415,1787274690415,69285,0.6,15,0.3251855424686095,-0.10153689943231642,0.348605577689243,15,0.42698412698412697,0.9846426223760447,1,0.6247606509801805,0.3251855424686095,24,0.016105227450539862,0.36585365853658536,0.26666666666666666,knn-core-v1,0280f8fe79ac0eeb633dfffa91889cd77bfd030c,73069.2,5.461788265858407,1,1787281251133
741,1787188291530,1787231491530,69285,0.6666666666666666,15,0.6674861134881984,-0.198458485254073,0.6909860557768924,15,0.4394757131842714,0.9846426223760447,1,0.7238587715764007,0.6674861134881984,12,0.016105227450539862,0.5652173913043478,0.36666666666666664,knn-core-v1,0280f8fe79ac0eeb633dfffa91889cd77bfd030c,71853,3.706429963195497,1,1787238051580
742,1787188295464,1787274695464,69287,0.6,15,0.3251855424686095,-0.10153689943231642,0.348605577689243,15,0.42698412698412697,0.9836649219054286,1,0.6247514239763381,0.3251855424686095,24,0.0032030958229794545,0.36585365853658536,0.26666666666666666,knn-core-v1,0280f8fe79ac0eeb633dfffa91889cd77bfd030c,73069.2,5.4587440645431275,1,1787281251204
743,1787194813065,1787281213065,69297,0.8,15,0.32674653804263265,0.2674628351060521,0.32674653804263265,21,0.07527733755942947,1.00692235517581,1,0.8490125967989218,0.32674653804263265,24,-0.018819914179818677,0.4146341463414634,0.6,,,74415,7.385601108273085,1,1787281251273
744,1787194813325,1787238013325,69297,0.8,15,0.6690524350396764,0.6095664614044909,0.6690524350396764,21,0.07480916030534351,1.00692235517581,1,0.8490125967989218,0.6690524350396764,12,-0.018819914179818677,0.34782608695652173,0.5666666666666667,,,71829,3.6538378284774233,1,1787238051645
745,1787205651945,1787292051945,69399,1,15,0.32674653804263265,0.3251855424686095,0.32674653804263265,21,0.1377952755905512,0.8272857726000312,1,1,0.32674653804263265,24,-0.010131107235298484,0.7,0.5666666666666667,knn-core-v1,286bd281dbb46111a9d164712b596f0fd22ccfac,75404,8.65286243317627,1,1787302850695
746,1787205652115,1787248852115,69399,1,15,0.6690524350396764,0.6674861134881984,0.6690524350396764,21,0.14329037149355572,0.8272857726000312,1,1,0.6690524350396764,12,-0.010131107235298484,0.5,0.43333333333333335,knn-core-v1,286bd281dbb46111a9d164712b596f0fd22ccfac,72797,4.896324154526723,1,1787259652033
747,1787208080944,1787294480944,69754,1,15,0.32674653804263265,0.3251855424686095,0.32674653804263265,15,0.4149606299212598,0.8253872625807744,1,1,0.32674653804263265,24,0.014011781698912975,0.7,0.5666666666666667,knn-core-v1,286bd281dbb46111a9d164712b596f0fd22ccfac,75404,8.099893912893883,1,1787302850751
748,1787208081545,1787251281545,69754,1,15,0.6690524350396764,0.6674861134881984,0.6690524350396764,15,0.4245640636846095,0.8253872625807744,1,1,0.6690524350396764,12,0.014011781698912975,0.5,0.43333333333333335,knn-core-v1,286bd281dbb46111a9d164712b596f0fd22ccfac,72797,4.362473836625857,1,1787259652112
749,1787216452187,1787302852187,71529,0.5333333333333333,15,0.3251855424686095,-0.10153689943231642,0.348605577689243,9,0.8974158183241974,0.9909777934815593,1,0.4379211713700531,-0.01848144155244109,24,0.11692987150202581,0.4318181818181818,0.23333333333333334,knn-core-v1,286bd281dbb46111a9d164712b596f0fd22ccfac,78658,9.966586978707937,1,1787309136511
750,1787216452308,1787259652308,71529,1,15,4.235796693792211,0.6909860557768924,4.309540295631755,9,0.8993186979560939,0.9909777934815593,1,1,1.8013524812603599,12,0.11692987150202581,0.6,0.7,knn-core-v1,286bd281dbb46111a9d164712b596f0fd22ccfac,72620,1.5252554907799634,1,1787267798555
751,1787216904395,1787303304395,71664,0.5333333333333333,15,0.3251855424686095,-0.10153689943231642,0.348605577689243,9,0.8974158183241974,0.953796287723105,1,0.43267863934293327,-0.01848144155244109,24,0.22451651282079227,0.4318181818181818,0.23333333333333334,knn-core-v1,286bd281dbb46111a9d164712b596f0fd22ccfac,78658,9.759432909131503,1,1787309136984
752,1787216905080,1787260105080,71664,1,15,4.235796693792211,0.6909860557768924,4.309540295631755,9,0.8993186979560939,0.953796287723105,1,1,1.8013524812603599,12,0.22451651282079227,0.6,0.7,knn-core-v1,286bd281dbb46111a9d164712b596f0fd22ccfac,72620,1.3340031256977005,1,1787267798817
753,1787216913340,1787303313340,71737,0.5333333333333333,15,0.3251855424686095,-0.10153689943231642,0.348605577689243,9,0.8958496476115897,0.9527292269605624,1,0.43264084197665154,-0.01848144155244109,24,0.27433864577920236,0.4318181818181818,0.23333333333333334,knn-core-v1,286bd281dbb46111a9d164712b596f0fd22ccfac,78658,9.647741054128273,1,1787309137615
754,1787220107731,1787306507731,71725,0.4,15,-0.0215610176800345,-1.496412604280293,0.927681263013954,9,0.8963367108339828,1.9133222942692842,1,0.42693613641828193,-0.2885902941312278,24,0.36079463302646586,0.5227272727272727,0.3333333333333333,knn-core-v1,286bd281dbb46111a9d164712b596f0fd22ccfac,77896,8.603694667131405,1,1787309137878
755,1787220108642,1787263308642,71725,0.8,15,4.235796693792211,0.09636456892398079,4.309540295631755,9,0.8978046934140802,1.737870242853133,1,0.6638056051409029,1.8013524812603599,12,0.36079463302646586,0.4230769230769231,0.5666666666666667,knn-core-v1,286bd281dbb46111a9d164712b596f0fd22ccfac,72620,1.247821540606483,1,1787267799059
756,1787220116340,1787306516340,71735,0.4666666666666667,15,-0.01848144155244109,-1.496412604280293,0.9512115513141329,9,0.8963367108339828,1.950832688035169,1,0.42898981575961076,-0.0215610176800345,24,0.39792623214679224,0.5909090909090909,0.3,knn-core-v1,286bd281dbb46111a9d164712b596f0fd22ccfac,77896,8.588555098626891,1,1787309139302
757,1787220239545,1787263439545,71814,0.8,15,4.235796693792211,0.09636456892398079,4.309540295631755,9,0.8978046934140802,1.7258500440348885,1,0.7720720002160207,4.249909736430377,12,0.35015997876406196,0.4230769230769231,0.5666666666666667,knn-core-v1,286bd281dbb46111a9d164712b596f0fd22ccfac,72620,1.1223438326788648,1,1787267799319
758,1787220240378,1787306640378,71814,0.4666666666666667,15,-0.01848144155244109,-1.496412604280293,0.9512115513141329,9,0.8963367108339828,1.9453510652205561,1,0.4289880550624336,-0.0215610176800345,24,0.35015997876406196,0.5909090909090909,0.3,knn-core-v1,286bd281dbb46111a9d164712b596f0fd22ccfac,77896,8.469100732447712,1,1787309140438
759,1787220249098,1787306649098,71829,0.4666666666666667,15,-0.01848144155244109,-1.496412604280293,0.9512115513141329,9,0.8963367108339828,1.9426446166494031,1,0.42898718157789595,-0.0215610176800345,24,0.32180524490543205,0.5909090909090909,0.3,knn-core-v1,286bd281dbb46111a9d164712b596f0fd22ccfac,77896,8.446449205752552,1,1787309140864
760,1787220252070,1787263452070,71829,0.8,15,4.235796693792211,0.09636456892398079,4.309540295631755,9,0.8978046934140802,1.7182332180940743,1,0.7760121674676017,4.249909736430377,12,0.2935046610694337,0.4230769230769231,0.5666666666666667,knn-core-v1,286bd281dbb46111a9d164712b596f0fd22ccfac,72620,1.1012265241058625,1,1787267799561
761,1787220258363,1787306658363,71833,0.4,15,-0.0215610176800345,-0.3016684110078187,0.9512115513141329,9,0.8963367108339828,2.2860473715122103,1,0.4513066983645654,-0.01848144155244109,24,0.262810022883141,0.5227272727272727,0.36666666666666664,knn-core-v1,286bd281dbb46111a9d164712b596f0fd22ccfac,77896,8.440410396335945,1,1787309141167
762,1787220266866,1787306666866,71779,0.4,15,-0.0215610176800345,-0.3016684110078187,0.9512115513141329,21,0.19173811379579112,2.2824445486020646,1,0.34244053844916994,-0.26630133612462287,24,0.23147191433402356,0.5227272727272727,0.36666666666666664,knn-core-v1,286bd281dbb46111a9d164712b596f0fd22ccfac,77896,8.521991111606459,1,1787309141411
763,1787223304517,1787309704517,71910,0.4,15,-0.0215610176800345,-0.3016684110078187,0.9512115513141329,21,0.22987616099071206,2.2254794565909255,1,0.38528567669595337,-0.2339361292804925,24,0.20307049623044898,0.5227272727272727,0.3,knn-core-v1,286bd281dbb46111a9d164712b596f0fd22ccfac,78007,8.478653872896677,1,1787313650781
764,1787223312525,1787309712525,71897,0.4,15,-0.0215610176800345,-0.3016684110078187,0.9512115513141329,21,0.19736842105263158,2.2218261553086145,1,0.3852564606281413,-0.2339361292804925,24,0.17363581293594,0.5227272727272727,0.3,knn-core-v1,286bd281dbb46111a9d164712b596f0fd22ccfac,78007,8.498268356120562,1,1787313650796
765,1787223327340,1787309727340,71883.8,0.4,15,-0.0215610176800345,-0.3016684110078187,0.9512115513141329,21,0.19736842105263158,2.1746999627314025,1,0.38431072524462656,-0.2339361292804925,24,0.14124990288364325,0.5227272727272727,0.3,knn-core-v1,286bd281dbb46111a9d164712b596f0fd22ccfac,78007,8.518191859640137,1,1787313650891
766,1787223931260,1787267131260,71938,0.8666666666666667,15,4.235796693792211,0.009240720776220545,4.309540295631755,21,0.1920777279521674,1.3569415397481328,1,0.8684948379479317,4.235796693792211,12,0.08135106894201084,0.38461538461538464,0.5666666666666667,knn-core-v1,286bd281dbb46111a9d164712b596f0fd22ccfac,72942,1.395646250938308,1,1787267799804
767,1787223931366,1787310331366,71938,0.3333333333333333,15,-0.0215610176800345,-0.10153689943231642,0.348605577689243,21,0.19195046439628483,1.3569415397481328,1,0.38317691435199,-0.0215610176800345,24,0.08135106894201084,0.7727272727272727,0.3,knn-core-v1,286bd281dbb46111a9d164712b596f0fd22ccfac,78007,8.436431371458756,1,1787313650978
768,1787223944045,1787310344045,71925,0.3333333333333333,15,-0.0215610176800345,-0.10153689943231642,0.348605577689243,21,0.19349845201238391,1.3554920021605876,1,0.3831109518802993,-0.0215610176800345,24,0.05573974537079404,0.7727272727272727,0.3,knn-core-v1,286bd281dbb46111a9d164712b596f0fd22ccfac,78007,8.456030587417448,1,1787313651064
769,1787224072115,1787267272115,71879,0.8666666666666667,15,4.235796693792211,0.009240720776220545,4.309540295631755,21,0.18834080717488788,1.3526297572952792,1,0.8682510723015638,4.235796693792211,12,0.02790486912229604,0.38461538461538464,0.5666666666666667,knn-core-v1,286bd281dbb46111a9d164712b596f0fd22ccfac,72942,1.4788742191738895,1,1787267800052
770,1787224072403,1787310472403,71879,0.3333333333333333,15,-0.0215610176800345,-0.10153689943231642,0.348605577689243,21,0.18808049535603716,1.3526297572952792,1,0.3829801506579731,-0.0215610176800345,24,0.02790486912229604,0.7727272727272727,0.3,knn-core-v1,286bd281dbb46111a9d164712b596f0fd22ccfac,78007,8.525438584287484,1,1787313651132
771,1787224130691,1787267330691,71971,0.8666666666666667,15,4.235796693792211,0.009240720776220545,4.309540295631755,21,0.21524663677130046,1.310940090260208,1,0.8671404725164309,4.235796693792211,12,0.02265960652381422,0.38461538461538464,0.5666666666666667,knn-core-v1,286bd281dbb46111a9d164712b596f0fd22ccfac,72942,1.3491545205707853,1,1787267800311
772,1787224130921,1787310530921,71971,0.3333333333333333,15,-0.0215610176800345,-0.10153689943231642,0.348605577689243,21,0.21594427244582043,1.310940090260208,1,0.3813114948920891,-0.0215610176800345,24,0.02265960652381422,0.7727272727272727,0.3,knn-core-v1,286bd281dbb46111a9d164712b596f0fd22ccfac,78007,8.386711314279363,1,1787313651204
773,1787224150571,1787267350571,71928,0.8666666666666667,15,4.235796693792211,0.009240720776220545,4.309540295631755,21,0.2227204783258595,1.308368220605572,1,0.8669835539055734,4.235796693792211,12,0.01781257131588339,0.38461538461538464,0.5666666666666667,knn-core-v1,286bd281dbb46111a9d164712b596f0fd22ccfac,72942,1.409743076409743,1,1787267800557
774,1787224150745,1787310550745,71928,0.3333333333333333,15,-0.0215610176800345,-0.10153689943231642,0.348605577689243,21,0.22213622291021673,1.308368220605572,1,0.38118732092685437,-0.0215610176800345,24,0.01781257131588339,0.7727272727272727,0.3,knn-core-v1,286bd281dbb46111a9d164712b596f0fd22ccfac,78007,8.451507062618175,1,1787313651273
775,1787226444934,1787312844934,72211,0.4,15,-0.0215610176800345,-0.3016684110078187,0.927681263013954,21,0.32507739938080493,2.071257952623377,1,0.33348018346355635,-0.26630133612462287,24,0.024361917612494927,0.5227272727272727,0.26666666666666666,knn-core-v1,286bd281dbb46111a9d164712b596f0fd22ccfac,76721,6.2455858525709385,1,1787313651342
776,1787226445465,1787269645465,72211,1,15,4.59749945163413,4.583735415387315,4.6051477040070194,15,0.33134328358208953,1.7869960907017115,1,1,4.59749945163413,12,0.024361917612494927,0.6,0.5666666666666667,knn-core-v1,286bd281dbb46111a9d164712b596f0fd22ccfac,73069.2,1.1884615917242485,1,1787270450822
777,1787226454751,1787312854751,72198,0.4,15,-0.0215610176800345,-0.3016684110078187,0.927681263013954,21,0.32507739938080493,2.068305837963602,1,0.3334656825648459,-0.26630133612462287,24,0.029311202464664694,0.5227272727272727,0.26666666666666666,knn-core-v1,286bd281dbb46111a9d164712b596f0fd22ccfac,76721,6.264716474140558,1,1787313651421
778,1787227251362,1787270451362,71924,0.4,15,-0.6214715338348178,-1.4457127932523162,0.17237398999615236,15,0.45149253731343286,1.2768573914788723,1,0.3608324411385513,-0.6214715338348178,12,0.026325042239608756,0.6538461538461539,0.4666666666666667,knn-core-v1,286bd281dbb46111a9d164712b596f0fd22ccfac,73069.2,1.5922362493743354,1,1787281251341
779,1787227252619,1787313652619,71924,0.2,15,-1.366006737735936,-1.496412604280293,-0.2339361292804925,15,0.44969040247678016,1.2768573914788723,1,0.19709704126777272,-1.366006737735936,24,0.026325042239608756,0.75,0.26666666666666666,knn-core-v1,286bd281dbb46111a9d164712b596f0fd22ccfac,76721,6.6695400700739675,1,1787324450895
780,1787230495213,1787316895213,71836,0.26666666666666666,15,-1.366006737735936,-1.496412604280293,0.927681263013954,15,0.456656346749226,1.3198732727631617,1,0.2508109808531339,-1.366006737735936,24,0.018251260027966027,0.75,0.4666666666666667,knn-core-v1,286bd281dbb46111a9d164712b596f0fd22ccfac,76721,6.800211593073111,1,1787324450968
781,1787230495347,1787273695347,71836,0.3333333333333333,15,-0.6214715338348178,-1.4457127932523162,0.09636456892398079,15,0.4582089552238806,1.3198732727631617,1,0.30376489304801485,-0.6214715338348178,12,0.018251260027966027,0.5384615384615384,0.5666666666666667,knn-core-v1,286bd281dbb46111a9d164712b596f0fd22ccfac,73069.2,1.7166880115819325,1,1787281251408
782,1787230508710,1787316908710,71853,0.13333333333333333,15,-1.496412604280293,-1.6927582452966161,-1.366006737735936,15,0.456656346749226,1.3083353924334744,1,0.13112998987096755,-1.496412604280293,24,0.015380060547259692,0.38636363636363635,0.5,knn-core-v1,286bd281dbb46111a9d164712b596f0fd22ccfac,76721,6.774943286988713,1,1787324451040
783,1787238052722,1787324452722,71829,0.13333333333333333,15,-1.496412604280293,-1.6473329992344399,-1.366006737735936,15,0.4482225656877898,1.1148783168176843,1,0.13134277580181491,-1.496412604280293,24,-0.010758287326460204,0.38636363636363635,0.4,knn-core-v1,286bd281dbb46111a9d164712b596f0fd22ccfac,77377,7.723899817622409,1,1787328652034
784,1787238052737,1787281252737,71829,0.13333333333333333,15,-1.4457127932523162,-1.6421594933991628,-0.6214715338348178,15,0.44657332350773765,1.1148783168176843,1,0.13134277580181491,-1.4457127932523162,12,-0.010758287326460204,0.6538461538461539,0.5,knn-core-v1,286bd281dbb46111a9d164712b596f0fd22ccfac,74415,3.6002171824750446,1,1787281311575
785,1787248851742,1787335251742,72797,0.7333333333333333,15,0.348605577689243,-0.01848144155244109,7.131375579598146,9,0.767175572519084,1.609718214246585,1,0.7782401770121409,0.35016730215547426,24,0.016370796812378907,0.6363636363636364,0.5666666666666667,knn-core-v1,286bd281dbb46111a9d164712b596f0fd22ccfac,77426,6.358778521092902,1,1787346050775
786,1787248851742,1787292051742,72797,1,15,3.6331381429024723,3.61371075893694,3.657058772613174,9,0.7614879649890591,0.9933613447316991,1,1,3.6538378284774233,12,0.016370796812378907,0.6,0.7333333333333333,knn-core-v1,286bd281dbb46111a9d164712b596f0fd22ccfac,75404,3.5811915326181025,1,1787302850808
787,1787259652607,1787346052607,72620,0.2,15,-0.49758745476477684,-0.7693813330924312,-0.16813981828559088,9,0.7619408642911296,0,0,0.13403030946527483,-0.49758745476477684,24,0.049659305426936716,0.75,0.6,knn-core-v1,286bd281dbb46111a9d164712b596f0fd22ccfac,77464,6.670338749655742,1,1787356850787
788,1787259653780,1787302853780,72620,0.5714285714285714,14,0.2196102690999072,-0.6093330517933094,0.32668607171610825,9,0.7618353969410051,0,0,0.2830512624886083,-0.578462677588042,12,0.049659305426936716,0.6153846153846154,0.4,knn-core-v1,286bd281dbb46111a9d164712b596f0fd22ccfac,78658,8.31451390801432,1,1787309141684
789,1787267802567,1787311002567,72942,1,15,3.6538378284774233,3.6331381429024723,3.706429963195497,9,0.7694545454545455,0.7602707582801344,1,1,3.6538378284774233,12,0.09816324834470588,0.6,0.7,knn-core-v1,286bd281dbb46111a9d164712b596f0fd22ccfac,78007,6.943873214334677,1,1787313651494
790,1787267803236,1787354203236,72942,0.8666666666666667,15,0.35016730215547426,0.3251855424686095,7.6391369856630265,9,0.7683573050719152,1.2966104864081238,1,1,7.131375579598146,24,0.09816324834470588,0.5,0.8333333333333334,knn-core-v1,286bd281dbb46111a9d164712b596f0fd22ccfac,78336,7.394916509007156,1,1787356850846
791,1787267818443,1787311018443,72946.5,0.8666666666666667,15,3.6331381429024723,3.61371075893694,3.657058772613174,9,0.7563636363636363,0.8817637363510844,1,1,3.6538378284774233,12,0.14840862426379461,0.38461538461538464,0.7666666666666667,knn-core-v1,286bd281dbb46111a9d164712b596f0fd22ccfac,78007,6.937275948811801,1,1787313651565
792,1787267819103,1787354219103,72946.5,0.6,15,0.3251855424686095,-1.496412604280293,6.7858766924352,9,0.7547312641937926,1.3025389385614081,1,0.41199146015290394,-1.496412604280293,24,0.14840862426379461,0.4318181818181818,0.6333333333333333,knn-core-v1,286bd281dbb46111a9d164712b596f0fd22ccfac,78336,7.38829141905369,1,1787356850908
793,1787267932791,1787354332791,72930,0.6,15,0.3251855424686095,-1.496412604280293,6.7858766924352,21,0.04920514761544285,1.2920862689837496,1,0.5504942402261099,0.3251855424686095,24,0.05111581668431257,0.4318181818181818,0.6333333333333333,knn-core-v1,286bd281dbb46111a9d164712b596f0fd22ccfac,78336,7.4125874125874125,1,1787356850952
794,1787267933039,1787311133039,72930,0.8666666666666667,15,3.6331381429024723,3.61371075893694,3.657058772613174,21,0.05018181818181818,0.8747663232459404,1,0.8691879009871621,3.6331381429024723,12,0.05111581668431257,0.38461538461538464,0.7666666666666667,knn-core-v1,286bd281dbb46111a9d164712b596f0fd22ccfac,78007,6.961469902646374,1,1787313651629
795,1787270452634,1787356852634,73069.2,0.6666666666666666,15,0.3251855424686095,-1.496412604280293,6.7858766924352,21,0.161998485995458,1.3103826241089551,1,0.5532660481696384,0.3251855424686095,24,0.02987991162323924,0.6363636363636364,0.7333333333333333,knn-core-v1,286bd281dbb46111a9d164712b596f0fd22ccfac,78336,7.207961767748933,1,1787360808055
796,1787270452646,1787313652646,73069.2,1,15,3.6331381429024723,3.61371075893694,3.657058772613174,21,0.16014492753623188,0.9031381190536961,1,0.9166732113259758,3.61371075893694,12,0.02987991162323924,0.6,0.8,knn-core-v1,286bd281dbb46111a9d164712b596f0fd22ccfac,76721,4.997728180957234,1,1787324451158
797,1787281251928,1787324451928,74415,0.8666666666666667,15,3.61371075893694,0.009240720776220545,3.657058772613174,9,0.7880512091038406,0.5797756173620023,1,0.782340410029992,0.6674861134881984,12,0.07820969884233256,0.38461538461538464,0.7,knn-core-v1,286bd281dbb46111a9d164712b596f0fd22ccfac,77377,3.9803802996707653,1,1787328652564
798,1787281252097,1787367652097,74415,0.7333333333333333,15,0.3283075821935926,-0.01848144155244109,0.35016730215547426,9,0.7873134328358209,0.7629044529747032,1,0.5092293303423369,0.3251855424686095,24,0.07820969884233256,0.6363636363636364,0.5333333333333333,knn-core-v1,286bd281dbb46111a9d164712b596f0fd22ccfac,78464,5.44110730363502,1,1787378450596
799,1787281313245,1787367713245,74420,0.8666666666666667,15,8.044403664204811,0.348605577689243,8.120841737664449,9,0.7873134328358209,0.9054197915198383,1,0.7747838511724827,8.059032374533638,24,0.13697788090470606,0.5,0.6333333333333333,knn-core-v1,286bd281dbb46111a9d164712b596f0fd22ccfac,78464,5.434023112066648,1,1787378450654
800,1787281313724,1787324513724,74420,1,15,1.4139728884254432,1.395646250938308,1.4788742191738895,9,0.7880512091038406,0.5573338417172284,0,1,1.409743076409743,12,0.13697788090470606,0.6,0.7,knn-core-v1,286bd281dbb46111a9d164712b596f0fd22ccfac,77377,3.9733942488578338,1,1787328653021
801,1787281322882,1787367722882,74405,0.8666666666666667,15,8.044403664204811,0.348605577689243,8.120841737664449,9,0.7873134328358209,0.9050070779541036,1,0.77468390438908,8.059032374533638,24,0.16393651916524188,0.5,0.6333333333333333,knn-core-v1,286bd281dbb46111a9d164712b596f0fd22ccfac,78464,5.455278543108662,1,1787378450713
802,1787281328139,1787324528139,74404,1,15,1.4139728884254432,1.395646250938308,1.4788742191738895,9,0.7880512091038406,0.5263422485779848,0,1,1.409743076409743,12,0.19503181038732512,0.6,0.6666666666666666,knn-core-v1,286bd281dbb46111a9d164712b596f0fd22ccfac,77377,3.995752916509865,1,1787328653278
803,1787281332503,1787367732503,74447,0.8666666666666667,15,8.044403664204811,0.348605577689243,8.120841737664449,9,0.7873134328358209,0.9282421673736941,1,0.7851010751642696,8.059032374533638,24,0.2222290815447796,0.5,0.6333333333333333,knn-core-v1,286bd281dbb46111a9d164712b596f0fd22ccfac,78464,5.395784920816151,1,1787378450771
804,1787281340890,1787324540890,74431,1,15,1.4139728884254432,1.395646250938308,1.4788742191738895,9,0.7880512091038406,0.525889321193367,0,1,1.409743076409743,12,0.23018644963591905,0.6,0.6666666666666666,knn-core-v1,286bd281dbb46111a9d164712b596f0fd22ccfac,77377,3.9580282409211214,1,1787328653539
805,1787281341859,1787367741859,74431,0.8666666666666667,15,8.044403664204811,0.348605577689243,8.120841737664449,9,0.7873134328358209,0.9273553058255674,1,0.7848823961780772,8.059032374533638,24,0.23018644963591905,0.5,0.6333333333333333,knn-core-v1,286bd281dbb46111a9d164712b596f0fd22ccfac,78464,5.418441240880815,1,1787378450816
806,1787288032600,1787374432600,74997,1,15,6.178904582273299,5.152364954978986,6.197537363633705,9,0.799554565701559,0.8637509168871428,1,1,5.152364954978986,24,0.22279034305328907,0.7209302325581395,0.9333333333333333,knn-core-v1,286bd281dbb46111a9d164712b596f0fd22ccfac,77456,3.2787978185794096,1,1787378450899
807,1787292051286,1787378451286,75404,1,15,5.093199861926126,5.088665487336579,5.152364954978986,9,0.8056975894813733,0.8621810680987492,1,1,5.115233277121979,24,0.22451132138635554,0.7209302325581395,0.9333333333333333,knn-core-v1,286bd281dbb46111a9d164712b596f0fd22ccfac,77456,2.721341042915495,1,1787389250822
808,1787292051576,1787335251576,75404,1,15,1.1884615917242485,1.1223438326788648,1.247821540606483,9,0.8022678951098512,0.5765465364141819,1,1,1.2308850384041707,12,0.22451132138635554,0.6,0.9333333333333333,knn-core-v1,286bd281dbb46111a9d164712b596f0fd22ccfac,77426,2.681555355153573,1,1787346050861
809,1787302851202,1787389251202,78658,1,15,5.091688360252553,5.035793347324838,5.115233277121979,9,0.9431072210065645,1.5993935787607547,1,1,5.035793347324838,24,0.36142165781201474,0.7142857142857143,0.9666666666666667,knn-core-v1,286bd281dbb46111a9d164712b596f0fd22ccfac,77214,-1.8357954689923466,0,1787396148910
810,1787302851374,1787346051374,78658,1,15,1.1884615917242485,1.1223438326788648,1.247821540606483,9,0.9447983014861996,1.375781568351951,1,1,1.1223438326788648,12,0.36142165781201474,0.7083333333333334,0.9666666666666667,knn-core-v1,286bd281dbb46111a9d164712b596f0fd22ccfac,77464,-1.517963843474281,0,1787356851041
811,1787309142377,1787352342377,77896,1,15,3.3150680991212553,3.220058912278181,3.61371075893694,9,0.9497523000707714,1.10806229535711,1,1,3.263088290256735,12,0.46293210669721274,0.7083333333333334,0.8333333333333334,knn-core-v1,286bd281dbb46111a9d164712b596f0fd22ccfac,78336,0.564855705042621,1,1787356851118
812,1787309145417,1787395545417,77896,1,15,5.091688360252553,5.035793347324838,5.36749967554472,9,0.9482129832239241,1.10806229535711,1,1,5.035793347324838,24,0.46293210669721274,0.7142857142857143,1,knn-core-v1,286bd281dbb46111a9d164712b596f0fd22ccfac,76967,-1.1926157954195338,0,1787396149387
813,1787309158338,1787395558338,77934,1,15,5.093199861926126,5.088665487336579,5.387255891770267,9,0.9474835886214442,1.0503929938879684,1,1,5.093199861926126,24,0.5142419386286899,0.7142857142857143,1,knn-core-v1,286bd281dbb46111a9d164712b596f0fd22ccfac,76967,-1.2407934919290682,0,1787396149648
814,1787309215703,1787352415703,77989,1,15,3.319525946381314,3.3150680991212553,3.6331381429024723,9,0.9490445859872612,1.0389776120794898,1,1,3.3150680991212553,12,0.5678874618143525,0.7083333333333334,0.8333333333333334,knn-core-v1,286bd281dbb46111a9d164712b596f0fd22ccfac,78336,0.444934542050802,1,1787356851197
815,1787309215866,1787395615866,77989,1,15,5.093199861926126,5.088665487336579,5.387255891770267,9,0.9474835886214442,1.0389776120794898,1,1,5.088665487336579,24,0.5678874618143525,0.7142857142857143,1,knn-core-v1,286bd281dbb46111a9d164712b596f0fd22ccfac,76967,-1.3104412160689327,0,1787396149915
816,1787313652086,1787356852086,76721,1,15,1.7166880115819325,1.3340031256977005,3.318039954551338,9,0.9512367491166078,1.4086702863351468,1,1,3.3150680991212553,12,0.3014511577770765,0.7083333333333334,0.6666666666666666,knn-core-v1,286bd281dbb46111a9d164712b596f0fd22ccfac,78336,2.1050299135829826,1,1787360808320
817,1787313653312,1787400053312,76721,1,15,5.382696107417392,5.093199861926126,5.411581407426638,9,0.9498181818181818,1.5932244600094199,1,1,5.093199861926126,24,0.3014511577770765,0.7142857142857143,0.7333333333333333,knn-core-v1,286bd281dbb46111a9d164712b596f0fd22ccfac,77143.2,0.5503056529502967,1,1787410850697
818,1787324451916,1787410851916,77377,1,15,5.387255891770267,5.36749967554472,5.4587440645431275,9,0.8243340532757379,1.2839455696265731,1,1,5.411581407426638,24,0.18875932821360236,0.7142857142857143,0.8666666666666667,knn-core-v1,286bd281dbb46111a9d164712b596f0fd22ccfac,77044,-0.4303604430257053,0,1787421650614
819,1787324452687,1787367652687,77377,1,15,6.974671219538953,6.937275948811801,6.992278045234471,9,0.8294898672257163,1.1561599122254642,1,1,6.974671219538953,12,0.18875932821360236,0.7083333333333334,0.8333333333333334,knn-core-v1,286bd281dbb46111a9d164712b596f0fd22ccfac,78464,1.4048102149217467,1,1787378450981
820,1787328656787,1787415056787,77128.7,1,15,8.469100732447712,5.093199861926126,9.647741054128273,9,0.8008565310492506,1.4265495265744639,1,1,8.603694667131405,24,0.06554545289370597,0.7142857142857143,0.8666666666666667,knn-core-v1,286bd281dbb46111a9d164712b596f0fd22ccfac,77044,-0.10981644964844098,0,1787421650682
821,1787328657568,1787371857568,77128.7,1,15,6.974671219538953,6.937275948811801,6.992278045234471,9,0.8050314465408805,1.3692902690924373,1,1,6.974671219538953,12,0.06554545289370597,0.7083333333333334,0.8,knn-core-v1,286bd281dbb46111a9d164712b596f0fd22ccfac,78464,1.7312621631117897,1,1787378451056
822,1787328678967,1787415078967,77102,1,15,8.588555098626891,7.385601108273085,9.759432909131503,9,0.8008565310492506,1.3933035141846692,1,1,8.603694667131405,24,0.0038117158002498232,0.7142857142857143,0.8666666666666667,knn-core-v1,286bd281dbb46111a9d164712b596f0fd22ccfac,77044,-0.07522502658815595,0,1787421650741
823,1787335251651,1787421651651,77426,1,15,5.411581407426638,5.387255891770267,6.800211593073111,9,0.8069552874378992,1.068878932805915,1,1,5.411581407426638,24,-0.05890482964013863,0.7142857142857143,0.8666666666666667,knn-core-v1,286bd281dbb46111a9d164712b596f0fd22ccfac,77332,-0.12140624596388809,0,1787432450814
824,1787335252483,1787378452483,77426,1,15,6.974671219538953,6.943873214334677,6.992278045234471,9,0.8111111111111111,1.068878932805915,1,1,6.943873214334677,12,-0.05890482964013863,0.7083333333333334,0.8,knn-core-v1,286bd281dbb46111a9d164712b596f0fd22ccfac,77456,0.03874667424379408,1,1787389250859
825,1787356851485,1787400051485,78336,1,15,6.974671219538953,6.937275948811801,6.992278045234471,9,0.8761245674740484,1.0333174665274565,1,1,6.974671219538953,12,-0.004912736906670241,0.7083333333333334,0.8666666666666667,knn-core-v1,286bd281dbb46111a9d164712b596f0fd22ccfac,77143.2,-1.5226715686274548,0,1787410850811
826,1787356851832,1787443251832,78336,1,15,6.774943286988713,5.4587440645431275,7.723899817622409,9,0.8747346072186837,1.130126704559891,1,1,6.800211593073111,24,-0.004912736906670241,0.7142857142857143,0.8666666666666667,knn-core-v1,286bd281dbb46111a9d164712b596f0fd22ccfac,77172,-1.485906862745098,0,1787454048090
827,1787360810105,1787447210105,78124,1,15,8.469100732447712,6.800211593073111,8.603694667131405,9,0.7629157820240623,1.1733535759940381,1,1,7.385601108273085,24,0.02434904183050999,0.7142857142857143,0.8666666666666667,knn-core-v1,286bd281dbb46111a9d164712b596f0fd22ccfac,77172,-1.2185755977676513,0,1787454048175
828,1787360827556,1787404027556,78096,1,15,6.974671219538953,6.937275948811801,6.992278045234471,9,0.7058823529411765,1.027159379369121,1,1,6.974671219538953,12,0.07348849499939583,0.7083333333333334,0.8666666666666667,knn-core-v1,286bd281dbb46111a9d164712b596f0fd22ccfac,77143.2,-1.2200368776890018,0,1787410850821
829,1787360829404,1787447229404,78096,1,15,6.800211593073111,5.461788265858407,8.603694667131405,9,0.7169143665958952,1.1371890511989056,1,1,6.800211593073111,24,0.07348849499939583,0.7142857142857143,0.8666666666666667,knn-core-v1,286bd281dbb46111a9d164712b596f0fd22ccfac,77172,-1.1831591886908421,0,1787454048266
830,1787360850687,1787404050687,78119,1,15,6.974671219538953,6.937275948811801,6.992278045234471,9,0.6885813148788927,1.0231550706683192,1,1,6.974671219538953,12,0.11369038916129948,0.7083333333333334,0.8666666666666667,knn-core-v1,286bd281dbb46111a9d164712b596f0fd22ccfac,77143.2,-1.2491199324108129,0,1787410850893
831,1787360851417,1787447251417,78119,1,15,6.800211593073111,5.461788265858407,8.603694667131405,9,0.6992215145081387,1.1333884569308705,1,1,6.800211593073111,24,0.11369038916129948,0.7142857142857143,0.8666666666666667,knn-core-v1,286bd281dbb46111a9d164712b596f0fd22ccfac,77172,-1.2122531010381596,0,1787454048299
832,1787367651321,1787454051321,78464,1,15,7.385601108273085,6.774943286988713,8.099893912893883,15,0.4,1.1009200229885001,1,1,7.385601108273085,24,0.07012900558174555,0.7142857142857143,0.8333333333333334,knn-core-v1,286bd281dbb46111a9d164712b596f0fd22ccfac,77129,-1.701417210440457,0,1787462519767
833,1787367651336,1787410851336,78464,1,15,3.6538378284774233,3.5811915326181025,4.896324154526723,15,0.3924398625429553,1.1009200229885001,1,1,3.6538378284774233,12,0.07012900558174555,0.7083333333333334,0.5666666666666667,knn-core-v1,286bd281dbb46111a9d164712b596f0fd22ccfac,77044,-1.809747145187602,0,1787421650823
834,1787378451491,1787464851491,77456,0.6666666666666666,15,6.774943286988713,-1.496412604280293,7.385601108273085,9,0.7365478686233403,1.3693336828411609,1,0.45971765750645466,-1.496412604280293,24,0.017285910548008293,0.6875,1,knn-core-v1,286bd281dbb46111a9d164712b596f0fd22ccfac,76106,-1.742925015492667,0,1787470231980
835,1787378451674,1787421651674,77456,0.6666666666666666,15,1.5252554907799634,-1.4457127932523162,3.6538378284774233,9,0.723404255319149,0.9440718807471563,1,0.8112967754508554,1.5252554907799634,12,0.017285910548008293,0.5862068965517241,0.6333333333333333,knn-core-v1,286bd281dbb46111a9d164712b596f0fd22ccfac,77332,-0.160090890311919,0,1787432450873
836,1787389252172,1787475652172,77214,0.7333333333333333,15,7.385601108273085,-0.13841469041247578,8.099893912893883,9,0.7340277777777777,1.0728553893374602,1,0.9085092761737751,8.099893912893883,24,-0.0376192645813971,0.7115384615384616,0.8,knn-core-v1,286bd281dbb46111a9d164712b596f0fd22ccfac,76528,-0.8884399202217215,0,1787486428739
837,1787389252900,1787432452900,77214,0.7333333333333333,15,3.6002171824750446,-0.2306911506874596,4.362473836625857,9,0.7229822161422709,1.0728553893374602,1,1,3.6538378284774233,12,-0.0376192645813971,0.4838709677419355,0.6,knn-core-v1,286bd281dbb46111a9d164712b596f0fd22ccfac,77338,0.160592638640661,1,1787438502474
838,1787396152253,1787482552253,76967,0.8,15,5.461788265858407,5.387255891770267,8.099893912893883,9,0.7338877338877339,1.243663052737525,1,0.8987894431766718,7.385601108273085,24,-0.1014677950440391,0.5,0.9333333333333333,knn-core-v1,286bd281dbb46111a9d164712b596f0fd22ccfac,77341,0.4859225382306703,1,1787486428757
839,1787396152391,1787439352391,76967,0.8,15,3.6538378284774233,0.03874667424379408,4.362473836625857,9,0.7243502051983585,1.243663052737525,1,0.8987894431766718,3.9803802996707653,12,-0.1014677950440391,0.5806451612903226,0.8,knn-core-v1,286bd281dbb46111a9d164712b596f0fd22ccfac,77042,0.09744435927085635,1,1787442445828
840,1787396163007,1787482563007,76964,0.9333333333333333,15,5.44110730363502,0.3251855424686095,8.099893912893883,9,0.7338877338877339,1.4875977245681256,1,0.8869109728965814,8.099893912893883,24,-0.13293597396878123,0.5769230769230769,0.6333333333333333,knn-core-v1,286bd281dbb46111a9d164712b596f0fd22ccfac,77341,0.4898394054363079,1,1787486428773
841,1787400051074,1787443251074,77143.2,0.7333333333333333,15,3.6538378284774233,-0.198458485254073,4.362473836625857,9,0.735655737704918,1.4343977922534217,1,0.8909488416169009,3.9803802996707653,12,-0.15901467577143003,0.4838709677419355,0.8,knn-core-v1,286bd281dbb46111a9d164712b596f0fd22ccfac,77172,0.037333167408148626,1,1787454048413
842,1787400051391,1787486451391,77143.2,0.8,15,5.44110730363502,0.17816550961479388,8.099893912893883,9,0.7463617463617463,1.4343977922534217,1,0.8909488416169009,8.099893912893883,24,-0.15901467577143003,0.5,0.7666666666666667,knn-core-v1,286bd281dbb46111a9d164712b596f0fd22ccfac,77341,0.25640626782399867,1,1787497228911
843,1787410851382,1787497251382,77044,0.8666666666666667,15,7.385601108273085,5.44110730363502,8.099893912893883,9,0.7439446366782007,1.0184225361281285,1,1,8.099893912893883,24,-0.1521522523331309,0.5769230769230769,0.9333333333333333,knn-core-v1,286bd281dbb46111a9d164712b596f0fd22ccfac,77180,0.176522506619594,1,1787508028740
844,1787410852449,1787454052449,77044,0.8666666666666667,15,3.6002171824750446,0.03874667424379408,4.362473836625857,9,0.7332878581173261,1.0184225361281285,1,0.906017281311193,3.6538378284774233,12,-0.1521522523331309,0.5806451612903226,0.5666666666666667,knn-core-v1,286bd281dbb46111a9d164712b596f0fd22ccfac,77129,0.11032656663724624,1,1787462520026
845,1787421651412,1787464851412,77332,0.5333333333333333,15,0.03874667424379408,-1.289554836150533,4.362473836625857,9,0.7302231237322515,0.7326034894119626,1,0.30418861771292094,-1.289554836150533,12,-0.11741054186449176,0.4838709677419355,0.5333333333333333,knn-core-v1,286bd281dbb46111a9d164712b596f0fd22ccfac,76106,-1.585372161588993,0,1787470232238
846,1787421652684,1787508052684,77332,0.9333333333333333,15,7.385601108273085,5.44110730363502,8.099893912893883,9,0.7347079037800688,1.0154214946051676,1,1,8.099893912893883,24,-0.11741054186449176,0.5769230769230769,0.8666666666666667,knn-core-v1,286bd281dbb46111a9d164712b596f0fd22ccfac,77213.7,-0.15297677546164964,0,1787518828662
847,1787432452161,1787475652161,77338,0.5,12,0.06384105135311886,-0.5998000666444518,0.228310502283105,15,0.46320054017555706,0,0,0.4488070426720171,-0.4287660206798341,12,-0.0735180174273741,0.4838709677419355,0.4666666666666667,knn-core-v1,286bd281dbb46111a9d164712b596f0fd22ccfac,76528,-1.0473505909126173,0,1787486428796
848,1787432452253,1787518852253,77338,0.3333333333333333,15,-1.3294860458261586,-1.635818363575778,0.8805292763998978,15,0.4684931506849315,0,0,0.3760365837362331,-1.304170011663309,24,-0.0735180174273741,0.8076923076923077,0.5333333333333333,knn-core-v1,286bd281dbb46111a9d164712b596f0fd22ccfac,77449,0.143525821717655,1,1787527954509
849,1787438504588,1787481704588,77042,0.13333333333333333,15,-0.713111100865262,-1.289554836150533,-0.160090890311919,15,0.4841323430114787,1.0658943792184847,1,0.12244048824666387,-0.713111100865262,12,-0.05286237821542216,0.7419354838709677,0.6666666666666666,knn-core-v1,286bd281dbb46111a9d164712b596f0fd22ccfac,77341,0.3880999974040134,1,1787486428809
850,1787438504681,1787524904681,77042,0.4666666666666667,15,-0.13841469041247578,-1.496412604280293,8.099893912893883,15,0.4897260273972603,1.4218815466480481,1,0.4557514016372289,-0.13841469041247578,24,-0.05286237821542216,0.5961538461538461,0.6666666666666666,knn-core-v1,286bd281dbb46111a9d164712b596f0fd22ccfac,77859,1.0604605280236754,1,1787527954764
851,1787438513532,1787524913532,77042,0.5333333333333333,15,0.23555493972564778,-1.3735925675259952,8.099893912893883,15,0.4636986301369863,1.4479354555308002,1,0.5128471408602105,0.23555493972564778,24,-0.03930681884230057,0.5576923076923077,0.6666666666666666,knn-core-v1,286bd281dbb46111a9d164712b596f0fd22ccfac,77859,1.0604605280236754,1,1787527955017
852,1787442447482,1787528847482,77096,0.4666666666666667,15,-0.13841469041247578,-1.496412604280293,7.385601108273085,15,0.4630642954856361,1.5499195675822293,1,0.4441426638042884,-0.13841469041247578,24,-0.0246506168368547,0.5961538461538461,0.6333333333333333,knn-core-v1,787f3abbdb11773b72adf893abbab4523a02e77b,77605,0.6602158348033621,1,1787529195732
853,1787442473274,1787528873274,77096,0.4666666666666667,15,-0.13841469041247578,-1.496412604280293,7.385601108273085,15,0.44049247606019154,1.5528772884483506,1,0.44497676249851503,-0.13841469041247578,24,-0.0062149485357443305,0.5961538461538461,0.6666666666666666,knn-core-v1,787f3abbdb11773b72adf893abbab4523a02e77b,77605,0.6602158348033621,1,1787529195983
854,1787442473539,1787485673539,77096,0.2,15,-0.6291146249923091,-1.289554836150533,-0.160090890311919,15,0.4356035064059339,0.95419967121028,1,0.23392298735374342,-0.6291146249923091,12,-0.0062149485357443305,0.5806451612903226,0.6333333333333333,knn-core-v1,787f3abbdb11773b72adf893abbab4523a02e77b,77341,0.31778561793089133,1,1787486428866
855,1787442483060,1787528883060,77096,0.4666666666666667,15,-0.13841469041247578,-1.496412604280293,7.385601108273085,15,0.4316005471956224,1.5480929560300942,1,0.4448829152349023,-0.13841469041247578,24,-0.013047901660571055,0.5961538461538461,0.6666666666666666,knn-core-v1,787f3abbdb11773b72adf893abbab4523a02e77b,77605,0.6602158348033621,1,1787529196225
856,1787442483305,1787485683305,77096,0.2,15,-0.6291146249923091,-1.289554836150533,-0.160090890311919,15,0.4268374915711396,0.9532389135560188,1,0.23392963591716825,-0.6291146249923091,12,-0.013047901660571055,0.5806451612903226,0.6333333333333333,knn-core-v1,787f3abbdb11773b72adf893abbab4523a02e77b,77341,0.31778561793089133,1,1787486428908
857,1787442757242,1787529157242,77148,0.4666666666666667,15,-0.13841469041247578,-1.496412604280293,7.385601108273085,21,0.31600547195622436,1.5387660101494312,1,0.501499890432742,0.23555493972564778,24,-0.0028708058948761347,0.5961538461538461,0.6666666666666666,knn-core-v1,787f3abbdb11773b72adf893abbab4523a02e77b,77605,0.5923679162129932,1,1787529196476
858,1787442825192,1787486025192,77174,0.26666666666666666,15,-0.6214715338348178,-1.2882917466410786,0.160592638640661,21,0.08496291301416048,1.2350937861773563,1,0.36523891241699835,-0.6214715338348178,12,-0.0007878806732040851,0.5806451612903226,0.6666666666666666,knn-core-v1,787f3abbdb11773b72adf893abbab4523a02e77b,77341,0.21639412237281988,1,1787486428946
859,1787442825811,1787529225811,77174,0.4666666666666667,15,-0.13841469041247578,-1.6044999769468393,0.3251855424686095,21,0.08618331053351573,1.5156545410511677,1,0.37113378341180736,-1.366006737735936,24,-0.0007878806732040851,0.5961538461538461,0.6333333333333333,knn-core-v1,787f3abbdb11773b72adf893abbab4523a02e77b,77603,0.5558866975924533,1,1787529645966
860,1787442843430,1787486043430,77183,0.26666666666666666,15,-0.6214715338348178,-1.2882917466410786,0.160592638640661,21,0.08428860418071477,1.233746859358415,1,0.3653553282472514,-0.6214715338348178,12,0.002642950773539153,0.5806451612903226,0.6666666666666666,knn-core-v1,787f3abbdb11773b72adf893abbab4523a02e77b,77341,0.2047082906857728,1,1787486428988
861,1787442843742,1787529243742,77183,0.4666666666666667,15,-0.13841469041247578,-1.6044999769468393,0.3251855424686095,21,0.08549931600547196,1.511137896668186,1,0.3710705450007252,-1.366006737735936,24,0.002642950773539153,0.5961538461538461,0.6333333333333333,knn-core-v1,787f3abbdb11773b72adf893abbab4523a02e77b,77603,0.5441612790381302,1,1787529646059
862,1787443249258,1787529649258,77172,0.26666666666666666,15,-0.12140624596388809,-1.366006737735936,0.5503056529502967,21,0.05540355677154583,1.2255725326341056,1,0.3332595842373256,-0.12140624596388809,24,0.0050216359360257335,0.7884615384615384,0.8666666666666667,knn-core-v1,787f3abbdb11773b72adf893abbab4523a02e77b,77792,0.803400196962629,1,1787532629361
863,1787443249659,1787486449659,77172,0.26666666666666666,15,-1.2882917466410786,-1.2908178933360668,0.160592638640661,21,0.05461901550910317,0.41968969029670067,0,0.19184017850896587,-1.2491199324108129,12,0.0050216359360257335,0.5806451612903226,0.6,knn-core-v1,787f3abbdb11773b72adf893abbab4523a02e77b,77341,0.21899134401078113,1,1787497228945
864,1787454049031,1787540449031,77129,0.5333333333333333,15,0.5503056529502967,-0.16136527935557163,8.099893912893883,21,0.06147540983606557,1.1195586997619587,1,0.5263702030342502,0.5503056529502967,24,0.00097987173710463,0.5576923076923077,0.7333333333333333,knn-core-v1,787f3abbdb11773b72adf893abbab4523a02e77b,77555,0.5523214355171207,1,1787551247590
865,1787454049047,1787497249047,77129,0.4666666666666667,15,-0.160090890311919,-1.289554836150533,0.09744435927085635,21,0.06048387096774194,0.5438245720553538,0,0.5727836628129268,0.037333167408148626,12,0.00097987173710463,0.4838709677419355,0.6666666666666666,knn-core-v1,787f3abbdb11773b72adf893abbab4523a02e77b,77180,0.06612298875909191,1,1787508028767
866,1787462522453,1787548922453,76203,0.6666666666666666,15,5.44110730363502,-0.12140624596388809,8.099893912893883,9,0.669849931787176,1.1364407963718148,1,0.8922085729368469,7.385601108273085,24,-0.038617112518877374,0.7115384615384616,0.7666666666666667,knn-core-v1,787f3abbdb11773b72adf893abbab4523a02e77b,77225,1.3411545477212183,1,1787551247680
867,1787462522594,1787505722594,76203,0.7333333333333333,15,0.09744435927085635,-0.160090890311919,1.5252554907799634,9,0.6639784946236559,0.3933714677196065,0,0.8397987163754274,0.09744435927085635,12,-0.038617112518877374,0.4838709677419355,0.7333333333333333,knn-core-v1,787f3abbdb11773b72adf893abbab4523a02e77b,77213.7,1.3263257352072715,1,1787508028777
868,1787462533110,1787548933110,76164,0.6666666666666666,15,0.3251855424686095,-1.366006737735936,7.637465051258155,9,0.6684856753069577,1.7182508418695783,1,0.5619804018204012,0.2674628351060521,24,-0.059217246035594355,0.7115384615384616,0.8666666666666667,knn-core-v1,787f3abbdb11773b72adf893abbab4523a02e77b,77225,1.3930465836878314,1,1787551247764
869,1787464849265,1787508049265,76106,0.8666666666666667,15,0.6095664614044909,0.10134608388337404,2.411463187325256,15,0.6597315436241611,1.566757869610712,1,0.8702767575787042,0.6095664614044909,12,-0.0810101694999158,0.5806451612903226,0.8333333333333334,knn-core-v1,787f3abbdb11773b72adf893abbab4523a02e77b,77213.7,1.4554700023651186,1,1787518828682
870,1787464850680,1787551250680,76106,0.6,15,0.3251855424686095,-1.366006737735936,7.637465051258155,9,0.6655382532159784,1.5842605650468935,1,0.7878127267830862,0.3251855424686095,24,-0.10259740500933823,0.5576923076923077,0.9333333333333333,knn-core-v1,787f3abbdb11773b72adf893abbab4523a02e77b,77225,1.470317714766247,1,1787552095025
871,1787470234319,1787513434319,76266,0.8666666666666667,15,0.6095664614044909,0.10134608388337404,2.411463187325256,9,0.6738255033557047,1.5258234655915257,1,0.7960475734154877,0.160592638640661,12,-0.13798344638668095,0.59375,0.8,knn-core-v1,2d30dd1ccc8f8eee50632d809fc492716e8ee61f,77449,1.5511499226391838,1,1787518828700
872,1787470234612,1787556634612,76266,0.6,15,0.3251855424686095,-1.366006737735936,7.637465051258155,9,0.6784021665538253,1.5258234655915257,1,0.7882891431648317,0.3251855424686095,24,-0.13798344638668095,0.6226415094339622,0.9333333333333333,knn-core-v1,2d30dd1ccc8f8eee50632d809fc492716e8ee61f,77110,1.1066530301838302,1,1787560909590
873,1787470244614,1787556644614,76266,0.8,15,7.637465051258155,0.2674628351060521,8.099893912893883,9,0.6784021665538253,1.451096320860216,1,0.7929675548977904,0.3251855424686095,24,-0.1552153177694268,0.5094339622641509,0.9,knn-core-v1,2d30dd1ccc8f8eee50632d809fc492716e8ee61f,77110,1.1066530301838302,1,1787560909842
874,1787475566600,1787561966600,76534,0.4666666666666667,15,-1.2514395393474087,-1.366006737735936,0.23555493972564778,9,0.6984448951994591,1.842801151899718,1,0.4411378834601326,-1.2514395393474087,24,-0.1365566744395086,0.5094339622641509,0.8,knn-core-v1,2d30dd1ccc8f8eee50632d809fc492716e8ee61f,77087,0.7225546815794287,1,1787562045490
875,1787475594983,1787561994983,76546,0.4,15,-1.2514395393474087,-1.366006737735936,0.23555493972564778,9,0.6984448951994591,1.6285395055059846,1,0.5484028233393687,0.17816550961479388,24,-0.11764030544962559,0.6037735849056604,0.7666666666666667,knn-core-v1,2d30dd1ccc8f8eee50632d809fc492716e8ee61f,77087,0.706764559872495,1,1787562045586
876,1787475628752,1787562028752,76528,0.4,15,-1.2514395393474087,-1.366006737735936,0.23555493972564778,9,0.6977687626774848,1.611221925631651,1,0.5476274596242103,0.17816550961479388,24,-0.09769112333461674,0.6037735849056604,0.7333333333333333,knn-core-v1,2d30dd1ccc8f8eee50632d809fc492716e8ee61f,77087,0.7304515994145934,1,1787562045672
877,1787486429199,1787572829199,77341,0.5333333333333333,15,5.387255891770267,-1.701417210440457,8.099893912893883,15,0.638082376772451,1.2273030413304102,1,0.5495886806702908,5.387255891770267,24,-0.005156914891967389,0.6226415094339622,0.9,knn-core-v1,7e2296f85642cd63c90282b9d291c2720ec70e23,78408,1.3796046081638458,1,1787572849795
878,1787486429199,1787529629199,77341,0.7333333333333333,15,0.09744435927085635,-1.0473505909126173,0.160592638640661,15,0.6338688085676037,0.188905335803734,0,0.8186805020807475,0.09744435927085635,12,-0.005156914891967389,0.53125,0.7666666666666667,knn-core-v1,7e2296f85642cd63c90282b9d291c2720ec70e23,77792,0.5831318446878111,1,1787529646147
879,1787497229143,1787540429143,77180,0.7333333333333333,15,0.10134608388337404,-1.0473505909126173,0.160592638640661,15,0.6473302570863546,0.2940568079679793,0,0.787063136021886,0.09744435927085635,12,0.05376237261046672,0.53125,0.7666666666666667,knn-core-v1,7e2296f85642cd63c90282b9d291c2720ec70e23,77555,0.4858771702513604,1,1787540445433
880,1787497229197,1787583629197,77180,0.5333333333333333,15,5.387255891770267,-1.701417210440457,8.099893912893883,15,0.6453135536075523,0.8304114256756308,1,0.5116135556308572,5.387255891770267,24,0.05376237261046672,0.6226415094339622,0.9,knn-core-v1,7e2296f85642cd63c90282b9d291c2720ec70e23,79529,3.043534594454522,1,1787585966067
881,1787508029073,1787594429073,77213.7,0.7333333333333333,15,0.4859225382306703,-0.8884399202217215,8.099893912893883,15,0.6384408602150538,0.3778070695717273,0,0.7650046795790505,0.4859225382306703,24,0.09640755949557848,0.660377358490566,0.9,knn-core-v1,7e2296f85642cd63c90282b9d291c2720ec70e23,78837,2.102347122337102,1,1787605218911
882,1787508029073,1787551229073,77213.7,0.7333333333333333,15,0.09744435927085635,-1.0473505909126173,0.11032656663724624,15,0.6431863067807768,0.3778070695717273,0,0.7843634699356563,0.09744435927085635,12,0.09640755949557848,0.53125,0.8,knn-core-v1,7e2296f85642cd63c90282b9d291c2720ec70e23,77225,0.014634708607414114,1,1787551247842
883,1787518828887,1787605228887,77449,0.6666666666666666,15,0.25640626782399867,-0.8884399202217215,0.4898394054363079,15,0.6416107382550336,0.32449810480598207,0,0.7320302557338539,0.25640626782399867,24,0.12296786551355152,0.660377358490566,0.8,knn-core-v1,7e2296f85642cd63c90282b9d291c2720ec70e23,78928,1.9096437655747656,1,1787615727023
884,1787518830081,1787562030081,77449,0.8666666666666667,15,0.10134608388337404,0.06612298875909191,0.21899134401078113,15,0.64501312335958,0.2024582868269565,0,0.9115347206656008,0.09744435927085635,12,0.1489812888729032,0.59375,0.7666666666666667,knn-core-v1,7e2296f85642cd63c90282b9d291c2720ec70e23,77087,-0.46740435641518935,0,1787562045764
885,1787527957218,1787614357218,77859,0.5333333333333333,15,0.176522506619594,-0.8884399202217215,0.4859225382306703,9,0.6621983914209115,0.47309235189908105,0,0.6049490385875117,0.176522506619594,24,0.152894611199417,0.6226415094339622,0.7333333333333333,knn-core-v1,be223a025cca5aa3ef7a73bcb9b1ae0371b96099,78843,1.263823064770932,1,1787615727287
886,1787527957444,1787571157444,77859,0.8666666666666667,15,0.11032656663724624,0.06612298875909191,0.24367166539214288,9,0.6649248856956238,0.2681272648918794,0,0.8321441739286557,0.09744435927085635,12,0.152894611199417,0.59375,0.6666666666666666,knn-core-v1,be223a025cca5aa3ef7a73bcb9b1ae0371b96099,78408,0.7051207952837822,1,1787572849865
887,1787527968333,1787614368333,77842,0.6,15,0.176522506619594,-0.8884399202217215,0.4859225382306703,9,0.6635388739946381,0.536945381647169,0,0.6032203785440501,0.176522506619594,24,0.1539621977549564,0.6226415094339622,0.7333333333333333,knn-core-v1,be223a025cca5aa3ef7a73bcb9b1ae0371b96099,78843,1.2859381824721872,1,1787615727548
888,1787529198537,1787572398537,77605,0.7333333333333333,15,0.09744435927085635,-0.160090890311919,0.24367166539214288,9,0.689745264532985,0.4172315669303004,0,1,0.21899134401078113,12,0.1438292550618974,0.53125,0.6333333333333333,knn-core-v1,be223a025cca5aa3ef7a73bcb9b1ae0371b96099,78408,1.034727143869596,1,1787572850007
889,1787529198841,1787615598841,77605,0.6,15,0.176522506619594,-0.8884399202217215,0.4859225382306703,9,0.6843163538873994,0.48703631735444297,0,0.6214437940783457,0.176522506619594,24,0.1438292550618974,0.6226415094339622,0.7666666666666667,knn-core-v1,be223a025cca5aa3ef7a73bcb9b1ae0371b96099,78843,1.595258037497584,1,1787615727803
890,1787529210516,1787615610516,77603,0.5333333333333333,15,0.176522506619594,-0.8884399202217215,0.4859225382306703,15,0.48927613941018766,0.41552407497741856,0,0.594334305398339,0.176522506619594,24,0.13782986259460678,0.6226415094339622,0.8,knn-core-v1,be223a025cca5aa3ef7a73bcb9b1ae0371b96099,78843,1.5978763707588624,1,1787615728047
891,1787529646837,1787572846837,77792,0.8666666666666667,15,0.11032656663724624,0.06612298875909191,0.24367166539214288,15,0.4892227302416721,0.28251368812583205,0,0.8928423065724779,0.11032656663724624,12,0.12214905729025188,0.59375,0.7666666666666667,knn-core-v1,be223a025cca5aa3ef7a73bcb9b1ae0371b96099,78408,0.7918552036199095,1,1787572850074
892,1787529646839,1787616046839,77792,0.5333333333333333,15,0.176522506619594,-0.8884399202217215,0.4859225382306703,15,0.4839142091152815,0.41227458063288885,0,0.5935925740270304,0.176522506619594,24,0.12214905729025188,0.6226415094339622,0.8333333333333334,knn-core-v1,be223a025cca5aa3ef7a73bcb9b1ae0371b96099,79005,1.5592863019333607,1,1787617643516
893,1787532631100,1787619031100,77465.9,0.6,15,0.176522506619594,-0.8884399202217215,0.4859225382306703,15,0.5449061662198391,0.51096036331282,0,0.6319641675093521,0.25640626782399867,24,0.09457248768001553,0.6226415094339622,0.7666666666666667,knn-core-v1,c5c02ae54c65b1db1aa925671435d2ef2e9c643e,79594,2.747144227331001,1,1787619410950
894,1787533115181,1787619515181,77646.1,0.5333333333333333,15,0.176522506619594,-0.8884399202217215,0.4859225382306703,15,0.5609919571045576,0.49520089081450447,0,0.5886346378911571,0.176522506619594,24,0.07394256037273014,0.6226415094339622,0.8333333333333334,knn-core-v1,c5c02ae54c65b1db1aa925671435d2ef2e9c643e,79816,2.7946026909271606,1,1787620382392
895,1787533130248,1787619530248,77650.4,0.4666666666666667,15,-0.07522502658815595,-0.4303604430257053,0.5503056529502967,15,0.5361930294906166,0.8754797189494304,1,0.4734830580717596,-0.07522502658815595,24,0.04175594734036435,0.5094339622641509,0.8,knn-core-v1,c5c02ae54c65b1db1aa925671435d2ef2e9c643e,79816,2.7889102953751763,1,1787620382645
896,1787533130319,1787576330319,77650.4,0.9333333333333333,15,1.3263257352072715,0.09744435927085635,1.7312621631117897,15,0.5401698236446767,0.8499679864118752,1,0.9432384574966334,1.3263257352072715,12,0.04175594734036435,0.5625,0.7666666666666667,knn-core-v1,c5c02ae54c65b1db1aa925671435d2ef2e9c643e,79077,1.8372088231354968,1,1787576849713
897,1787535471420,1787621871420,77269,1,15,5.44110730363502,5.418441240880815,5.4587440645431275,15,0.5938337801608579,0.8826900782769959,1,1,5.44110730363502,24,0.021798442782348867,0.5102040816326531,0.9333333333333333,knn-core-v1,c5c02ae54c65b1db1aa925671435d2ef2e9c643e,79749,3.2095665790938153,1,1787626840023
898,1787535485988,1787621885988,77251,0.9333333333333333,15,5.411581407426638,0.4859225382306703,5.44110730363502,15,0.5120643431635389,0.7096513301305228,1,0.9441048690715984,5.411581407426638,24,0.0115534202559121,0.6792452830188679,0.9,knn-core-v1,c5c02ae54c65b1db1aa925671435d2ef2e9c643e,79749,3.233615098833672,1,1787626840042
899,1787538714638,1787581914638,77482,0.9333333333333333,15,0.11032656663724624,0.09744435927085635,1.5252554907799634,15,0.5499021526418787,0.6913922216368026,1,0.9507497824566288,0.5831318446878111,12,-0.0001762837325336577,0.5625,0.7333333333333333,knn-core-v1,c5c02ae54c65b1db1aa925671435d2ef2e9c643e,79473,2.5696290751400324,1,1787583131925
900,1787538719888,1787625119888,77477,0.9333333333333333,15,5.411581407426638,0.4859225382306703,5.44110730363502,15,0.5200803212851406,0.7100997371454709,1,0.9442061014202583,5.411581407426638,24,-0.025747356614745198,0.6792452830188679,0.9,knn-core-v1,c5c02ae54c65b1db1aa925671435d2ef2e9c643e,80715,4.179304825948346,1,1787626840115
901,1787540445992,1787626845992,77555,0.8666666666666667,15,0.25640626782399867,0.143525821717655,0.5503056529502967,15,0.5100401606425703,0.6562663733992029,1,0.8842823199742991,0.4859225382306703,24,-0.03737851606367508,0.5094339622641509,0.9,knn-core-v1,c5c02ae54c65b1db1aa925671435d2ef2e9c643e,80715,4.074527754496809,1,1787633551078
902,1787540447290,1787583647290,77555,1,15,0.21899134401078113,0.09744435927085635,1.3263257352072715,15,0.5133724722765819,0.6562663733992029,1,1,0.21899134401078113,12,-0.03737851606367508,0.7916666666666666,0.8666666666666667,knn-core-v1,c5c02ae54c65b1db1aa925671435d2ef2e9c643e,79529,2.5452904390432596,1,1787585966332
903,1787551248617,1787594448617,77225,1,15,0.21899134401078113,0.09744435927085635,0.5831318446878111,15,0.5133550488599349,0.6661905528358398,1,1,0.21899134401078113,12,-0.029117653163269676,0.7916666666666666,0.8666666666666667,knn-core-v1,c5c02ae54c65b1db1aa925671435d2ef2e9c643e,78837,2.0874069278083525,1,1787605219178
904,1787551248823,1787637648823,77225,0.9333333333333333,15,0.5832566458854483,0.25640626782399867,0.803400196962629,15,0.5181278839815425,0.6661905528358398,1,0.9465351284810409,0.5832566458854483,24,-0.029117653163269676,0.6792452830188679,0.9,knn-core-v1,c5c02ae54c65b1db1aa925671435d2ef2e9c643e,80727,4.534800906442214,1,1787646693875
905,1787552103234,1787638503234,77454,0.8666666666666667,15,0.4859225382306703,0.143525821717655,0.5832566458854483,15,0.5299934080421885,0.31031929797956775,0,0.903112080759985,0.4859225382306703,24,-0.019029194953692943,0.5094339622641509,0.9,knn-core-v1,c5c02ae54c65b1db1aa925671435d2ef2e9c643e,80727,4.225733984042141,1,1787646694130
906,1787560911597,1787647311597,77110,0.7333333333333333,15,0.176522506619594,-0.15297677546164964,0.5523214355171207,15,0.5233706385780118,0.15164605510997703,0,0.8264323898149196,0.4859225382306703,24,-0.024792033313015584,0.6727272727272727,0.9,knn-core-v1,c5c02ae54c65b1db1aa925671435d2ef2e9c643e,80200,4.007262352483465,1,1787648438198
907,1787562311642,1787648711642,77210,0.7333333333333333,15,0.176522506619594,-0.15297677546164964,0.4898394054363079,15,0.5016458196181699,0.1424258510564446,0,0.7673154056742918,0.4859225382306703,24,-0.03335163522837894,0.6727272727272727,0.9333333333333333,knn-core-v1,c5c02ae54c65b1db1aa925671435d2ef2e9c643e,79930,3.522859733195182,1,1787657071208
908,1787572851117,1787616051117,78408,0.8666666666666667,15,0.10134608388337404,0.014634708607414114,0.5831318446878111,9,0.7790773229369721,0.27046735109903586,0,0.9008086534285884,0.09744435927085635,12,0.013711430953674192,0.5757575757575758,0.8333333333333334,knn-core-v1,c5c02ae54c65b1db1aa925671435d2ef2e9c643e,79005,0.7614018977655341,1,1787617643771
909,1787572851337,1787659251337,78408,0.7333333333333333,15,0.176522506619594,-0.15297677546164964,0.5523214355171207,9,0.7769028871391076,0.27046735109903586,0,0.8447075944757589,0.4898394054363079,24,0.013711430953674192,0.6727272727272727,0.9333333333333333,knn-core-v1,c5c02ae54c65b1db1aa925671435d2ef2e9c643e,79102,0.8851137639016426,1,1787659254990
910,1787578089646,1787664489646,79066,0.8666666666666667,15,0.5523214355171207,0.4859225382306703,0.803400196962629,9,0.7806155861165684,0.5127639146934984,0,1,0.5832566458854483,24,0.2534328736800378,0.5272727272727272,0.7666666666666667,knn-core-v1,d23a30d7df227a7bf21d015cb1f869f92e315a76,79013,-0.06703260567121139,0,1787667753153
911,1787578430066,1787664830066,78846,0.6666666666666666,15,0.5503056529502967,-0.10981644964844098,0.803400196962629,9,0.7773411918795023,0.7035663118576717,1,1,0.5832566458854483,24,0.250547198609007,0.6727272727272727,0.8,knn-core-v1,a0b2aeb2b045bc4ab746be9922bb97b7f9f06970,79013,0.21180529132739773,1,1787667753412
912,1787578522215,1787664922215,78860,0.8666666666666667,15,0.5523214355171207,0.4859225382306703,0.803400196962629,9,0.7773411918795023,0.5131358373987154,0,1,0.5832566458854483,24,0.17454260587372358,0.5272727272727272,0.7666666666666667,knn-core-v1,a0b2aeb2b045bc4ab746be9922bb97b7f9f06970,79013,0.1940147096119706,1,1787667753663
913,1787583134705,1787626334705,79473,0.9333333333333333,15,0.727113897381876,0.21899134401078113,1.034727143869596,15,0.6574014221073045,0.77190739811929,1,0.9370321552471084,0.727113897381876,12,0.14568394820126435,0.5151515151515151,0.8666666666666667,knn-core-v1,a0b2aeb2b045bc4ab746be9922bb97b7f9f06970,80715,1.5627949114793704,1,1787626840180
914,1787583134896,1787669534896,79473,1,15,0.803400196962629,0.5503056529502967,5.434023112066648,15,0.6577400391900718,0.9669619512123332,1,1,0.803400196962629,24,0.14568394820126435,0.5384615384615384,0.9,knn-core-v1,a0b2aeb2b045bc4ab746be9922bb97b7f9f06970,79172,-0.3787449825726976,0,1787670055475
915,1787585968098,1787672368098,79572,1,15,5.434023112066648,0.5832566458854483,8.386711314279363,15,0.5434356629653821,1.1424178187040206,1,1,5.434023112066648,24,0.11058194449724096,0.5384615384615384,0.9,knn-core-v1,a0b2aeb2b045bc4ab746be9922bb97b7f9f06970,79172,-0.5026893882270145,0,1787680855017
916,1787585969241,1787629169241,79572,0.9333333333333333,15,0.727113897381876,0.21899134401078113,1.034727143869596,15,0.5390070921985816,0.9264601608393417,1,0.9396762015794908,0.727113897381876,12,0.11058194449724096,0.5151515151515151,0.8666666666666667,knn-core-v1,a0b2aeb2b045bc4ab746be9922bb97b7f9f06970,80715,1.436434926858694,1,1787633551344
917,1787585983629,1787672383629,79543,1,15,5.434023112066648,0.5832566458854483,8.386711314279363,15,0.5408229915088177,1.142225316258902,1,1,5.434023112066648,24,0.10293388457138003,0.5384615384615384,0.9,knn-core-v1,a0b2aeb2b045bc4ab746be9922bb97b7f9f06970,79172,-0.4664143922155312,0,1787680855076
918,1787585986411,1787629186411,79544,0.9333333333333333,15,0.727113897381876,0.21899134401078113,1.034727143869596,15,0.536428110896196,0.8857845095539422,1,0.9394277362970398,0.727113897381876,12,0.0963096371907334,0.5151515151515151,0.8666666666666667,knn-core-v1,a0b2aeb2b045bc4ab746be9922bb97b7f9f06970,80715,1.472141204867746,1,1787633551599
919,1787586015542,1787629215542,79586,1,15,1.409743076409743,1.3491545205707853,1.4788742191738895,15,0.5035460992907801,1.0268216847532825,1,1,1.409743076409743,12,0.07499238495880826,0.8,0.8333333333333334,knn-core-v1,a0b2aeb2b045bc4ab746be9922bb97b7f9f06970,80715,1.4185912095092101,1,1787633551845
920,1787586015728,1787672415728,79586,1,15,8.451507062618175,8.386711314279363,8.518191859640137,15,0.5081645983017635,1.1780924976004095,1,1,8.451507062618175,24,0.07499238495880826,0.5384615384615384,0.9666666666666667,knn-core-v1,a0b2aeb2b045bc4ab746be9922bb97b7f9f06970,79172,-0.5201919935667076,0,1787680855169
921,1787605221591,1787691621591,78928,1,15,1.3411545477212183,0.5523214355171207,3.043534594454522,15,0.5895765472312704,0.5650942152637637,1,1,1.3411545477212183,24,0.0017928558676112484,0.5384615384615384,0.9333333333333333,knn-core-v1,a0b2aeb2b045bc4ab746be9922bb97b7f9f06970,78194,-0.9299614838840462,0,1787691654947
922,1787605221974,1787648421974,78928,1,15,2.0874069278083525,1.034727143869596,2.5696290751400324,15,0.5907928388746803,0.14481019101099357,0,1,2.0874069278083525,12,0.0017928558676112484,0.8,0.8666666666666667,knn-core-v1,a0b2aeb2b045bc4ab746be9922bb97b7f9f06970,79930,1.2695114534765861,1,1787648438221
923,1787615729830,1787702129830,78843,1,15,5.418441240880815,1.3796046081638458,5.44110730363502,15,0.5875081327260898,1.1353439645452925,1,1,5.418441240880815,24,-0.01751171606099692,0.5384615384615384,0.8666666666666667,knn-core-v1,cb4a05123f9357931eb9c0ba73519ee20a7d7782,78452,-0.4959222759154268,0,1787702455851
924,1787615733541,1787702133541,78840,1,15,5.395784920816151,1.3411545477212183,5.44110730363502,15,0.5855562784645413,1.1252852473108537,1,1,5.395784920816151,24,-0.036911934483006385,0.5384615384615384,0.8666666666666667,knn-core-v1,cb4a05123f9357931eb9c0ba73519ee20a7d7782,78452,-0.4921359715880264,0,1787702455919
925,1787615832868,1787659032868,78883,1,15,1.8372088231354968,0.4858771702513604,2.0828209343568367,15,0.5886479591836735,0.6188294238107906,1,1,1.8372088231354968,12,-0.07954765492797548,0.8,0.6666666666666666,knn-core-v1,cb4a05123f9357931eb9c0ba73519ee20a7d7782,79102,0.27762635802390884,1,1787659255053
926,1787615833881,1787702233881,78883,0.9333333333333333,15,1.3796046081638458,0.4898394054363079,3.043534594454522,15,0.5855562784645413,0.7836132953262507,1,0.9428214938877206,1.3796046081638458,24,-0.07954765492797548,0.6363636363636364,0.8333333333333334,knn-core-v1,cb4a05123f9357931eb9c0ba73519ee20a7d7782,78452,-0.5463788141931721,0,1787702455971
927,1787615842651,1787659042651,78884,1,15,0.5831318446878111,0.10134608388337404,2.0797538013500207,15,0.5886479591836735,0.7453456960592874,1,1,0.5831318446878111,12,-0.07753843323026693,0.8,0.7,knn-core-v1,cb4a05123f9357931eb9c0ba73519ee20a7d7782,79102,0.27635515440393493,1,1787659255117
928,1787617645465,1787704045465,78798,0.8666666666666667,15,1.3411545477212183,0.4859225382306703,2.102347122337102,21,0.23292127521145087,0.5598191953042508,1,0.9311975199476685,0.5832566458854483,24,-0.01514859983268063,0.5272727272727272,0.9,knn-core-v1,ff4e23b900812e5fdc3dbe703586469202430dad,78429,-0.4682859971065255,0,1787706710187
929,1787617645778,1787660845778,78798,1,15,1.745641703362233,0.09744435927085635,2.2251003755990157,21,0.22831632653061223,0.43770215084396613,0,0.921978935227162,1.745641703362233,12,-0.01514859983268063,0.8,0.8333333333333334,knn-core-v1,ff4e23b900812e5fdc3dbe703586469202430dad,78801,0.0038072032285083376,1,1787667753926
930,1787617651211,1787704051211,78798,1,15,1.0604605280236754,0.706764559872495,1.1066530301838302,21,0.225113858165257,0.5983752534744278,1,1,0.7304515994145934,24,-0.0021870602107184967,0.5384615384615384,0.9666666666666667,knn-core-v1,ff4e23b900812e5fdc3dbe703586469202430dad,78429,-0.4682859971065255,0,1787706710436
931,1787618769707,1787705169707,79514,1,15,1.0604605280236754,0.7304515994145934,1.3796046081638458,15,0.5855562784645413,0.40803991117990573,0,1,1.1066530301838302,24,0.009001152678620802,0.5384615384615384,0.9666666666666667,knn-core-v1,ff4e23b900812e5fdc3dbe703586469202430dad,78750,-0.9608370852931558,0,1787706710698
932,1787618780016,1787705180016,79604,0.8666666666666667,15,1.3411545477212183,0.4859225382306703,2.102347122337102,15,0.5855562784645413,0.33414961059782766,0,0.9241792340492111,1.3411545477212183,24,0.01864997523792316,0.5272727272727272,0.9333333333333333,knn-core-v1,ff4e23b900812e5fdc3dbe703586469202430dad,78750,-1.0728104115371087,0,1787706710950
933,1787618793313,1787705193313,79662,0.8666666666666667,15,1.3411545477212183,0.4859225382306703,2.102347122337102,15,0.5849056603773585,0.2805978490349665,0,0.9294950724944349,1.3411545477212183,24,0.030587677742262943,0.5272727272727272,0.9333333333333333,knn-core-v1,ff4e23b900812e5fdc3dbe703586469202430dad,78750,-1.1448369360548316,0,1787706711204
934,1787618947693,1787705347693,79573,0.8666666666666667,15,1.3411545477212183,0.4859225382306703,2.102347122337102,15,0.5907612231620039,0.265739028623959,0,0.9316056180550867,1.3411545477212183,24,0.098557523034672,0.5272727272727272,0.9333333333333333,knn-core-v1,ff4e23b900812e5fdc3dbe703586469202430dad,78750,-1.0342704183579858,0,1787706711454
935,1787618947935,1787662147935,79573,1,15,1.745641703362233,0.09744435927085635,2.0797538013500207,15,0.59375,0.265739028623959,0,1,1.745641703362233,12,0.098557523034672,0.8,0.8333333333333334,knn-core-v1,ff4e23b900812e5fdc3dbe703586469202430dad,78801,-0.9701783268193984,0,1787667754194
936,1787618957799,1787705357799,79587,0.8666666666666667,15,1.3411545477212183,0.4859225382306703,2.102347122337102,15,0.5712426805465192,0.33474246282376635,0,0.9241985879424534,1.3411545477212183,24,0.10876624548085127,0.5272727272727272,0.9333333333333333,knn-core-v1,ff4e23b900812e5fdc3dbe703586469202430dad,78750,-1.0516792943571187,0,1787706711714
937,1787618958012,1787662158012,79587,1,15,0.5831318446878111,0.09744435927085635,1.8428485139627027,15,0.5746173469387755,0.33474246282376635,0,1,0.5831318446878111,12,0.10876624548085127,0.8,0.8333333333333334,knn-core-v1,ff4e23b900812e5fdc3dbe703586469202430dad,78801,-0.9875984771382261,0,1787667754438
938,1787618998217,1787705398217,79594,1,15,5.395784920816151,1.3411545477212183,5.44110730363502,15,0.5712426805465192,0.9299725686393217,1,1,5.395784920816151,24,0.09986872112495773,0.5384615384615384,1,knn-core-v1,ff4e23b900812e5fdc3dbe703586469202430dad,78750,-1.060381435786617,0,1787706711968
939,1787619412657,1787705812657,79778,1,15,5.395784920816151,1.3411545477212183,5.44110730363502,15,0.5738451528952505,0.9294649439709133,1,1,5.395784920816151,24,0.09273199369430941,0.5384615384615384,1,knn-core-v1,ff4e23b900812e5fdc3dbe703586469202430dad,78750,-1.2885757978390031,0,1787706712384
940,1787619460204,1787705860204,79816,1,15,5.418441240880815,3.043534594454522,5.44110730363502,15,0.5712426805465192,0.9581782871989117,1,1,5.418441240880815,24,0.08586966964081856,0.5384615384615384,1,knn-core-v1,ff4e23b900812e5fdc3dbe703586469202430dad,78750,-1.3355718151749023,0,1787706712626
941,1787620385173,1787706785173,79693,1,15,5.418441240880815,3.043534594454522,5.44110730363502,21,0.27391021470396876,0.9571926011406993,1,1,5.44110730363502,24,0.07111557011229433,0.5384615384615384,1,knn-core-v1,9e7fcaa4d017260bdf10e05b28fb0775a3964e1b,78765,-1.1644686484383822,0,1787713222611
942,1787620385200,1787663585200,79693,1,15,2.5452904390432596,2.0797538013500207,2.5696290751400324,21,0.2684948979591837,0.33161392025637443,0,1,2.0828209343568367,12,0.07111557011229433,0.8,0.8666666666666667,knn-core-v1,9e7fcaa4d017260bdf10e05b28fb0775a3964e1b,78801,-1.1192952956972382,0,1787667754706
943,1787620563497,1787706963497,79524,1,15,5.395784920816151,1.3411545477212183,5.44110730363502,21,0.30579050097592714,0.940733276292126,1,1,5.434023112066648,24,0.06335015834541363,0.5384615384615384,1,knn-core-v1,9e7fcaa4d017260bdf10e05b28fb0775a3964e1b,78765,-0.9544288516674212,0,1787713222698
944,1787620615646,1787707015646,79584,1,15,2.102347122337102,0.5523214355171207,5.434023112066648,21,0.30579050097592714,0.6588758377944396,1,0.8970900145406111,1.3411545477212183,24,0.05629187308468871,0.5384615384615384,1,knn-core-v1,9e7fcaa4d017260bdf10e05b28fb0775a3964e1b,78765,-1.0291013268998794,0,1787713222852
945,1787620798381,1787663998381,79749,1,15,2.0874069278083525,1.8372088231354968,2.5696290751400324,15,0.33482142857142855,0.3190170123074243,0,1,2.0874069278083525,12,0.043535198212246065,0.8,0.8666666666666667,knn-core-v1,9e7fcaa4d017260bdf10e05b28fb0775a3964e1b,78801,-1.1887296392431252,0,1787667754961
946,1787620798629,1787707198629,79749,1,15,2.102347122337102,0.5523214355171207,5.434023112066648,15,0.3415744957709824,0.7055786562800008,1,1,2.102347122337102,24,0.043535198212246065,0.5384615384615384,1,knn-core-v1,9e7fcaa4d017260bdf10e05b28fb0775a3964e1b,78765,-1.2338712711131175,0,1787713222989
947,1787626842023,1787670042023,80715,1,15,2.0797538013500207,1.8372088231354968,2.35767085981066,9,0.6942675159235668,0.7038552713613004,1,1,2.0590404948944596,12,0.055210644605109764,0.8,0.7333333333333333,knn-core-v1,9e7fcaa4d017260bdf10e05b28fb0775a3964e1b,79172,-1.9116644985442608,0,1787670055530
948,1787626842036,1787713242036,80715,0.9333333333333333,15,5.395784920816151,1.3796046081638458,5.44110730363502,9,0.6907082521117609,1.1516854428917276,1,1,3.043534594454522,24,0.055210644605109764,0.6363636363636364,0.9333333333333333,knn-core-v1,9e7fcaa4d017260bdf10e05b28fb0775a3964e1b,79066,-2.042990769993186,0,1787716267016
949,1787633553531,1787719953531,80322,1,15,5.455278543108662,5.434023112066648,8.436431371458756,9,0.7272139625080801,1.1550213477189883,1,1,5.434023112066648,24,0.0566779834617227,0.5384615384615384,0.9333333333333333,knn-core-v1,9e7fcaa4d017260bdf10e05b28fb0775a3964e1b,79023,-1.6172406065586016,0,1787722562189
950,1787633569870,1787676769870,80323,1,15,1.8372088231354968,1.1273142277453716,2.0797538013500207,9,0.7248576850094877,0.7044218938746917,1,1,1.8372088231354968,12,0.08314081700075275,0.8,0.7333333333333333,knn-core-v1,9e7fcaa4d017260bdf10e05b28fb0775a3964e1b,79208,-1.388145363096498,0,1787680855261
951,1787633569947,1787719969947,80323,0.9333333333333333,15,5.395784920816151,1.3796046081638458,5.44110730363502,9,0.7272139625080801,1.1509433666892117,1,1,3.043534594454522,24,0.08314081700075275,0.6363636363636364,0.9333333333333333,knn-core-v1,9e7fcaa4d017260bdf10e05b28fb0775a3964e1b,79023,-1.6184654457627328,0,1787722562444
952,1787633813947,1787720213947,80261.3,1,15,5.418441240880815,1.595258037497584,5.44110730363502,9,0.7175177763413058,0.9588042639717944,1,1,3.043534594454522,24,0.06665441047656251,0.5384615384615384,0.9666666666666667,knn-core-v1,9e7fcaa4d017260bdf10e05b28fb0775a3964e1b,79023,-1.5428357128528978,0,1787722562683
953,1787633840230,1787720240230,80253,1,15,5.395784920816151,1.595258037497584,5.44110730363502,9,0.7162249515190692,0.9482887920859074,1,1,3.043534594454522,24,0.05652229653034613,0.5384615384615384,0.9666666666666667,knn-core-v1,9e7fcaa4d017260bdf10e05b28fb0775a3964e1b,79023,-1.5326529849351427,0,1787722562929
954,1787634004125,1787720404125,80382,1,15,1.595258037497584,1.3411545477212183,3.043534594454522,9,0.7175177763413058,0.7714167236778718,1,1,1.9096437655747656,24,0.04896986304919824,0.5384615384615384,0.9666666666666667,knn-core-v1,9e7fcaa4d017260bdf10e05b28fb0775a3964e1b,79023,-1.6906770172426662,0,1787722563189
955,1787634519533,1787720919533,80555,1,15,1.595258037497584,1.3411545477212183,3.043534594454522,21,0.2094376212023271,0.8539345337005958,1,1,1.5978763707588624,24,0.020317734138129758,0.5384615384615384,0.9666666666666667,knn-core-v1,9e7fcaa4d017260bdf10e05b28fb0775a3964e1b,79023,-1.901806219353237,0,1787722563440
956,1787634974781,1787678174781,80524.4,1,15,1.147836233575161,0.8523553588365476,1.8428485139627027,21,0.20720151610865445,0.3794370311969573,0,1,1.8372088231354968,12,0.016591202198425876,0.8,0.8666666666666667,knn-core-v1,9e7fcaa4d017260bdf10e05b28fb0775a3964e1b,79208,-1.634783990939385,0,1787680855343
957,1787634975082,1787721375082,80524.4,1,15,1.595258037497584,1.3411545477212183,3.043534594454522,21,0.21202327084680025,0.9335048256166223,1,1,1.5978763707588624,24,0.016591202198425876,0.5384615384615384,0.9666666666666667,knn-core-v1,9e7fcaa4d017260bdf10e05b28fb0775a3964e1b,79023,-1.8645280188365194,0,1787722563679
958,1787635161897,1787678361897,80587,1,15,1.147836233575161,0.8523553588365476,1.8428485139627027,21,0.20720151610865445,0.3685300561198648,0,1,1.147836233575161,12,0.021917355033200525,0.8,0.9,knn-core-v1,9e7fcaa4d017260bdf10e05b28fb0775a3964e1b,79208,-1.7111941131944357,0,1787680855420
959,1787635162526,1787721562526,80587,1,15,1.595258037497584,1.3411545477212183,3.043534594454522,21,0.21202327084680025,0.8972089890093424,1,1,1.5978763707588624,24,0.021917355033200525,0.5384615384615384,0.9666666666666667,knn-core-v1,9e7fcaa4d017260bdf10e05b28fb0775a3964e1b,79023,-1.9407596758782435,0,1787722563928
960,1787637638453,1787680838453,80727,1,15,1.147836233575161,0.8523553588365476,1.8428485139627027,21,0.21892744479495269,0.3686265205800447,0,1,1.147836233575161,12,0.03349690713273176,0.8,0.8666666666666667,knn-core-v1,9e7fcaa4d017260bdf10e05b28fb0775a3964e1b,79208,-1.8816505010715128,0,1787680855523
961,1787637638754,1787724038754,80727,1,15,2.7889102953751763,1.595258037497584,3.043534594454522,21,0.2192134107027724,0.449929559536015,0,1,2.747144227331001,24,0.03860901330324454,0.5384615384615384,0.9666666666666667,knn-core-v1,9e7fcaa4d017260bdf10e05b28fb0775a3964e1b,79075,-2.046403309921092,0,1787734826723
962,1787646695885,1787733095885,80200,1,15,4.074527754496809,2.7889102953751763,4.172582019049586,15,0.4939063502245029,0.46567972349884396,0,1,3.233615098833672,24,0.03360233956011899,0.5636363636363636,1,knn-core-v1,9e7fcaa4d017260bdf10e05b28fb0775a3964e1b,78659,-1.9214463840399,0,1787734826923
963,1787648438334,1787734838334,79930,1,15,2.747144227331001,1.3796046081638458,3.043534594454522,15,0.5137908915971777,0.2568021872610644,0,1,2.747144227331001,24,0.0050171530473387405,0.5636363636363636,0.9666666666666667,knn-core-v1,9e7fcaa4d017260bdf10e05b28fb0775a3964e1b,78659,-1.5901413737019894,0,1787739817450
964,1787648438361,1787691638361,79930,1,15,0.8638352768573091,0.4858771702513604,1.8428485139627027,15,0.5065913370998116,0.2568021872610644,0,1,1.1273142277453716,12,0.0050171530473387405,0.7941176470588235,0.8333333333333334,knn-core-v1,9e7fcaa4d017260bdf10e05b28fb0775a3964e1b,78194,-2.1719004128612536,0,1787691655012
965,1787657072916,1787743472916,79264,1,15,2.747144227331001,1.3796046081638458,3.233615098833672,15,0.637468030690537,0.23893845418589846,0,1,2.747144227331001,24,-0.02163787870066951,0.5636363636363636,1,knn-core-v1,9e7fcaa4d017260bdf10e05b28fb0775a3964e1b,78507,-0.955036334275333,0,1787745626349
966,1787659255646,1787745655646,79102,1,15,2.102347122337102,1.3796046081638458,3.043534594454522,15,0.6355498721227621,0.5242632053754842,0,1,2.102347122337102,24,-0.08476686781238099,0.5636363636363636,1,knn-core-v1,9ace9bedd93627ea15cbadb68cff4c31fdc48612,78507,-0.7521933705848145,0,1787752771565
967,1787659592745,1787745992745,78778,1,15,1.0604605280236754,0.7225546815794287,1.3796046081638458,15,0.6336317135549873,0.7518605391152372,1,1,1.1066530301838302,24,-0.17093765990503107,0.5636363636363636,0.9666666666666667,knn-core-v1,9ace9bedd93627ea15cbadb68cff4c31fdc48612,78507,-0.34400467135494683,0,1787752771821
968,1787659592852,1787702792852,78778,1,15,1.1796828051106525,0.3880999974040134,1.4554700023651186,15,0.6294670846394984,0.7518605391152372,1,1,1.195547077116053,12,-0.17093765990503107,0.7941176470588235,0.9333333333333333,knn-core-v1,9ace9bedd93627ea15cbadb68cff4c31fdc48612,78429,-0.44301708598847395,0,1787706712876
969,1787659912622,1787703112622,79000,1,15,1.195547077116053,0.3880999974040134,1.5511499226391838,15,0.6432601880877743,0.7030696248096255,1,1,1.195547077116053,12,-0.22279266625836805,0.7941176470588235,0.9333333333333333,knn-core-v1,9ace9bedd93627ea15cbadb68cff4c31fdc48612,78429,-0.7227848101265822,0,1787706713127
970,1787659912890,1787746312890,79000,1,15,1.0604605280236754,0.7304515994145934,1.3796046081638458,15,0.6476982097186701,0.7030696248096255,1,1,1.1066530301838302,24,-0.22279266625836805,0.5636363636363636,0.9666666666666667,knn-core-v1,9ace9bedd93627ea15cbadb68cff4c31fdc48612,78507,-0.6240506329113924,0,1787752772093
971,1787660307205,1787746707205,78933,1,15,1.0604605280236754,0.7304515994145934,1.3930465836878314,15,0.6023017902813299,0.4434234861870817,0,1,1.1066530301838302,24,-0.1979616948964508,0.5636363636363636,0.9666666666666667,knn-core-v1,9ace9bedd93627ea15cbadb68cff4c31fdc48612,78507,-0.539698225076964,0,1787752772339
972,1787660500798,1787746900798,78858,1,15,1.0604605280236754,0.7304515994145934,1.3930465836878314,15,0.43414322250639387,0.44339108956974843,0,1,1.1066530301838302,24,-0.12758676269235808,0.5636363636363636,0.9666666666666667,knn-core-v1,9ace9bedd93627ea15cbadb68cff4c31fdc48612,78507,-0.44510385756676557,0,1787752772603
973,1787660634936,1787747034936,78801,1,15,1.0604605280236754,0.7304515994145934,1.3930465836878314,15,0.4219948849104859,0.44338094915533993,0,1,1.1066530301838302,24,-0.10379213336450069,0.5636363636363636,0.9666666666666667,knn-core-v1,9ace9bedd93627ea15cbadb68cff4c31fdc48612,78507,-0.37309171203411123,0,1787752772853
974,1787667757635,1787754157635,79013,1,15,1.3930465836878314,1.1066530301838302,3.522859733195182,15,0.35841836734693877,1.000547401113001,1,1,1.3930465836878314,24,-0.06362433332575818,0.5636363636363636,0.9333333333333333,knn-core-v1,9ace9bedd93627ea15cbadb68cff4c31fdc48612,78512,-0.6340728740840116,0,1787756431238
975,1787667757759,1787710957759,79013,1,15,0.7614018977655341,0.27635515440393493,1.4554700023651186,15,0.35077881619937695,1.000547401113001,1,1,0.5831318446878111,12,-0.06362433332575818,0.7941176470588235,0.9,knn-core-v1,9ace9bedd93627ea15cbadb68cff4c31fdc48612,79066,0.06707756951387746,1,1787713223124
976,1787700208533,1787786608533,78706,0.5333333333333333,15,0.08762870465996933,-2.5094083533839227,0.7320365224295355,9,0.7620841180163214,2.068439004385275,1,0.4472946719266034,-2.1321895348656503,24,-0.004602830845106079,0.7192982456140351,0.6666666666666666,knn-core-v1,9ace9bedd93627ea15cbadb68cff4c31fdc48612,78851.5,0.1848651945213834,1,1787787019309
977,1787700233156,1787786633156,78705,0.6,15,0.17816550961479388,-2.5094083533839227,0.7320365224295355,9,0.7620841180163214,1.828527643174079,1,0.3256081616579866,-2.471044859206111,24,-0.014371160818148102,0.7192982456140351,0.6333333333333333,knn-core-v1,9ace9bedd93627ea15cbadb68cff4c31fdc48612,78851.5,0.18613811066641256,1,1787787019564
978,1787700242914,1787786642914,78698.3,0.6,15,0.17816550961479388,-2.5094083533839227,0.7320365224295355,9,0.7620841180163214,1.8276612625506423,1,0.32561393243017167,-2.471044859206111,24,-0.02909938330117675,0.7192982456140351,0.6333333333333333,knn-core-v1,9ace9bedd93627ea15cbadb68cff4c31fdc48612,78851.5,0.19466748328743705,1,1787787019821
979,1787702780817,1787789180817,78429,0.5333333333333333,15,0.08762870465996933,-2.5094083533839227,0.4109674017555287,9,0.7620841180163214,1.6954869132057793,1,0.3166648599560976,-2.471044859206111,24,-0.08387170860768144,0.7192982456140351,0.6,knn-core-v1,9ace9bedd93627ea15cbadb68cff4c31fdc48612,78951,0.6655701334965383,1,1787799623500
980,1787706714824,1787793114824,78753,0.13333333333333333,15,-2.8316015377726997,-2.9742112440814577,-2.471044859206111,9,0.7664783427495292,1.421281665816816,1,0,-2.6666052595219454,24,-0.04377952709268544,0.5087719298245614,0.8,knn-core-v1,a01ba6629584b7f00edea1e9161074d00be36beb,78951,0.25141899356215,1,1787799623666
981,1787706715039,1787793115039,78753,0.13333333333333333,15,-2.8316015377726997,-2.9742112440814577,-2.471044859206111,9,0.7664783427495292,1.421281665816816,1,0,-2.6666052595219454,24,-0.04377952709268544,0.5087719298245614,0.8,knn-core-v1,a01ba6629584b7f00edea1e9161074d00be36beb,78951,0.25141899356215,1,1787799623752
982,1787706730053,1787749930053,78773,0.4,15,-0.37121688576644013,-0.7794533022580994,0.25220840779184567,9,0.7754978877489439,1.4207056942222955,1,0,-0.7205925559387033,12,-0.04021812113901644,0.5882352941176471,0.6,knn-core-v1,a01ba6629584b7f00edea1e9161074d00be36beb,78430.9,-0.43428585936806496,0,1787752773116
983,1787716268747,1787802668747,78987,0.4,15,-0.9299614838840462,-2.5094083533839227,0.8851137639016426,15,0.5686520376175549,1.3353520919011084,1,0.39142065766560075,-0.9299614838840462,24,0.0059442074207797235,0.543859649122807,0.43333333333333335,knn-core-v1,a01ba6629584b7f00edea1e9161074d00be36beb,78692,-0.3734791801182473,0,1787810424901
984,1787722565660,1787808965660,79023,0.4666666666666667,15,-0.4682859971065255,-1.0728104115371087,3.522859733195182,15,0.44465058750773034,1.0025711978048797,1,0.44319588158587436,-0.4682859971065255,24,0.024668326832806016,0.6491228070175439,0.3333333333333333,knn-core-v1,a01ba6629584b7f00edea1e9161074d00be36beb,78692,-0.4188653936195791,0,1787810425144
985,1787739819287,1787826219287,78523,0,15,-0.547639572029816,-0.699955699006392,-0.4746012207657069,15,0.4642857142857143,0.8539833093953073,1,0,-0.547639572029816,24,0.021388247058821364,0.5409836065573771,0.13333333333333333,knn-core-v1,a01ba6629584b7f00edea1e9161074d00be36beb,,,,
986,1787752774981,1787839174981,78430.9,0.13333333333333333,15,-0.547639572029816,-0.5715878990659418,-0.4682859971065255,15,0.41098370549185276,0.9324006864953318,1,0.12023958512189006,-0.547639572029816,24,-0.0555714281309748,0.5409836065573771,0.16666666666666666,knn-core-v1,a01ba6629584b7f00edea1e9161074d00be36beb,,,,
987,1787753049557,1787839449557,78512,0.13333333333333333,15,-0.547639572029816,-0.699955699006392,-0.4682859971065255,21,0.08931804465902234,0.9140708562055329,1,0.08865336478619283,-0.5715878990659418,24,0.00036678023202243895,0.5409836065573771,0.1,knn-core-v1,a01ba6629584b7f00edea1e9161074d00be36beb,,,,
988,1787787021601,1787873421601,78851.5,0,15,-0.6340728740840116,-1.0163114836885163,-0.48800892359174564,9,0.7242406194163192,0.9416380916412447,1,0,-0.7521933705848145,24,-0.01935689291235875,0.5409836065573771,0.4,knn-core-v1,a01ba6629584b7f00edea1e9161074d00be36beb,,,,
989,1787799626127,1787886026127,78692,0.13333333333333333,15,-0.955036334275333,-1.2338712711131175,-0.4682859971065255,15,0.5972635336109459,0.9561341091982304,1,0.12545873352676717,-0.955036334275333,24,0.07364405333815031,0.5409836065573771,0.13333333333333333,knn-core-v1,135925d3dc1c0bfa3ea647046579bf8737a53b6e,,,,
990,1787810428081,1787853628081,78862,0.6,15,0.2701325178389398,-0.7845817040608432,0.34812991749448474,15,0.4486360998258851,0.43924963178816157,0,0.5859645860407644,0.2701325178389398,12,0.0676297781282782,0.6111111111111112,0.6333333333333333,knn-core-v1,135925d3dc1c0bfa3ea647046579bf8737a53b6e,,,,
