id,coin,ts,target_ts,horizon_hours,price_at_prediction,is_regime_anomaly,trailing_return_pct,p_up_flat,p_up_tilted,driver_used,driver_agreement,calibrated_p_up_flat,p_up_momentum,momentum_triggered,model_version,git_commit_sha,realized_price,realized_return,realized_up,resolved_ts
1,BTC,1786062003983,1786148403983,24,64250,1,-0.5956525102498647,0.4702173744875068,0.4702173744875068,,,,,,legacy,unknown,64870.6,0.9659143968871573,1,1786155003877
2,BTC,1786062283129,1786148683129,24,64237,1,-0.6157654521544055,0.46921172739227973,0.46921172739227973,,,,,,legacy,unknown,64870.6,0.9863474321652608,1,1786155003877
3,BTC,1786062458629,1786148858629,24,64268,1,-0.5678038214589618,0.4716098089270519,0.4716098089270519,,,,,,legacy,unknown,64870.6,0.9376361486276196,1,1786155003877
4,BTC,1786062462380,1786148862380,24,64268,1,-0.5678038214589618,0.4716098089270519,0.4716098089270519,,,,,,legacy,unknown,64870.6,0.9376361486276196,1,1786155003877
5,BTC,1786062836293,1786149236293,24,64288.8,1,-0.535623114411692,0.4732188442794154,0.4732188442794154,,,,,,legacy,unknown,64870.6,0.9049787832406198,1,1786155003877
6,BTC,1786062918795,1786149318795,24,64312,1,-0.4997292488589773,0.4750135375570511,0.4750135375570511,,,,,,legacy,unknown,64870.6,0.8685781813658392,1,1786155003877
7,BTC,1786064145464,1786150545464,24,64243,1,-0.6064825558907713,0.4696758722054614,0.4696758722054614,,,,,,legacy,unknown,64870.6,0.9769157729246744,1,1786155003877
8,BTC,1786064596208,1786150996208,24,64383,1,-0.3898816430726387,0.4805059178463681,0.4805059178463681,macro,na,,,,legacy,unknown,64870.6,0.7573427768199658,1,1786155003877
9,BTC,1786064654969,1786151054969,24,64409.5,1,-0.3488821845749207,0.48255589077125394,0.48255589077125394,macro,na,,,,legacy,unknown,64870.6,0.7158881841964284,1,1786155003877
10,BTC,1786066565652,1786152965652,24,64401,1,-0.3620329542817359,0.4818983522859132,0.4818983522859132,macro,na,,,,legacy,unknown,64867,0.7235912485830965,1,1786155003877
12,LINK,1786071668823,1786158068823,24,8.1769,1,0.8535096266512128,0.5426754813325606,0.5426754813325606,macro,na,,,,legacy,unknown,8.1764,-0.006114786777392546,0,1786163265408
11,LINK,1786071668829,1786114868829,12,8.1769,1,-0.4237855742416382,0.4788107212879181,0.4788107212879181,macro,na,,,,legacy,unknown,8.23166,0.6696914478592122,1,1786125669281
13,BTC,1786071669220,1786158069220,24,64287.7,1,-0.3940070031917246,0.4802996498404138,0.4802996498404138,macro,na,,,,legacy,unknown,64886.1,0.9308156925819426,1,1786163265408
14,BTC,1786071669226,1786114869226,12,64287.7,1,-0.7155101851708899,0.4642244907414555,0.4642244907414555,macro,na,,,,legacy,unknown,64951,1.0317681298288832,1,1786125669281
15,BTC,1786079493439,1786165893439,24,64235,1,-0.4756592606364848,0.47621703696817574,0.47621703696817574,macro,na,,,,legacy,unknown,64971,1.145792792091539,1,1786168872557
16,BTC,1786079507661,1786165907661,24,64235,1,-0.4756592606364848,0.47621703696817574,0.47621703696817574,macro,na,,,,legacy,unknown,64971,1.145792792091539,1,1786168872557
17,LINK,1786082466513,1786125666513,12,8.152,0,-2.1165260011983356,0.267,0.267,,,,,,legacy,unknown,8.2063,0.6660942100098302,1,1786125669281
18,LINK,1786082466513,1786168866513,24,8.152,1,-0.45182561973379914,0.47740871901331006,0.47740871901331006,macro,na,,,,legacy,unknown,8.2641,1.37512266928361,1,1786168872557
19,BTC,1786082466513,1786125666513,12,64310,1,-0.41037553232675184,0.4794812233836624,0.4794812233836624,macro,na,,,,legacy,unknown,64816,0.7868138703156585,1,1786125669281
20,BTC,1786082466778,1786168866778,24,64310,1,-0.8250443364947182,0.4587477831752641,0.4587477831752641,macro,na,,,,legacy,unknown,64972,1.0293888975276007,1,1786168872557
21,LINK,1786093273246,1786136473246,12,8.2167,1,0.07185657913965367,0.5035928289569827,0.5035928289569827,,,,,,legacy,unknown,8.19651,-0.2457190843039114,0,1786142696401
22,LINK,1786093273571,1786179673571,24,8.2167,1,0.3690226214165081,0.5184511310708254,0.5184511310708254,,,,,,legacy,unknown,8.2667,0.6085168011488884,1,1786189510939
23,BTC,1786093273579,1786136473579,12,64602,0,0.2622879580339267,0.333,0.333,,,,,,legacy,unknown,64941,0.5247515556793907,1,1786142696401
24,BTC,1786093273709,1786179673709,24,64602,0,-0.4791027991311448,0.333,0.333,,,,,,legacy,unknown,64964,0.5603541686015913,1,1786189510939
25,BTC,1786102362518,1786188762518,24,65022,1,0.16791705821638192,0.5083958529108191,0.5041979264554095,macro,disagree,,,,legacy,unknown,64932,-0.13841469041247578,0,1786189510939
26,LINK,1786104073710,1786147273710,12,8.2154,0,0.31380880862547467,0.333,0.333,,,,,,legacy,unknown,8.1829,-0.39559851011515734,0,1786147332781
27,BTC,1786104073842,1786147273842,12,65001,1,1.1012085296999672,0.5550604264849983,0.5275302132424992,macro,disagree,,,,legacy,unknown,64872,-0.198458485254073,0,1786147332781
28,BTC,1786104073851,1786190473851,24,65001,1,0.6160704611240965,0.5308035230562048,0.5154017615281024,macro,disagree,,,,legacy,unknown,64935,-0.10153689943231642,0,1786190672593
29,LINK,1786104074660,1786190474660,24,8.2154,0,0.7184189878383704,0.533,0.533,,,,,,legacy,unknown,8.3319,1.4180685054896716,1,1786190672593
30,LINK,1786114864917,1786201264917,24,8.23166,1,0.24306781786961668,0.5121533908934809,0.5060766954467404,macro,disagree,,,,legacy,unknown,8.3596,1.5542430080931502,1,1786212034820
31,LINK,1786114865050,1786158065050,12,8.23166,1,0.5123508797636,0.5256175439881801,0.51280877199409,macro,disagree,,,,legacy,unknown,8.1764,-0.6713105254590268,0,1786163265408
32,BTC,1786114865218,1786158065218,12,64951,1,0.8540240058384188,0.5427012002919209,0.5213506001459605,macro,disagree,,,,legacy,unknown,64886.1,-0.09992147926898964,0,1786163265408
33,BTC,1786114865376,1786201265376,24,64951,1,0.3088755386017204,0.515443776930086,0.507721888465043,macro,disagree,,,,legacy,unknown,65108,0.24172068174469985,1,1786212034820
35,LINK,1786125669122,1786168869122,12,8.2063,0,0.6660942100098302,0.4,0.4,,,,,,legacy,unknown,8.2641,0.7043369118847533,1,1786168872557
37,LINK,1786125669129,1786212069129,24,8.2063,0,-1.4645298483358398,0.067,0.067,,,,,,legacy,unknown,8.3298,1.5049413255669417,1,1786222833483
34,BTC,1786125669514,1786212069514,24,64816,0,0.3732094463801781,0.667,0.667,,,,,,legacy,unknown,65087,0.41810664033571954,1,1786222833483
36,BTC,1786125669521,1786168869521,12,64816,0,0.7868138703156585,0.429,0.429,,,,,,legacy,unknown,64972,0.24068131325598618,1,1786168872557
38,LINK,1786136466305,1786222866305,24,8.19651,0,-0.1740390704925318,0.4,0.4,,,,,,legacy,unknown,8.3396,1.7457430052546856,1,1786235714637
39,LINK,1786136466311,1786179666311,12,8.19651,0,0.5460009813542778,0.5,0.5,,,,,,legacy,unknown,8.2667,0.8563400764471732,1,1786189510939
40,BTC,1786136466452,1786222866452,24,64941,0,0.7884158738534602,0.733,0.733,,,,,,legacy,unknown,65046,0.1616852219707119,1,1786235714637
41,BTC,1786136466459,1786179666459,12,64941,0,0.981184885709843,0.3,0.3,,,,,,legacy,unknown,64964,0.03541676290787022,1,1786189513243
42,BTC,1786142696121,1786229096121,24,64833,1,0.6207999006720158,0.5310399950336008,0.6310399950336008,macro,agree,,,,legacy,unknown,65046,0.32853639350330854,1,1786235714637
43,LINK,1786142705930,1786229105930,24,8.1619,1,-0.5955570711745688,0.4702221464412716,0.4851110732206358,macro,disagree,,,,legacy,unknown,8.3396,2.177189134882828,1,1786235714637
44,LINK,1786142711350,1786185911350,12,8.1619,1,-0.6669344140591744,0.46665327929704126,0.48332663964852063,macro,disagree,,,,legacy,unknown,8.2667,1.284014751467194,1,1786189513243
45,BTC,1786142719564,1786185919564,12,64835,1,0.36066994829881427,0.5180334974149408,0.6180334974149407,macro,agree,,,,legacy,unknown,64932,0.14961054985733016,1,1786189513243
46,BTC,1786142722041,1786229122041,24,64836,1,0.625455899927056,0.5312727949963528,0.6312727949963528,macro,agree,,,,legacy,unknown,65046,0.32389413288913566,1,1786235714637
47,LINK,1786142723199,1786229123199,24,8.1621,1,-0.5931212549325301,0.4703439372533735,0.48517196862668677,macro,disagree,,,,legacy,unknown,8.3396,2.174685436346041,1,1786235714637
48,LINK,1786147272634,1786190472634,12,8.1829,0,-0.4113573575766353,0.333,0.333,,,,,,legacy,unknown,8.3319,1.8208703515868352,1,1786190672593
49,LINK,1786147272761,1786233672761,24,8.1829,1,-0.08303112446121517,0.49584844377693926,0.49792422188846963,macro,disagree,,,,legacy,unknown,8.3396,1.9149690207628194,1,1786235714637
50,BTC,1786147273128,1786190473128,12,64872,1,-0.198458485254073,0.49007707573729636,0.49503853786864815,macro,disagree,,,,legacy,unknown,64935,0.09711431742508325,1,1786190672593
51,BTC,1786147273136,1786233673136,24,64872,1,0.9005646026783631,0.5450282301339182,0.6450282301339182,macro,agree,,,,legacy,unknown,64936,0.0986558145270687,1,1786235714637
52,BTC,1786147332493,1786233732493,24,64870.6,1,0.8983870716874287,0.5449193535843715,0.6449193535843715,macro,agree,,,,legacy,unknown,64936,0.10081608617771604,1,1786235714637
53,BTC,1786155003768,1786241403768,24,64867,1,0.7235912485830965,0.5361795624291549,0.6361795624291549,macro,agree,,,,legacy,unknown,64851,-0.024665854748947846,0,1786244404565
54,LINK,1786158059627,1786244459627,24,8.1764,0,-0.16239911107856184,0.533,0.533,,,,,,legacy,unknown,8.2924,1.4187172838902382,1,1786247052106
55,LINK,1786158059741,1786201259741,12,8.1764,0,-0.4747182121381975,0.267,0.267,,,,,,legacy,unknown,8.3596,2.240594882833535,1,1786212034820
56,BTC,1786158060100,1786201260100,12,64886.1,1,-0.17676651128444404,0.4911616744357778,0.4955808372178889,macro,disagree,,,,legacy,unknown,65108,0.34198387636181166,1,1786212034820
57,BTC,1786158060109,1786244460109,24,64886.1,1,0.7532491731494829,0.5376624586574742,0.6376624586574742,macro,agree,,,,legacy,unknown,64798,-0.13577638353976976,0,1786247052106
58,BTC,1786163265110,1786249665110,24,64971,0,1.0628782799820229,0.467,0.467,,,,,,legacy,unknown,64783.5,-0.2885902941312278,0,1786254932394
59,LINK,1786163520747,1786249920747,24,8.2516,0,0.9135491445413297,0.533,0.533,,,,,,legacy,unknown,8.2924,0.49444956129721307,1,1786254932394
61,LINK,1786168872420,1786255272420,24,8.2641,0,1.37512266928361,0.667,0.667,,,,,,legacy,unknown,8.2774,0.16093706513717138,1,1786256738792
63,LINK,1786168872426,1786212072426,12,8.2641,0,0.7043369118847533,0.267,0.267,,,,,,legacy,unknown,8.3298,0.7950049007151587,1,1786222833483
62,BTC,1786168872769,1786255272769,24,64972,0,1.0293888975276007,0.467,0.467,,,,,,legacy,unknown,64776,-0.3016684110078187,0,1786256738792
60,BTC,1786168872776,1786212072776,12,64972,0,0.24068131325598618,0.333,0.333,,,,,,legacy,unknown,65087,0.17699932278519978,1,1786222833483
64,BTC,1786172522995,1786258922995,24,64975,0,1.034053801897061,0.733,0.733,,,,,,legacy,unknown,64823,-0.2339361292804925,0,1786263296781
65,LINK,1786179659384,1786266059384,24,8.2667,0,1.4070166830225823,0.733,0.733,,,,,,legacy,unknown,8.3132,0.5624977318639842,1,1786274413044
66,BTC,1786179659390,1786266059390,24,64964,0,1.0169491525423728,0.6,0.6,,,,,,legacy,unknown,64791,-0.26630133612462287,0,1786274413044
67,BTC,1786179659520,1786222859520,12,64964,0,0.22833868180696126,0.533,0.533,,,,,,legacy,unknown,65046,0.12622375469490796,1,1786235714637
68,BTC,1786189510645,1786275910645,24,64932,1,-0.13841469041247578,0.4930792654793762,0.4965396327396881,macro,disagree,,,,legacy,unknown,64918,-0.0215610176800345,0,1786276815895
69,BTC,1786189512951,1786275912951,24,64930,1,-0.1414905724216419,0.4929254713789179,0.496462735689459,macro,disagree,,,,legacy,unknown,64918,-0.01848144155244109,0,1786276815895
70,BTC,1786189969560,1786276369560,24,64928,1,-0.14456645443080804,0.4927716772784596,0.4963858386392298,macro,disagree,,,,legacy,unknown,64918,-0.015401675702316412,0,1786276816088
71,BTC,1786190433026,1786233633026,12,64935,1,0.1526929483620211,0.507634647418101,0.607634647418101,macro,agree,,,,legacy,unknown,64936,0.00154000154000154,1,1786235714637
72,BTC,1786190433033,1786276833033,24,64935,1,-0.1338008673987266,0.49330995663006366,0.4966549783150318,macro,disagree,,,,legacy,unknown,64918,-0.026180026180026177,0,1786277335810
73,LINK,1786190433033,1786233633033,12,8.3319,1,2.0803469695298835,0.6040173484764941,0.7040173484764941,macro,agree,,,,legacy,unknown,,,,
74,LINK,1786190433045,1786276833045,24,8.3319,1,1.402022709847016,0.5701011354923508,0.6701011354923507,macro,agree,,,,legacy,unknown,8.2977,-0.4104706009433437,0,1786277336621
75,BTC,1786190672321,1786277072321,24,64925,1,-0.11692127813418254,0.4941539360932909,0.4970769680466455,macro,disagree,,,,legacy,unknown,64918,-0.010781671159029648,0,1786277336621
76,LINK,1786201232923,1786244432923,12,8.3596,1,2.1593811484925918,0.6079690574246296,0.7079690574246296,macro,agree,,,,legacy,unknown,8.2924,-0.8038662136944316,0,1786247052106
77,BTC,1786201232931,1786244432931,12,65108,1,0.37152943715602693,0.5185764718578013,0.6185764718578013,macro,agree,,,,legacy,unknown,64798,-0.47613196534988017,0,1786247052106
79,LINK,1786212034197,1786255234197,12,8.3298,1,0.9476949924863143,0.5473847496243157,0.6473847496243157,macro,agree,,,,legacy,unknown,8.2774,-0.6290667242911048,0,1786256738792
78,BTC,1786212034502,1786255234502,12,65087,0,0.17854119530251958,0.333,0.333,,,,,,legacy,unknown,64776,-0.4778219921028777,0,1786256738792
80,LINK,1786222833208,1786309233208,24,8.3396,0,1.624361770834605,0.467,0.467,,,,,,legacy,unknown,8.3321,-0.08993237085711886,0,1786309256148
81,BTC,1786235714012,1786322114012,24,64936,1,0.10081608617771604,0.5050408043088858,0.6050408043088857,macro,agree,,,,legacy,unknown,64926,-0.015399778243193298,0,1786326021489
82,BTC,1786235714359,1786322114359,24,64936,1,0.10081608617771604,0.5050408043088858,0.6050408043088857,macro,agree,,,,legacy,unknown,64926,-0.015399778243193298,0,1786326021489
83,BTC,1786239336380,1786325736380,24,64857,1,-0.02096481302777922,0.6165,0.55825,macro,disagree,,,,legacy,unknown,64928.5,0.1102425335738625,1,1786326022980
84,BTC,1786239359612,1786325759612,24,64857.6,1,-0.020039894805967573,0.65,0.575,macro,disagree,,,,legacy,unknown,64928.5,0.10931641010460062,1,1786326022980
85,BTC,1786239769460,1786326169460,24,64851,1,-0.030213995245918095,0.6835,0.59175,macro,disagree,,,,legacy,unknown,64935,0.12952768654299857,1,1786331916120
86,LINK,1786244404278,1786287604278,12,8.2924,1,-0.4740815420252108,0.5835,0.54175,macro,disagree,,,,legacy,unknown,8.3025,0.12179827311754803,1,1786287656101
88,LINK,1786244404427,1786330804427,24,8.2924,1,1.3381563993205416,0.55,0.65,macro,agree,,,,legacy,unknown,8.2186,-0.889971540205493,0,1786331916120
87,BTC,1786244404710,1786330804710,24,64798,1,-0.10637149860483759,0.7165,0.60825,macro,disagree,,,,legacy,unknown,65067,0.4151362696379518,1,1786331916120
89,BTC,1786244404854,1786287604854,12,64798,1,-0.19561031959953795,0.6835,0.59175,macro,disagree,,,,legacy,unknown,65224,0.6574276983857527,1,1786287657179
90,BTC,1786247051815,1786333451815,24,64767,0,-0.1835524095299279,0.533,0.533,,,,,,legacy,unknown,65012,0.3782790618679266,1,1786340834698
91,BTC,1786249540709,1786335940709,24,64783.5,1,-0.15812323440613404,0.6835,0.59175,macro,disagree,,,,legacy,unknown,65012,0.35271326803892966,1,1786340834698
92,BTC,1786254932125,1786341332125,24,64765,1,-0.3170645364855089,0.6835,0.59175,macro,disagree,,,,legacy,unknown,65135,0.5712962248127846,1,1786352403251
93,LINK,1786254984308,1786341384308,24,8.2698,1,0.22056328469630396,0.5835,0.6835,macro,agree,,,,legacy,unknown,8.2256,-0.534474836150814,0,1786352403251
94,BTC,1786254995540,1786341395540,24,64765,1,-0.3170645364855089,0.6835,0.59175,macro,disagree,,,,legacy,unknown,65135,0.5712962248127846,1,1786352403358
95,BTC,1786255004068,1786298204068,12,64766,1,-0.525281071450513,0.6835,0.59175,macro,disagree,,,,legacy,unknown,65162,0.6114319241577371,1,1786298458929
96,LINK,1786255010389,1786298210389,12,8.2694,0,-1.0789989951672467,0.6,0.6,,,,,,legacy,unknown,8.3139,0.5381285220209581,1,1786298459991
97,BTC,1786255029911,1786298229911,12,64765,1,-0.5268169810161578,0.65,0.575,macro,disagree,,,,legacy,unknown,65162,0.6129854087856096,1,1786298459991
98,LINK,1786255033152,1786298233152,12,8.271,0,-1.0598593234125981,0.6,0.6,,,,,,legacy,unknown,8.3139,0.5186797243380424,1,1786298459991
99,BTC,1786255036475,1786298236475,12,64766,1,-0.525281071450513,0.6835,0.59175,macro,disagree,,,,legacy,unknown,65162,0.6114319241577371,1,1786298459991
100,LINK,1786255203903,1786341603903,24,8.2774,0,0.31266663434970515,0.733,0.733,,,,,,legacy,unknown,8.2256,-0.6258003720975194,0,1786352403374
101,BTC,1786255204286,1786341604286,24,64776,1,-0.30013390589647687,0.75,0.625,macro,disagree,,,,legacy,unknown,65135,0.5542176114610349,1,1786352403251
102,LINK,1786255204468,1786298404468,12,8.2774,0,-0.9833006363940892,0.6,0.6,,,,,,legacy,unknown,8.3139,0.4409597216517288,1,1786298459991
103,BTC,1786255204468,1786298404468,12,64776,1,-0.5099219757940653,0.75,0.625,macro,disagree,,,,legacy,unknown,65162,0.5958997159441769,1,1786298459991
104,BTC,1786256738514,1786343138514,24,64809,1,-0.2508773009911962,0.75,0.75,,,,,,legacy,unknown,65135,0.5030165563424833,1,1786352403251
105,LINK,1786256756130,1786343156130,24,8.2948,0,0.3714863082489477,0.733,0.733,,,,,,legacy,unknown,8.2256,-0.8342576071755844,0,1786352403251
107,LINK,1786257298318,1786300498318,12,8.3114,0,-0.2208936589113754,0.467,0.467,,,,,,legacy,unknown,8.3139,0.030079168371146887,1,1786309256148
106,LINK,1786257298323,1786343698323,24,8.3114,0,0.5723551263900688,0.667,0.667,,,,,,legacy,unknown,8.2256,-1.0323170584979757,0,1786352403251
108,BTC,1786257298765,1786300498765,12,64821,1,-0.4086837617342941,0.75,0.75,,,,,,legacy,unknown,65162,0.5260640841702534,1,1786309256148
109,BTC,1786257298989,1786343698989,24,64821,1,-0.2324078064396971,0.75,0.75,,,,,,legacy,unknown,65135,0.484410916215424,1,1786352403251
110,BTC,1786257303150,1786343703150,24,64823,1,-0.2293295573477806,0.75,0.75,,,,,,legacy,unknown,65135,0.48131064591271616,1,1786352403251
111,LINK,1786263296297,1786306496297,12,8.3277,1,-0.025210689332282103,0.55,0.525,tradfi,disagree,,,,legacy,unknown,8.3321,0.05283571694465944,1,1786309256148
112,LINK,1786263296492,1786349696492,24,8.3277,1,0.7695937851671808,0.5835,0.6835,tradfi,agree,,,,legacy,unknown,8.213,-1.3773310758072568,0,1786352403251
113,BTC,1786263297454,1786349697454,24,64894,1,-0.12466333205078876,0.75,0.625,tradfi,disagree,,,,legacy,unknown,65219,0.5008167164915092,1,1786352403251
114,BTC,1786263297583,1786306497583,12,64894,1,-0.2965261880252585,0.75,0.625,tradfi,disagree,,,,legacy,unknown,65106,0.3266865966036922,1,1786309256148
115,BTC,1786263303785,1786349703785,24,64893.2,1,-0.12589457483648006,0.6835,0.59175,tradfi,disagree,,,,legacy,unknown,65219,0.5020556853414578,1,1786352403251
117,BTC,1786266015734,1786309215734,12,64791,1,-0.4547759153133498,0.6835,0.59175,tradfi,disagree,,,,legacy,unknown,65106,0.4861786359216557,1,1786309256148
116,LINK,1786266015771,1786352415771,24,8.3132,0,0.5941360825740375,0.667,0.667,,,,,,legacy,unknown,8.213,-1.2053120338738506,0,1786354464373
118,LINK,1786266015809,1786309215809,12,8.3132,0,-0.19928449662657438,0.533,0.533,,,,,,legacy,unknown,8.3321,0.22734927585045905,1,1786309256148
119,BTC,1786266016045,1786352416045,24,64791,1,-0.2831858407079646,0.7165,0.60825,tradfi,disagree,,,,legacy,unknown,65219,0.6605855751570434,1,1786354465212
120,LINK,1786274412155,1786360812155,24,8.2957,1,0.3508050370764624,0.55,0.65,tradfi,agree,,,,legacy,unknown,8.3081,0.149475029232006,1,1786363203767
121,LINK,1786274412323,1786317612323,12,8.2957,1,-0.5264041440836577,0.45,0.475,tradfi,disagree,,,,legacy,unknown,8.2517,-0.5303952650168218,0,1786320450328
122,BTC,1786274412378,1786360812378,24,64953,1,-0.01693245489809741,0.5165,0.50825,tradfi,disagree,,,,legacy,unknown,65106,0.23555493972564778,1,1786363203767
123,BTC,1786274412767,1786317612767,12,64953,1,-0.1429757402453648,0.45,0.475,tradfi,disagree,,,,legacy,unknown,65018,0.10007236001416409,1,1786320450328
124,BTC,1786274417477,1786360817477,24,64953,1,-0.01693245489809741,0.5165,0.50825,tradfi,disagree,,,,legacy,unknown,65106,0.23555493972564778,1,1786363203906
125,LINK,1786276815813,1786320015813,12,8.2977,0,-0.5024221785217522,0.467,0.467,,,,,,legacy,unknown,8.1751,-1.4775178663967155,0,1786320450328
127,LINK,1786276815862,1786363215862,24,8.2977,1,0.37499848790933,0.48350000000000004,0.38350000000000006,tradfi,agree,,,,legacy,unknown,8.3081,0.12533593646430763,1,1786374003753
128,BTC,1786276816029,1786363216029,24,64918,1,-0.015401675702316412,0.75,0.625,tradfi,disagree,,,,legacy,unknown,65106,0.2895961058566191,1,1786374003854
126,BTC,1786276816088,1786320016088,12,64918,1,-0.1967838145312548,0.7165,0.60825,tradfi,disagree,,,,legacy,unknown,64840.3,-0.11968945438860885,0,1786320450217
130,LINK,1786277335361,1786363735361,24,8.2856,1,-0.5556955796396822,0.5165,0.50825,tradfi,disagree,,,,legacy,unknown,8.3081,0.2715554697306058,1,1786374003951
129,LINK,1786277335532,1786320535532,12,8.2856,0,-0.6475130701712345,0.467,0.467,,,,,,legacy,unknown,8.1978,-1.0596697885488033,0,1786326022980
131,BTC,1786277336216,1786363736216,24,64889,1,-0.05544859453215248,0.6835,0.59175,tradfi,disagree,,,,legacy,unknown,65106,0.3344172355869254,1,1786374003951
132,BTC,1786277336335,1786320536335,12,64889,1,-0.24136764751099224,0.6165,0.55825,tradfi,disagree,,,,legacy,unknown,64926,0.0570204503074481,1,1786326022980
133,LINK,1786277341222,1786363741222,24,8.2857,1,-0.5544953732041781,0.5165,0.50825,tradfi,disagree,,,,legacy,unknown,8.3081,0.2703452936987739,1,1786374003951
134,LINK,1786285257116,1786328457116,12,8.3337,0,-0.070746798407603,0.467,0.467,,,,,,legacy,unknown,8.2186,-1.3811392298738852,0,1786331916120
135,BTC,1786285258132,1786371658132,24,65174,0,0.3835194455140547,0.2,0.2,,,,,,legacy,unknown,64603,-0.8761162426734588,0,1786374003951
136,LINK,1786285258883,1786371658883,24,8.3336,0,0.02040350940363383,0.667,0.667,,,,,,legacy,unknown,8.3006,-0.395987328405506,0,1786374003951
137,BTC,1786285259361,1786328459361,12,65174,0,0.4980647946831968,0.867,0.867,,,,,,legacy,unknown,65067,-0.16417589836437843,0,1786331916120
138,BTC,1786285264613,1786371664613,24,65174,0,0.3835194455140547,0.2,0.2,,,,,,legacy,unknown,64603,-0.8761162426734588,0,1786374003951
139,LINK,1786285274361,1786328474361,12,8.33393,0,-0.0679888723679827,0.533,0.533,,,,,,legacy,unknown,8.2186,-1.3838609155584478,0,1786331916120
140,BTC,1786285274940,1786371674940,24,65174,0,0.3835194455140547,0.2,0.2,,,,,,legacy,unknown,64603,-0.8761162426734588,0,1786374003951
141,BTC,1786285275065,1786328475065,12,65174,0,0.4980647946831968,0.95,0.95,,,,,,legacy,unknown,65067,-0.16417589836437843,0,1786331916120
142,LINK,1786285277664,1786371677664,24,8.33394,0,0.024484211284352072,0.667,0.667,,,,,,legacy,unknown,8.3006,-0.40005087629621544,0,1786374003750
143,LINK,1786285283777,1786371683777,24,8.334,0,0.02520433514565027,0.6,0.6,,,,,,legacy,unknown,8.3006,-0.40076793856491866,0,1786374003951
144,LINK,1786287655565,1786374055565,24,8.3025,0,-0.6830470357433388,0.533,0.533,,,,,,legacy,unknown,8.3006,-0.022884673291188207,0,1786384803790
145,LINK,1786287655797,1786330855797,12,8.3025,0,0.12179827311754803,0.533,0.533,,,,,,legacy,unknown,8.2186,-1.01053899427883,0,1786331916120
146,BTC,1786287656471,1786330856471,12,65224,0,0.6574276983857527,0.95,0.95,,,,,,legacy,unknown,65067,-0.24070894149392863,0,1786331916120
147,BTC,1786287656860,1786374056860,24,65224,0,0.17816550961479388,0.267,0.267,,,,,,legacy,unknown,64603,-0.952103520176622,0,1786384803790
148,LINK,1786288513781,1786331713781,12,8.3164,0,0.28942163909120555,0.533,0.533,,,,,,legacy,unknown,8.1969,-1.4369198210764318,0,1786331916120
149,LINK,1786288513980,1786374913980,24,8.3164,0,-0.5167711373750008,0.667,0.667,,,,,,legacy,unknown,8.3006,-0.18998605165697272,0,1786384803931
150,BTC,1786288514406,1786331714406,12,65215,0,0.6435383808142227,0.95,0.95,,,,,,legacy,unknown,65007,-0.3189450279843594,0,1786331916120
151,BTC,1786288514518,1786374914518,24,65215,0,0.16434232352399092,0.267,0.267,,,,,,legacy,unknown,64603,-0.938434409261673,0,1786384803931
152,BTC,1786288518585,1786374918585,24,65213,0,0.16127050439270135,0.267,0.267,,,,,,legacy,unknown,64603,-0.9353963166853234,0,1786384803931
153,LINK,1786298458367,1786384858367,24,8.3139,0,-0.19088093351581364,0.467,0.467,,,,,,legacy,unknown,8.2465,-0.8106905303167107,0,1786395603681
154,LINK,1786298458614,1786341658614,12,8.3139,0,0.4409597216517288,0.333,0.333,,,,,,legacy,unknown,8.2256,-1.0620767630113457,0,1786352403251
155,BTC,1786298459532,1786384859532,24,65162,0,0.1152303839476393,0.2,0.2,,,,,,legacy,unknown,63934,-1.8845339308185753,0,1786395603681
156,BTC,1786298459662,1786341659662,12,65162,0,0.5958997159441769,0.95,0.95,,,,,,legacy,unknown,65135,-0.04143519228998496,0,1786352403251
157,LINK,1786309255255,1786352455255,12,8.3321,0,0.22734927585045905,0.733,0.733,,,,,,legacy,unknown,8.213,-1.4294115529098463,0,1786354465212
159,LINK,1786309255434,1786395655434,24,8.3321,1,-0.08993237085711886,0.45,0.45,,,,,,legacy,unknown,8.2888,-0.519676912183007,0,1786404754951
158,BTC,1786309255491,1786395655491,24,65106,0,0.0922424130615257,0.2,0.2,,,,,,legacy,unknown,64148,-1.4714465640647558,0,1786404753771
160,BTC,1786309255815,1786352455815,12,65106,0,0.4861786359216557,0.95,0.95,,,,,,legacy,unknown,65219,0.17356311246275305,1,1786354465212
162,LINK,1786316394836,1786402794836,24,8.2581,1,-0.9772650966473226,0.48350000000000004,0.48350000000000004,,,,,,legacy,unknown,8.2893,0.377810876593891,1,1786404755448
161,LINK,1786316395085,1786359595085,12,8.2581,0,-0.6628013280084623,0.933,0.933,,,,,,legacy,unknown,8.3081,0.6054661483876307,1,1786363203944
163,BTC,1786316395253,1786359595253,12,65044,0,0.3904863329783458,0.95,0.95,,,,,,legacy,unknown,65106,0.0953200910153127,1,1786363203944
164,BTC,1786316395366,1786402795366,24,65044,0,-0.003074747102050856,0.2,0.2,,,,,,legacy,unknown,63952,-1.6788635385277657,0,1786404755448
165,BTC,1786316399081,1786402799081,24,65043,0,-0.004612120653076284,0.2,0.2,,,,,,legacy,unknown,63952,-1.677351905662408,0,1786404755448
166,LINK,1786316434117,1786359634117,12,8.2517,0,-0.7397873261800577,0.4,0.4,,,,,,legacy,unknown,8.3081,0.683495522134833,1,1786363203944
167,LINK,1786316434363,1786402834363,24,8.2517,0,-1.0540073864454074,0.667,0.667,,,,,,legacy,unknown,8.2893,0.4556636814232363,1,1786404755448
168,BTC,1786316434536,1786402834536,24,65018,0,-0.043046459428711985,0.2,0.2,,,,,,legacy,unknown,63952,-1.6395459718847087,0,1786404755448
169,BTC,1786316434762,1786359634762,12,65018,0,0.3503573027117964,0.867,0.867,,,,,,legacy,unknown,65106,0.13534713463963824,1,1786363203944
170,BTC,1786316438469,1786402838469,24,65018,1,-0.043046459428711985,0.5165,0.5165,,,,,,legacy,unknown,63952,-1.6395459718847087,0,1786404755448
171,LINK,1786320449410,1786406849410,24,8.1978,1,-1.7003213583385284,0.6835,0.6835,,,,,,legacy,unknown,8.3007,1.2552148137305128,1,1786417208825
173,LINK,1786320449881,1786363649881,12,8.1978,1,-1.2039480819986246,0.75,0.75,,,,,,legacy,unknown,8.3081,1.3454829344458112,1,1786374003750
172,BTC,1786320450048,1786363650048,12,64926,1,0.012323238547090175,0.5835,0.5835,,,,,,legacy,unknown,65106,0.2772387025228722,1,1786374003750
174,BTC,1786320450456,1786406850456,24,64926,1,-0.1844848261230514,0.48350000000000004,0.48350000000000004,,,,,,legacy,unknown,63951,-1.5017096386655577,0,1786417208825
175,LINK,1786320453024,1786406853024,24,8.1978,1,-1.7003213583385284,0.55,0.55,,,,,,legacy,unknown,8.3007,1.2552148137305128,1,1786417208825
176,BTC,1786320453698,1786406853698,24,64926.3,1,-0.18402361405773926,0.5165,0.5165,,,,,,legacy,unknown,63951,-1.5021647621996062,0,1786417208825
177,BTC,1786320457960,1786406857960,24,64926,1,-0.1844848261230514,0.45,0.45,,,,,,legacy,unknown,63951,-1.5017096386655577,0,1786417208825
178,LINK,1786326021030,1786369221030,12,8.1835,1,-1.233450402500692,0.6345000000000001,0.6345000000000001,,,,,,legacy,unknown,8.3006,1.4309280870043242,1,1786374003750
179,LINK,1786326021215,1786412421215,24,8.1835,1,-1.8717924121061003,0.5835,0.5835,,,,,,legacy,unknown,8.4118,2.7897598826907686,1,1786417208825
181,BTC,1786326022643,1786412422643,24,64928.5,1,0.10931641010460062,0.48350000000000004,0.48350000000000004,,,,,,legacy,unknown,64023,-1.394610995171612,0,1786417208825
180,BTC,1786326022701,1786369222701,12,64928.5,0,0.060873183436329734,0.867,0.867,,,,,,legacy,unknown,64603,-0.501320683521104,0,1786374003750
182,BTC,1786326028806,1786412428806,24,64935,1,0.11933836589698271,0.4165,0.4165,,,,,,legacy,unknown,64023,-1.4044814044814045,0,1786417208825
183,LINK,1786331915196,1786375115196,12,8.1969,1,-1.4369198210764318,0.6165,0.6165,,,,,,legacy,unknown,8.3006,1.2651124205492308,1,1786384803931
184,LINK,1786331915398,1786418315398,24,8.1969,1,-1.1516569388838123,0.65,0.65,,,,,,legacy,unknown,8.405,2.5387646549305223,1,1786419041627
185,BTC,1786331915549,1786418315549,24,65007,1,0.32254081916108523,0.5165,0.5165,,,,,,legacy,unknown,64119,-1.366006737735936,0,1786419042434
186,BTC,1786331915843,1786375115843,12,65007,1,-0.31588793645438795,0.7165,0.7165,,,,,,legacy,unknown,64603,-0.6214715338348178,0,1786384803931
187,BTC,1786331925270,1786418325270,24,65012,1,0.33025710670082414,0.55,0.55,,,,,,legacy,unknown,64119,-1.3735925675259952,0,1786419042434
188,LINK,1786340834107,1786384034107,12,8.21436,1,-1.2269732095618366,0.65,0.65,,,,,,legacy,unknown,8.2465,0.3912660268115844,1,1786384803931
191,LINK,1786340834418,1786427234418,24,8.21436,1,-0.9411026964449549,0.65,0.65,,,,,,legacy,unknown,8.41408,2.431351925165211,1,1786428009229
189,BTC,1786340835412,1786384035412,12,65051,1,-0.24841672672626625,0.75,0.75,,,,,,legacy,unknown,63934,-1.7171142641927102,0,1786384803931
190,BTC,1786340835448,1786427235448,24,65051,1,0.4129137820587032,0.65,0.65,,,,,,legacy,unknown,63979,-1.647937771902046,0,1786428008646
192,LINK,1786340839102,1786384039102,12,8.2143,1,-1.2276946755807812,0.65,0.65,,,,,,legacy,unknown,8.2465,0.39199931826204987,1,1786384803931
193,LINK,1786340839211,1786427239211,24,8.2143,1,-0.9418262505426769,0.65,0.65,,,,,,legacy,unknown,8.41408,2.4321001180867574,1,1786428009229
194,BTC,1786340839393,1786384039393,12,65050.6,1,-0.2490301013601605,0.75,0.75,,,,,,legacy,unknown,63934,-1.7165099168954607,0,1786384803614
195,BTC,1786340839870,1786427239870,24,65050.6,1,0.4122963408892674,0.65,0.65,,,,,,legacy,unknown,63979,-1.6473329992344399,0,1786428009229
196,BTC,1786340844201,1786427244201,24,65050,1,0.4113701791351193,0.65,0.65,,,,,,legacy,unknown,63979,-1.6464258262874711,0,1786428009229
200,LINK,1786352403227,1786395603227,12,8.213,1,-1.2136301855928158,0.65,0.65,macro,na,,,,legacy,unknown,8.2888,0.9229270668452574,1,1786395603681
197,LINK,1786352403319,1786438803319,24,8.213,1,-1.3773310758072568,0.65,0.65,macro,na,,,,legacy,unknown,8.5224,3.7671983440886416,1,1786438808562
198,BTC,1786352403344,1786438803344,24,65219,0,0.5020556853414578,0.2,0.2,,,,,,legacy,unknown,64115,-1.6927582452966161,0,1786438808562
199,BTC,1786352403408,1786395603408,12,65219,0,0.0874742948344127,0.6,0.6,,,,,,legacy,unknown,64148,-1.6421594933991628,0,1786395603658
201,LINK,1786354463861,1786440863861,24,8.2061,1,-1.2883125631525871,0.65,0.65,macro,na,,,,legacy,unknown,8.5224,3.8544497386090844,1,1786449621070
203,LINK,1786354464076,1786397664076,12,8.2061,1,-1.512223809123765,0.65,0.65,macro,na,,,,legacy,unknown,8.2888,1.007786890240198,1,1786404755448
202,BTC,1786354464786,1786397664786,12,65089,0,-0.026111264706785858,0.733,0.733,,,,,,legacy,unknown,64148,-1.4457127932523162,0,1786404755448
204,BTC,1786354464920,1786440864920,24,65089,0,0.45994042382429656,0.267,0.267,,,,,,legacy,unknown,64115,-1.496412604280293,0,1786449621070
205,BTC,1786354470602,1786440870602,24,65089,0,0.45994042382429656,0.333,0.333,,,,,,legacy,unknown,64115,-1.496412604280293,0,1786449621036
209,LINK,1786363203688,1786406403688,12,8.3081,1,0.683495522134833,0.65,0.65,macro,na,,,,legacy,unknown,8.3007,-0.08906970306085317,0,1786406408502
207,LINK,1786363203726,1786449603726,24,8.3081,1,0.149475029232006,0.65,0.65,macro,na,,,,legacy,unknown,8.687,4.560609525643647,1,1786449621036
206,BTC,1786363203864,1786406403864,12,65106,0,0.13534713463963824,0.733,0.733,,,,,,legacy,unknown,63951,-1.7740300433139802,0,1786406408502
208,BTC,1786363203911,1786449603911,24,65106,0,0.23555493972564778,0.333,0.333,,,,,,legacy,unknown,64374,-1.1243203391392498,0,1786449621070
210,LINK,1786374003704,1786417203704,12,8.3006,0,1.4309280870043242,0.538,0.538,,,,,,legacy,unknown,8.4118,1.3396621930944774,1,1786417208825
212,LINK,1786374003704,1786460403704,24,8.3006,0,-0.40076793856491866,0.667,0.667,,,,,,legacy,unknown,8.5556,3.0720670794882396,1,1786460421567
211,BTC,1786374003807,1786460403807,24,64603,0,-0.8761162426734588,0.533,0.533,,,,,,legacy,unknown,63763,-1.3002492144327664,0,1786460420932
213,BTC,1786374003926,1786417203926,12,64603,0,-0.5112805112805113,0.9,0.9,,,,,,legacy,unknown,64023,-0.8977911242511958,0,1786417208825
216,LINK,1786384803591,1786471203591,24,8.2465,0,-0.8405079120773474,0.667,0.667,,,,,,legacy,unknown,8.5875,4.13508761292671,1,1786471220927
214,LINK,1786384803701,1786428003701,12,8.2465,0,0.39199931826204987,0.25,0.25,,,,,,legacy,unknown,8.41408,2.0321348450858054,1,1786428009229
215,BTC,1786384803766,1786428003766,12,63934,0,-1.7156033820138354,0.733,0.733,,,,,,legacy,unknown,63979,0.07038508461851284,1,1786428009229
217,BTC,1786384803881,1786471203881,24,63934,1,-1.9612653918697192,0.35,0.35,macro,na,,,,legacy,unknown,63570,-0.5693371289141927,0,1786471221101
218,LINK,1786395603513,1786482003513,24,8.2888,0,-0.3019040402217987,0.667,0.667,,,,,,legacy,unknown,8.6969,4.9235112440884,1,1786482021254
220,LINK,1786395603513,1786438803513,12,8.2888,0,0.9229270668452574,0.6,0.6,,,,,,legacy,unknown,8.5224,2.8182607856384414,1,1786438808562
219,BTC,1786395603585,1786482003585,24,64148,0,-1.5561216660016575,0.467,0.467,,,,,,legacy,unknown,63711,-0.6812371391157948,0,1786482021990
221,LINK,1786404753355,1786491153355,24,8.2893,0,0.4556636814232363,0.4,0.4,,,,,,legacy,unknown,8.7782,5.897964846247563,1,1786492841394
222,LINK,1786404753487,1786447953487,12,8.2893,0,1.0138799185971594,0.467,0.467,,,,,,legacy,unknown,8.687,4.797751317964105,1,1786449621070
226,BTC,1786404754418,1786491154418,24,63952,0,-1.6395459718847087,0.95,0.95,,,,,,legacy,unknown,63529,-0.661433575181386,0,1786492841663
227,BTC,1786404754652,1786447954652,12,63952,0,-1.7468389436003013,0.867,0.867,,,,,,legacy,unknown,64374,0.6598699024268202,1,1786449621070
224,LINK,1786404755047,1786447955047,12,8.2893,0,1.0138799185971594,0.6,0.6,,,,,,legacy,unknown,8.687,4.797751317964105,1,1786449621070
228,LINK,1786404755177,1786491155177,24,8.2893,0,0.4556636814232363,0.4,0.4,,,,,,legacy,unknown,8.7782,5.897964846247563,1,1786492841663
225,BTC,1786404755570,1786491155570,24,63952,0,-1.6395459718847087,0.95,0.95,,,,,,legacy,unknown,63529,-0.661433575181386,0,1786492841663
223,BTC,1786404755938,1786447955938,12,63952,0,-1.7468389436003013,0.867,0.867,,,,,,legacy,unknown,64374,0.6598699024268202,1,1786449621070
229,BTC,1786404763232,1786491163232,24,63951,0,-1.6410840075056137,0.95,0.95,,,,,,legacy,unknown,63529,-0.6598802207940455,0,1786492841663
230,LINK,1786404776298,1786491176298,24,8.2874,0,0.4326381230534349,0.4,0.4,,,,,,legacy,unknown,8.7782,5.922243405651955,1,1786492841663
231,LINK,1786404776771,1786447976771,12,8.2874,0,0.9907264108407233,0.6,0.6,,,,,,legacy,unknown,8.687,4.821777638342539,1,1786449621070
232,BTC,1786404777235,1786491177235,24,63951,1,-1.6410840075056137,0.5165,0.6164999999999999,macro,agree,,,,legacy,unknown,63529,-0.6598802207940455,0,1786492841663
233,BTC,1786404777337,1786447977337,12,63951,1,-1.74837530151024,0.75,0.85,macro,agree,,,,legacy,unknown,64374,0.6614439179997186,1,1786449621070
234,LINK,1786404779916,1786491179916,24,8.2874,0,0.4326381230534349,0.4,0.4,,,,,,legacy,unknown,8.7782,5.922243405651955,1,1786492841663
235,LINK,1786404804333,1786491204333,24,8.2866,0,0.4229431511082611,0.4,0.4,,,,,,legacy,unknown,8.7782,5.932469287765791,1,1786492841663
236,LINK,1786404804463,1786448004463,12,8.2866,0,0.9809775654695981,0.4,0.4,,,,,,legacy,unknown,8.687,4.83189727994593,1,1786449621070
237,BTC,1786404805291,1786491205291,24,63950.5,1,-1.6418530253160664,0.5165,0.6164999999999999,macro,agree,,,,legacy,unknown,63529,-0.6591035253829134,0,1786492841663
238,BTC,1786404805400,1786448005400,12,63950.5,1,-1.749143480465209,0.75,0.85,macro,agree,,,,legacy,unknown,64374,0.6622309442459402,1,1786449621070
239,BTC,1786404809390,1786491209390,24,63950.5,1,-1.6418530253160664,0.5165,0.6164999999999999,macro,agree,,,,legacy,unknown,63529,-0.6591035253829134,0,1786492841663
240,LINK,1786405809297,1786492209297,24,8.2911,0,0.47747736829987214,0.333,0.333,,,,,,legacy,unknown,8.7782,5.874974370107704,1,1786492841663
241,LINK,1786405809410,1786449009410,12,8.2911,0,1.035814820682186,0.733,0.733,,,,,,legacy,unknown,8.687,4.774999698471846,1,1786449621070
242,BTC,1786405809958,1786492209958,24,63928,1,-1.6764588267864284,0.48350000000000004,0.38350000000000006,macro,agree,,,,legacy,unknown,63529,-0.6241396571142535,0,1786492841663
243,BTC,1786405814179,1786492214179,24,63941,1,-1.6564643637146639,0.48350000000000004,0.38350000000000006,macro,agree,,,,legacy,unknown,63529,-0.6443440046292677,0,1786492841663
244,LINK,1786406408311,1786492808311,24,8.3007,0,0.5938170316419801,0.4,0.4,,,,,,legacy,unknown,8.7782,5.75252689532207,1,1786492841663
245,LINK,1786406408481,1786449608481,12,8.3007,0,-0.08906970306085317,0.4,0.4,,,,,,legacy,unknown,8.687,4.653824376257406,1,1786449621070
246,BTC,1786406408638,1786492808638,24,63951,1,-1.6410840075056137,0.48350000000000004,0.38350000000000006,macro,agree,,,,legacy,unknown,63529,-0.6598802207940455,0,1786492841663
247,LINK,1786417208494,1786460408494,12,8.4118,1,1.3396621930944774,0.45,0.475,macro,disagree,,,,legacy,unknown,8.5556,1.7095033167693074,1,1786460421567
248,LINK,1786417208494,1786503608494,24,8.4118,1,2.7897598826907686,0.4165,0.45825,macro,disagree,,,,legacy,unknown,8.7483,4.0003328657362385,1,1786503640857
249,BTC,1786417208974,1786503608974,24,64023,1,-1.4044814044814045,0.45,0.35,macro,agree,,,,legacy,unknown,63759,-0.41235181106789753,0,1786503640857
250,LINK,1786419040934,1786462240934,12,8.405,1,1.257740404308123,0.48350000000000004,0.49175,macro,disagree,,,,legacy,unknown,8.5556,1.7917906008328464,1,1786471221101
251,LINK,1786419041121,1786505441121,24,8.405,1,2.5387646549305223,0.48350000000000004,0.49175,macro,disagree,,,,legacy,unknown,8.7483,4.0844735276621185,1,1786511156837
252,BTC,1786419042158,1786505442158,24,64119,1,-1.3735925675259952,0.45,0.35,macro,agree,,,,legacy,unknown,63759,-0.5614560426706592,0,1786511156837
253,LINK,1786419043784,1786462243784,12,8.4048,1,1.2553309399320594,0.5165,0.50825,macro,disagree,,,,legacy,unknown,8.5556,1.7942128307633765,1,1786471221101
254,LINK,1786419043999,1786505443999,24,8.4048,1,2.5363247081213682,0.48350000000000004,0.49175,macro,disagree,,,,legacy,unknown,8.7483,4.086950314106232,1,1786511156837
255,BTC,1786419044487,1786505444487,24,64118,1,-1.3751307450932135,0.45,0.35,macro,agree,,,,legacy,unknown,63759,-0.5599051748339,0,1786511156837
256,BTC,1786419048589,1786505448589,24,64119,1,-1.3735925675259952,0.45,0.35,macro,agree,,,,legacy,unknown,63759,-0.5614560426706592,0,1786511156837
257,LINK,1786419721978,1786506121978,24,8.4066,1,2.5582842294037964,0.48350000000000004,0.49175,macro,disagree,,,,legacy,unknown,8.7483,4.064663478695326,1,1786511156837
258,LINK,1786419722202,1786462922202,12,8.4066,1,1.2770161193166745,0.48350000000000004,0.49175,macro,disagree,,,,legacy,unknown,8.5556,1.7724169105226957,1,1786471221101
259,BTC,1786419722729,1786506122729,24,64138,1,-1.3443671937488464,0.45,0.35,macro,agree,,,,legacy,unknown,63759,-0.5909133431039322,0,1786511156837
260,BTC,1786419726910,1786506126910,24,64139,0,-1.342829016181628,0.733,0.733,,,,,,legacy,unknown,63759,-0.5924632438921716,0,1786511156837
262,LINK,1786428008456,1786471208456,12,8.41408,1,2.0321348450858054,0.5835,0.54175,macro,disagree,,,,legacy,unknown,8.5875,2.0610690651859755,1,1786471221101
263,LINK,1786428008638,1786514408638,24,8.41408,1,2.4321001180867574,0.5835,0.54175,macro,disagree,,,,legacy,unknown,8.7115,3.534789305544978,1,1786514440689
261,BTC,1786428008845,1786471208845,12,63979,0,0.07038508461851284,0.571,0.571,,,,,,legacy,unknown,63570,-0.6392722612107098,0,1786471221101
264,BTC,1786428009034,1786514409034,24,63979,0,-1.6464258262874711,0.4,0.4,,,,,,legacy,unknown,63822,-0.24539301958455118,0,1786514440918
265,LINK,1786436633599,1786479833599,12,8.4468,0,2.4289092342205834,0.917,0.917,,,,,,legacy,unknown,8.6969,2.9608845953497154,1,1786482021990
266,LINK,1786436634200,1786523034200,24,8.4468,0,2.689165531997661,0.533,0.533,,,,,,legacy,unknown,8.744,3.51849221006772,1,1786525241032
267,BTC,1786436634761,1786523034761,24,64038,0,-1.6841943655484761,0.4,0.4,,,,,,legacy,unknown,63764,-0.4278709516224741,0,1786525241032
268,BTC,1786436638888,1786523038888,24,64039,0,-1.6826590926537193,0.133,0.133,,,,,,legacy,unknown,63764,-0.42942581864176516,0,1786525241032
270,LINK,1786438808105,1786482008105,12,8.5224,1,2.8182607856384414,0.7085,0.60425,macro,disagree,,,,legacy,unknown,8.6969,2.0475452924058963,1,1786482021990
272,LINK,1786438808343,1786525208343,24,8.5224,1,3.7671983440886416,0.6835,0.59175,macro,disagree,,,,legacy,unknown,8.744,2.6002065145968327,1,1786525241032
269,BTC,1786438808344,1786525208344,24,64115,0,-1.6927582452966161,0.6,0.6,,,,,,legacy,unknown,63764,-0.547453793963971,0,1786525241032
271,BTC,1786438808344,1786482008344,12,64115,0,-0.051443536821101206,0.3,0.3,,,,,,legacy,unknown,63711,-0.6301177571551119,0,1786482021990
274,LINK,1786449620892,1786492820892,12,8.687,1,4.653824376257406,0.7085,0.60425,macro,disagree,,,,legacy,unknown,8.7782,1.0498445953724027,1,1786492841663
273,LINK,1786449620961,1786536020961,24,8.687,1,4.560609525643647,0.6835,0.59175,macro,disagree,,,,legacy,unknown,8.8705,2.112351790031086,1,1786536041386
275,BTC,1786449620961,1786536020961,24,64374,0,-1.1243203391392498,0.867,0.867,,,,,,legacy,unknown,64220,-0.23922701711871253,0,1786536041386
276,BTC,1786449621016,1786492821016,12,64374,0,0.6614439179997186,0.867,0.867,,,,,,legacy,unknown,63529,-1.3126417497747538,0,1786492841663
277,LINK,1786449924692,1786493124692,12,8.6722,1,4.475526160444291,0.7085,0.60425,macro,disagree,,,,legacy,unknown,8.7782,1.2222965337515264,1,1786496312598
278,LINK,1786449924939,1786536324939,24,8.6722,1,4.382470119521919,0.6835,0.59175,macro,disagree,,,,legacy,unknown,8.8705,2.2866170060653546,1,1786542788676
279,BTC,1786449925405,1786493125405,12,64389,0,0.684899376084815,0.867,0.867,,,,,,legacy,unknown,63529,-1.3356318625852241,0,1786496313729
280,BTC,1786449925580,1786536325580,24,64389,0,-1.10128098792738,0.867,0.867,,,,,,legacy,unknown,64220,-0.26246719160104987,0,1786542788676
281,BTC,1786449940496,1786536340496,24,64397,0,-1.088993333947716,0.867,0.867,,,,,,legacy,unknown,64220,-0.27485752441883937,0,1786542788676
283,LINK,1786460420777,1786546820777,24,8.5556,0,3.0720670794882396,0.667,0.667,,,,,,legacy,unknown,8.7185,1.9040160830333406,1,1786546841088
282,BTC,1786460420835,1786503620835,12,63763,0,-0.40610405635474756,0.5,0.5,,,,,,legacy,unknown,63759,-0.006273230556906043,0,1786503640857
285,LINK,1786460421488,1786503621488,12,8.5556,0,1.7095033167693074,0.846,0.846,,,,,,legacy,unknown,8.7483,2.2523259619430585,1,1786503640857
284,BTC,1786460421824,1786546821824,24,63763,0,-1.3002492144327664,0.467,0.467,,,,,,legacy,unknown,63301,-0.724558129322648,0,1786546841088
286,BTC,1786471220810,1786557620810,24,63570,0,-0.5693371289141927,0.467,0.467,,,,,,legacy,unknown,63468,-0.1604530438886267,0,1786557641396
287,BTC,1786471220864,1786514420864,12,63570,0,-0.6392722612107098,0.444,0.444,,,,,,legacy,unknown,63769,0.31304074248859526,1,1786514441156
289,LINK,1786471221018,1786514421018,12,8.5875,0,2.0610690651859755,0.857,0.857,,,,,,legacy,unknown,8.7035,1.3508005822416262,1,1786514441420
288,LINK,1786471221101,1786557621101,24,8.5875,0,4.13508761292671,0.8,0.8,,,,,,legacy,unknown,8.7725,2.1542940320232953,1,1786557641396
290,LINK,1786482021173,1786568421173,24,8.6969,0,4.9235112440884,0.667,0.667,,,,,,legacy,unknown,8.7623,0.7519920891352131,1,1786568440994
291,LINK,1786482021173,1786525221173,12,8.6969,0,2.0475452924058963,0.786,0.786,,,,,,legacy,unknown,8.744,0.5415722843771961,1,1786525241032
293,BTC,1786482021846,1786568421846,24,63711,0,-0.6812371391157948,0.4,0.4,,,,,,legacy,unknown,63587,-0.19462887099558945,0,1786568440994
292,BTC,1786482021902,1786525221902,12,63711,0,-0.6301177571551119,0.5,0.5,,,,,,legacy,unknown,63764,0.0831881464739213,1,1786525241032
294,LINK,1786488437943,1786574837943,24,8.7626,0,5.7161470900492315,0.267,0.267,,,,,,legacy,unknown,8.664,-1.1252368018624737,0,1786579241071
295,LINK,1786488438148,1786531638148,12,8.7626,0,2.8184548953346655,0.533,0.533,,,,,,legacy,unknown,8.8001,0.4279551731221286,1,1786536041950
296,BTC,1786488438531,1786531638531,12,63601,0,-0.8016844732121967,0.867,0.867,,,,,,legacy,unknown,64046,0.6996745334192859,1,1786536041950
297,BTC,1786488438655,1786574838655,24,63601,0,-0.852715595186132,0.667,0.667,,,,,,legacy,unknown,63466,-0.21226081350922155,0,1786579241071
298,BTC,1786488442338,1786574842338,24,63601,0,-0.852715595186132,0.733,0.733,,,,,,legacy,unknown,63466,-0.21226081350922155,0,1786579241071
299,LINK,1786488473922,1786531673922,12,8.7595,1,2.7820801652116764,0.5165,0.5165,,,,,,legacy,unknown,8.8001,0.4634967749300908,1,1786536041950
300,LINK,1786488474062,1786574874062,24,8.7595,1,5.678747225171303,0.3835,0.3835,,,,,,legacy,unknown,8.664,-1.0902448769906898,0,1786579241071
301,BTC,1786488474446,1786531674446,12,63601,0,-0.8016844732121967,0.867,0.867,,,,,,legacy,unknown,64046,0.6996745334192859,1,1786536041950
302,BTC,1786488474567,1786574874567,24,63601,0,-0.852715595186132,0.733,0.733,,,,,,legacy,unknown,63466,-0.21226081350922155,0,1786579241071
303,LINK,1786488477679,1786574877679,24,8.7592,0,5.675127883408933,0.267,0.267,,,,,,legacy,unknown,8.664,-1.0868572472371927,0,1786579241071
305,LINK,1786492841134,1786536041134,12,8.7782,1,1.0498445953724027,0.45,0.45,,,,,,legacy,unknown,8.8705,1.0514684103802583,1,1786536041950
307,LINK,1786492841269,1786579241269,24,8.7782,1,5.75252689532207,0.25,0.25,,,,,,legacy,unknown,8.664,-1.3009500808821888,0,1786579241325
306,BTC,1786492841516,1786536041516,12,63529,0,-1.3126417497747538,0.6,0.6,,,,,,legacy,unknown,64220,1.0876922350422642,1,1786536041950
304,BTC,1786492841658,1786579241658,24,63529,0,-0.6598802207940455,0.867,0.867,,,,,,legacy,unknown,63466,-0.09916730941774622,0,1786579639745
308,LINK,1786496312100,1786582712100,24,8.7492,1,5.403158769742301,0.6835,0.6835,,,,,,legacy,unknown,8.6688,-0.9189411603346697,0,1786585710486
309,LINK,1786496312310,1786539512310,12,8.7492,1,0.8878946518761094,0.6835,0.6835,,,,,,legacy,unknown,8.787,0.4320395007543629,1,1786542788465
310,BTC,1786496313271,1786582713271,24,63715,0,-0.36903254053885004,0.867,0.867,,,,,,legacy,unknown,63553.8,-0.25300164796358326,0,1786585710486
311,BTC,1786496313457,1786539513457,12,63715,0,-1.0590555460658104,0.6,0.6,,,,,,legacy,unknown,63887,0.26995213058149575,1,1786542788465
312,BTC,1786496317658,1786582717658,24,63714.6,0,-0.3696580194211216,0.533,0.533,,,,,,legacy,unknown,63553.8,-0.2523754367130856,0,1786585710486
314,LINK,1786496331401,1786582731401,24,8.754,1,5.460985218114119,0.65,0.65,,,,,,legacy,unknown,8.6688,-0.9732693625771122,0,1786585710486
313,LINK,1786496331562,1786539531562,12,8.754,1,0.9432439288761726,0.6785,0.6785,,,,,,legacy,unknown,8.787,0.37697052775875317,1,1786542788465
315,BTC,1786496331951,1786582731951,24,63717,0,-0.36590514612750386,0.533,0.533,,,,,,legacy,unknown,63553.8,-0.2561325862799521,0,1786585710486
316,BTC,1786496332077,1786539532077,12,63717,0,-1.0559498113266146,0.4,0.4,,,,,,legacy,unknown,63887,0.26680477737495484,1,1786542788465
317,LINK,1786496335560,1786582735560,24,8.7577,1,5.505559772067404,0.65,0.65,,,,,,legacy,unknown,8.6688,-1.0151067060986407,0,1786585710486
318,LINK,1786496402615,1786582802615,24,8.7607,1,5.541701302299795,0.65,0.65,,,,,,legacy,unknown,8.6688,-1.0490029335555464,0,1786585710486
320,LINK,1786496403105,1786539603105,12,8.7607,1,1.0205022946887732,0.6785,0.6785,,,,,,legacy,unknown,8.787,0.3002043215724871,1,1786542788465
319,BTC,1786496403372,1786582803372,24,63718,0,-0.36434144892183074,0.533,0.533,,,,,,legacy,unknown,63553.8,-0.2576979817320021,0,1786585710486
321,BTC,1786496403560,1786539603560,12,63718,0,-1.0543969439570167,0.4,0.4,,,,,,legacy,unknown,63887,0.2652311748642456,1,1786542788465
322,BTC,1786496407075,1786582807075,24,63717,0,-0.36590514612750386,0.533,0.533,,,,,,legacy,unknown,63553.8,-0.2561325862799521,0,1786585710486
323,BTC,1786496427569,1786539627569,12,63724,0,-1.045079739739429,0.467,0.467,,,,,,legacy,unknown,63887,0.25579059694934403,1,1786542788465
325,LINK,1786496427745,1786582827745,24,8.7679,1,5.628440974857521,0.65,0.65,,,,,,legacy,unknown,8.6688,-1.130259241095359,0,1786585710486
324,BTC,1786496428129,1786582828129,24,63724,0,-0.35495926568779224,0.533,0.533,,,,,,legacy,unknown,63553.8,-0.26708932270415714,0,1786585710486
326,LINK,1786496428145,1786539628145,12,8.7679,1,1.103526210188868,0.6785,0.6785,,,,,,legacy,unknown,8.787,0.21784007573080982,1,1786542788465
328,LINK,1786496431516,1786582831516,24,8.7679,1,5.628440974857521,0.55,0.55,,,,,,legacy,unknown,8.6688,-1.130259241095359,0,1786585710486
327,BTC,1786496431643,1786539631643,12,63723,0,-1.0466326071090268,0.4,0.4,,,,,,legacy,unknown,63887,0.25736390314329205,1,1786542788465
329,LINK,1786496432056,1786539632056,12,8.7679,1,1.103526210188868,0.6345000000000001,0.6345000000000001,,,,,,legacy,unknown,8.787,0.21784007573080982,1,1786542788465
330,BTC,1786496432178,1786582832178,24,63723,0,-0.3565229628934653,0.6,0.6,,,,,,legacy,unknown,63553.8,-0.26552422202344067,0,1786585710486
331,BTC,1786496435551,1786539635551,12,63724,1,-1.045079739739429,0.6165,0.6165,,,,,,legacy,unknown,63887,0.25579059694934403,1,1786542788465
332,LINK,1786496435703,1786539635703,12,8.7679,1,1.103526210188868,0.6665,0.6665,,,,,,legacy,unknown,8.787,0.21784007573080982,1,1786542788465
333,LINK,1786503640602,1786590040602,24,8.7483,1,4.0003328657362385,0.6835,0.6835,,,,,,legacy,unknown,8.68349,-0.740829646902822,0,1786590041594
336,LINK,1786503640721,1786546840721,12,8.7483,1,2.2523259619430585,0.6835,0.6835,,,,,,legacy,unknown,8.7185,-0.3406376095927188,0,1786546841088
334,BTC,1786503640857,1786546840857,12,63759,1,-0.006273230556906043,0.65,0.65,,,,,,legacy,unknown,63301,-0.7183299612603711,0,1786546841088
335,BTC,1786503640970,1786590040970,24,63759,1,-0.41235181106789753,0.75,0.75,,,,,,legacy,unknown,63526,-0.36543860474599665,0,1786590041594
337,LINK,1786511155893,1786554355893,12,8.7085,0,1.7871335733320948,0.867,0.867,,,,,,legacy,unknown,8.7725,0.7349141643222145,1,1786557641396
338,LINK,1786511156089,1786597556089,24,8.7085,0,3.591225941522157,0.667,0.667,,,,,,legacy,unknown,8.7727,0.7372107710857161,1,1786597715196
340,BTC,1786511156567,1786597556567,24,63700.5,0,-0.6836714011755718,0.533,0.533,,,,,,legacy,unknown,63848.1,0.23170932724232707,1,1786597716224
339,BTC,1786511156793,1786554356793,12,63700.5,0,-0.09801922745165692,0.333,0.333,,,,,,legacy,unknown,63468,-0.36498928579838463,0,1786557641396
341,BTC,1786511164286,1786597564286,24,63702.9,0,-0.6799295280562506,0.533,0.533,,,,,,legacy,unknown,63848.1,0.22793310822583757,1,1786597716224
342,LINK,1786514395775,1786557595775,12,8.7115,1,1.82219832624245,0.519,0.519,,,,,,legacy,unknown,8.7725,0.7002238420478876,1,1786557641396
343,LINK,1786514395988,1786600795988,24,8.7115,1,3.626912188042728,0.45,0.45,,,,,,legacy,unknown,8.7945,0.9527635883602158,1,1786600841098
344,BTC,1786514396564,1786557596564,12,63824,0,0.09566676599281715,0.467,0.467,,,,,,legacy,unknown,63468,-0.5577839057407872,0,1786557641396
345,BTC,1786514396841,1786600796841,24,63824,0,-0.491120846910616,0.8,0.8,,,,,,legacy,unknown,63844,0.031336174479819505,1,1786600841098
346,BTC,1786514400910,1786600800910,24,63822,0,-0.4942390745100485,0.8,0.8,,,,,,legacy,unknown,63844,0.03447087211306446,1,1786600841098
347,LINK,1786514440592,1786557640592,12,8.7035,1,1.3508005822416262,0.4285,0.4285,,,,,,legacy,unknown,8.7725,0.7927845119779495,1,1786557641396
348,BTC,1786514440813,1786600840813,24,63769,0,-0.32823270135513216,0.8,0.8,,,,,,legacy,unknown,63844,0.11761200583355548,1,1786600841098
350,LINK,1786514441039,1786600841039,24,8.7035,1,3.439710580360536,0.35,0.35,,,,,,legacy,unknown,8.7945,1.0455563853622027,1,1786600841098
349,BTC,1786514441294,1786557641294,12,63769,0,0.31304074248859526,0.533,0.533,,,,,,legacy,unknown,63468,-0.4720161834120027,0,1786557641396
351,LINK,1786525240759,1786568440759,12,8.744,0,0.5415722843771961,0.8,0.8,,,,,,legacy,unknown,8.7623,0.20928636779505927,1,1786568440994
352,LINK,1786525240896,1786611640896,24,8.744,0,2.6002065145968327,0.6,0.6,,,,,,legacy,unknown,8.7335,-0.12008234217749769,0,1786611641024
354,BTC,1786525241010,1786611641010,24,63764,0,-0.547453793963971,0.133,0.133,,,,,,legacy,unknown,63737.2,-0.042029985571800564,0,1786611641024
353,BTC,1786525241149,1786568441149,12,63764,0,0.0831881464739213,0.4,0.4,,,,,,legacy,unknown,63587,-0.27758609873910045,0,1786579241325
356,LINK,1786530429032,1786616829032,24,8.8001,1,3.258471791983493,0.65,0.65,macro,na,,,,legacy,unknown,8.7335,-0.7568095817093112,0,1786622441267
355,LINK,1786530429248,1786573629248,12,8.8001,1,1.1866297186353882,0.65,0.65,macro,na,,,,legacy,unknown,8.7623,-0.42954057340258317,0,1786579241325
357,BTC,1786530429734,1786616829734,24,64046,0,-0.10761912189035326,0.8,0.8,,,,,,legacy,unknown,63737.2,-0.48215345220623135,0,1786622441267
358,BTC,1786530429968,1786573629968,12,64046,0,0.5258118692219554,0.467,0.467,,,,,,legacy,unknown,63587,-0.7166723917184523,0,1786579241325
359,BTC,1786530433682,1786616833682,24,64046,1,-0.10761912189035326,0.65,0.65,macro,na,,,,legacy,unknown,63737.2,-0.48215345220623135,0,1786622441267
360,LINK,1786536041127,1786579241127,12,8.8705,1,1.0514684103802583,0.6165,0.6165,macro,na,,,,legacy,unknown,8.664,-2.3279409277943763,0,1786579241325
361,LINK,1786536041260,1786622441260,24,8.8705,1,2.112351790031086,0.5165,0.5165,macro,na,,,,legacy,unknown,8.682,-2.125021137478152,0,1786622441267
363,BTC,1786536041814,1786579241814,12,64220,1,1.0876922350422642,0.55,0.55,macro,na,,,,legacy,unknown,63466,-1.174089068825911,0,1786579639745
362,BTC,1786536041944,1786622441944,24,64220,1,-0.23922701711871253,0.65,0.65,macro,na,,,,legacy,unknown,63432,-1.2270320772345065,0,1786633242442
364,LINK,1786542787393,1786585987393,12,8.787,1,0.16985670477993642,0.3835,0.3835,macro,na,,,,legacy,unknown,8.6259,-1.8333902355752945,0,1786590041594
367,LINK,1786542788133,1786629188133,24,8.787,1,1.3237702082516627,0.3165,0.3165,macro,na,,,,legacy,unknown,8.8609,0.8410151359963591,1,1786633242598
365,BTC,1786542788145,1786585988145,12,63887,1,0.2967126126408992,0.5835,0.5835,macro,na,,,,legacy,unknown,63423,-0.7262823422605538,0,1786590041594
366,BTC,1786542788372,1786629188372,24,63887,1,-0.791962358494961,0.6835,0.6835,macro,na,,,,legacy,unknown,63864,-0.03600106437929469,0,1786633242598
368,LINK,1786542799613,1786585999613,12,8.7865,1,0.16415681535778423,0.55,0.55,macro,na,,,,legacy,unknown,8.6259,-1.8278040175268937,0,1786590041594
369,BTC,1786542801880,1786586001880,12,63856,0,0.2480454645357782,0.333,0.333,,,,,,legacy,unknown,63423,-0.6780881984465047,0,1786590041594
370,LINK,1786542801883,1786629201883,24,8.7865,1,1.3180046585641483,0.48350000000000004,0.48350000000000004,macro,na,,,,legacy,unknown,8.8609,0.8467535423661376,1,1786633242598
371,BTC,1786542802124,1786629202124,24,63856,0,-0.8401012469524978,0.467,0.467,,,,,,legacy,unknown,63864,0.012528188423953897,1,1786633242598
372,LINK,1786542808109,1786586008109,12,8.7899,1,0.20291606342836233,0.5835,0.5835,macro,na,,,,legacy,unknown,8.6259,-1.865777767665158,0,1786590041594
373,BTC,1786542808452,1786586008452,12,63871,0,0.2715940845866432,0.4,0.4,,,,,,legacy,unknown,63423,-0.701413787164754,0,1786590041594
374,BTC,1786542808670,1786629208670,24,63871,0,-0.8168082364085283,0.4,0.4,,,,,,legacy,unknown,63864,-0.010959590424449281,0,1786633242598
375,LINK,1786542809816,1786629209816,24,8.7899,1,1.357210396439188,0.48350000000000004,0.48350000000000004,macro,na,,,,legacy,unknown,8.8609,0.8077452530745686,1,1786633242598
376,LINK,1786542867976,1786629267976,24,8.7991,1,1.463296510689319,0.48350000000000004,0.48350000000000004,macro,na,,,,legacy,unknown,8.8609,0.7023445579661742,1,1786633242598
377,LINK,1786542868169,1786586068169,12,8.7991,1,0.3077940287958328,0.5835,0.5835,macro,na,,,,legacy,unknown,8.6259,-1.9683831300928458,0,1786590041594
378,BTC,1786542868991,1786629268991,24,63903.6,0,-0.766184760159637,0.4,0.4,,,,,,legacy,unknown,63864,-0.06196833981183931,0,1786633242598
379,BTC,1786542869220,1786586069220,12,63903.6,0,0.3227730854971876,0.4,0.4,,,,,,legacy,unknown,63423,-0.752070305898257,0,1786590041594
380,LINK,1786542873973,1786586073973,12,8.79736,1,0.2879584136067691,0.5835,0.5835,macro,na,,,,legacy,unknown,8.6259,-1.9489937890458016,0,1786590041594
381,BTC,1786542875002,1786586075002,12,63888,0,0.2982825206442902,0.4,0.4,,,,,,legacy,unknown,63423,-0.7278362133734034,0,1786590041594
382,LINK,1786542875477,1786629275477,24,8.79736,1,1.4432323977767956,0.48350000000000004,0.48350000000000004,macro,na,,,,legacy,unknown,8.8609,0.7222621331854271,1,1786633242598
383,BTC,1786542877279,1786629277279,24,63878,0,-0.8059381648213426,0.4,0.4,,,,,,legacy,unknown,63864,-0.021916778859701305,0,1786633242598
384,BTC,1786542879623,1786586079623,12,63870,0,0.27002417658325223,0.333,0.333,,,,,,legacy,unknown,63423,-0.6998590887740723,0,1786590041594
385,LINK,1786542880877,1786586080877,12,8.79635,1,0.2764446369740464,0.5835,0.5835,macro,na,,,,legacy,unknown,8.6259,-1.93773553803567,0,1786590041594
386,LINK,1786542881430,1786629281430,24,8.79635,1,1.4315859874080417,0.48350000000000004,0.48350000000000004,macro,na,,,,legacy,unknown,8.8609,0.7338270987398244,1,1786633242598
387,BTC,1786542881938,1786629281938,24,63870,0,-0.8183611037781263,0.4,0.4,,,,,,legacy,unknown,63864,-0.009394081728511038,0,1786633242598
388,BTC,1786542884478,1786586084478,12,63863,0,0.2590348205595152,0.333,0.333,,,,,,legacy,unknown,63423,-0.6889748367599392,0,1786590041594
389,LINK,1786542886353,1786586086353,12,8.7972,1,0.28613444899169094,0.5835,0.5835,macro,na,,,,legacy,unknown,8.6259,-1.9472104760605697,0,1786590041594
390,BTC,1786542888775,1786629288775,24,63862,1,-0.8307840427349101,0.35,0.35,macro,na,,,,legacy,unknown,63864,0.0031317528420657043,1,1786633242598
391,BTC,1786542916116,1786629316116,24,63857,1,-0.8385483795828998,0.35,0.35,macro,na,,,,legacy,unknown,63864,0.010961993203564214,1,1786633242598
392,LINK,1786542917615,1786629317615,24,8.806,1,1.5428610963769174,0.3835,0.3835,macro,na,,,,legacy,unknown,8.8609,0.6234385646150549,1,1786633242598
393,BTC,1786542974754,1786629374754,24,63857,1,-0.8385483795828998,0.3835,0.3835,macro,na,,,,legacy,unknown,63864,0.010961993203564214,1,1786633242598
394,LINK,1786542975185,1786586175185,12,8.80933,1,0.42441376637292333,0.45,0.45,macro,na,,,,legacy,unknown,8.6259,-2.0822241873104943,0,1786590041594
395,LINK,1786542975676,1786629375676,24,8.80933,1,1.5812596572957158,0.3835,0.3835,macro,na,,,,legacy,unknown,8.8609,0.585402068034705,1,1786633242598
396,BTC,1786542979235,1786586179235,12,63856,1,0.2480454645357782,0.3835,0.3835,macro,na,,,,legacy,unknown,63423,-0.6780881984465047,0,1786590041594
397,BTC,1786542979679,1786629379679,24,63856,1,-0.8401012469524978,0.3835,0.3835,macro,na,,,,legacy,unknown,63864,0.012528188423953897,1,1786633242598
398,BTC,1786546840632,1786633240632,24,63301,1,-0.724558129322648,0.5165,0.5165,macro,na,,,,legacy,unknown,63864,0.8894014312570102,1,1786633242598
400,LINK,1786546840757,1786590040757,12,8.7185,1,-0.3406376095927188,0.5835,0.5835,macro,na,,,,legacy,unknown,8.68349,-0.401559901359176,0,1786590041594
399,BTC,1786546840770,1786590040770,12,63301,1,-0.7183299612603711,0.75,0.75,macro,na,,,,legacy,unknown,63526,0.3554446217279348,1,1786590041594
401,LINK,1786546840932,1786633240932,24,8.7185,1,1.9040160830333406,0.48350000000000004,0.48350000000000004,macro,na,,,,legacy,unknown,8.8609,1.633308481963644,1,1786633242598
402,LINK,1786557641229,1786600841229,12,8.7725,0,0.7927845119779495,0.8,0.8,,,,,,legacy,unknown,8.7945,0.2507836990595436,1,1786604975213
403,BTC,1786557641229,1786644041229,24,63468,0,-0.1604530438886267,0.4,0.4,,,,,,legacy,unknown,63109.6,-0.5646940190332158,0,1786644041604
404,LINK,1786557641229,1786644041229,24,8.7725,0,2.1542940320232953,0.6,0.6,,,,,,legacy,unknown,8.7597,-0.14591051581647607,0,1786644041604
405,BTC,1786557641229,1786600841229,12,63468,0,-0.4720161834120027,0.8,0.8,,,,,,legacy,unknown,63844,0.5924245288964518,1,1786604976193
406,LINK,1786568440609,1786654840609,24,8.7623,1,0.7519920891352131,0.3835,0.3835,macro,na,,,,legacy,unknown,8.8368,0.8502333862113881,1,1786654841085
407,BTC,1786568440744,1786654840744,24,63587,1,-0.19462887099558945,0.48350000000000004,0.48350000000000004,macro,na,,,,legacy,unknown,63387.6,-0.31358611036847384,0,1786654841085
408,LINK,1786568440880,1786611640880,12,8.7623,1,0.20928636779505927,0.357,0.357,macro,na,,,,legacy,unknown,8.7335,-0.32868082581057917,0,1786611641024
409,LINK,1786579240796,1786665640796,24,8.664,1,-1.3009500808821888,0.45,0.45,macro,na,,,,legacy,unknown,8.8864,2.5669436749769203,1,1786665641017
410,LINK,1786579240918,1786622440918,12,8.664,1,-2.3279409277943763,0.5835,0.5835,macro,na,,,,legacy,unknown,8.682,0.20775623268698848,1,1786622441267
411,BTC,1786579241045,1786622441045,12,63466,1,-1.174089068825911,0.6835,0.6835,macro,na,,,,legacy,unknown,63432,-0.05357199130242965,0,1786622441267
412,BTC,1786579241192,1786665641192,24,63466,1,-0.09916730941774622,0.55,0.55,macro,na,,,,legacy,unknown,63498.4,0.05105095641761172,1,1786665641267
413,LINK,1786579638783,1786666038783,24,8.6885,1,-1.021849581918851,0.45,0.45,macro,na,,,,legacy,unknown,8.8864,2.277723427519142,1,1786676441998
415,LINK,1786579638958,1786622838958,12,8.6885,1,-2.0517445465306396,0.5835,0.5835,macro,na,,,,legacy,unknown,8.682,-0.0748115324854585,0,1786633242598
416,BTC,1786579639484,1786666039484,24,63497,0,-0.050370696847109195,0.6,0.6,,,,,,legacy,unknown,63498.4,0.002204828574580618,1,1786676441998
414,BTC,1786579639614,1786622839614,12,63497,0,-1.1258175023357209,0.867,0.867,,,,,,legacy,unknown,63432,-0.10236704096256515,0,1786633242598
417,BTC,1786579644407,1786666044407,24,63525,0,-0.006296337105888649,0.533,0.533,,,,,,legacy,unknown,63498.4,-0.04187327823691231,0,1786676441998
418,LINK,1786580766588,1786623966588,12,8.6815,1,-2.130657798320276,0.7045,0.7045,macro,na,,,,legacy,unknown,8.682,0.005759373380183275,1,1786633242598
419,LINK,1786580766737,1786667166737,24,8.6815,1,-1.1015925816226588,0.5165,0.5165,macro,na,,,,legacy,unknown,8.8864,2.3601912111962253,1,1786676441998
420,BTC,1786580767247,1786623967247,12,63587,1,-0.9856742447835566,0.6835,0.6835,macro,na,,,,legacy,unknown,63432,-0.24376051708682595,0,1786633242598
421,BTC,1786580767387,1786667167387,24,63587,1,0.09129688803538541,0.35,0.35,macro,na,,,,legacy,unknown,63498.4,-0.13933665686382207,0,1786676441998
422,BTC,1786580771576,1786667171576,24,63583.5,1,0.08578759306773284,0.2835,0.2835,macro,na,,,,legacy,unknown,63498.4,-0.13383975402423356,0,1786676441998
424,LINK,1786581159531,1786624359531,12,8.6688,1,-2.2738289837100574,0.65,0.65,macro,na,,,,legacy,unknown,8.682,0.15227021040975927,1,1786633242598
423,LINK,1786581159700,1786667559700,24,8.6688,1,-1.246269166799581,0.6165,0.6165,macro,na,,,,legacy,unknown,8.8864,2.5101513473606603,1,1786676441998
425,BTC,1786581160220,1786667560220,24,63553.8,1,0.039037290056514205,0.2835,0.2835,macro,na,,,,legacy,unknown,63498.4,-0.08717024001712163,0,1786676441998
426,BTC,1786581160378,1786624360378,12,63553.8,1,-1.0373715353472392,0.7165,0.7165,macro,na,,,,legacy,unknown,63432,-0.19164865043475435,0,1786633242598
427,BTC,1786581164435,1786667564435,24,63553.8,1,0.039037290056514205,0.2835,0.2835,macro,na,,,,legacy,unknown,63498.4,-0.08717024001712163,0,1786676441998
428,LINK,1786585709036,1786672109036,24,8.6264,1,-1.6609477776131112,0.65,0.65,macro,na,,,,legacy,unknown,8.8278,2.33469349902624,1,1786676441998
429,LINK,1786585709342,1786628909342,12,8.6264,1,-2.7518178231215775,0.75,0.75,macro,na,,,,legacy,unknown,8.8609,2.718399332282303,1,1786633242598
431,BTC,1786585710192,1786672110192,24,63414,1,-0.44585387296304435,0.3165,0.3165,macro,na,,,,legacy,unknown,63465,0.08042388116188855,1,1786676441998
430,BTC,1786585710416,1786628910416,12,63414,1,-1.2550607287449393,0.7165,0.7165,macro,na,,,,legacy,unknown,63864,0.7096224808401931,1,1786633242598
432,LINK,1786585731481,1786628931481,12,8.6272,1,-2.742799165774191,0.75,0.75,macro,na,,,,legacy,unknown,8.8609,2.7088742581602454,1,1786633242598
433,LINK,1786585731662,1786672131662,24,8.6272,1,-1.6518279545376795,0.6835,0.6835,macro,na,,,,legacy,unknown,8.8278,2.3252040059347143,1,1786676441998
434,BTC,1786585732183,1786628932183,12,63423.8,1,-1.23980068514481,0.6785,0.6785,macro,na,,,,legacy,unknown,63864,0.694061219920593,1,1786633242598
435,BTC,1786585732292,1786672132292,24,63423.8,1,-0.430468774529808,0.3835,0.3835,macro,na,,,,legacy,unknown,63465,0.06495984157366334,1,1786676441998
436,LINK,1786585735600,1786672135600,24,8.6262,1,-1.663227733381964,0.6835,0.6835,macro,na,,,,legacy,unknown,8.8278,2.3370661473186236,1,1786676441998
437,LINK,1786585735775,1786628935775,12,8.6262,1,-2.7540724874584193,0.75,0.75,macro,na,,,,legacy,unknown,8.8609,2.7207808768635102,1,1786633242598
438,BTC,1786585736552,1786628936552,12,63423,1,-1.2410464029897228,0.6835,0.6835,macro,na,,,,legacy,unknown,63864,0.6953313466723429,1,1786633242598
439,BTC,1786585736708,1786672136708,24,63423,1,-0.4317247009325254,0.3835,0.3835,macro,na,,,,legacy,unknown,63465,0.0662220330164136,1,1786676441998
440,LINK,1786585739279,1786672139279,24,8.6259,1,-1.6666476670352635,0.6835,0.6835,macro,na,,,,legacy,unknown,8.8278,2.340625326052936,1,1786676441998
442,LINK,1786590041219,1786676441219,24,8.68349,1,-0.740829646902822,0.4165,0.4165,macro,na,,,,legacy,unknown,8.8278,1.6618894016115529,1,1786676441998
441,LINK,1786590041354,1786633241354,12,8.68349,1,-0.401559901359176,0.55,0.55,macro,na,,,,legacy,unknown,8.8609,2.043072543412845,1,1786633242598
443,BTC,1786590041475,1786676441475,24,63526,1,-0.36543860474599665,0.4165,0.4165,macro,na,,,,legacy,unknown,63465,-0.09602367534552782,0,1786676441998
444,LINK,1786597714685,1786684114685,24,8.7727,0,0.7372107710857161,0.8,0.8,,,,,,legacy,unknown,8.7849,0.1390677898480512,1,1786684309300
445,LINK,1786597714909,1786640914909,12,8.7727,0,0.6216665710844732,0.867,0.867,,,,,,legacy,unknown,8.7597,-0.14818698918234863,0,1786644041604
446,BTC,1786597715724,1786640915724,12,63848.1,1,0.8642833446549005,0.7165,0.7165,macro,na,,,,legacy,unknown,63109.6,-1.1566514900208462,0,1786644041604
447,BTC,1786597715939,1786684115939,24,63848.1,1,0.22793310822583757,0.3835,0.3835,macro,na,,,,legacy,unknown,63351,-0.7785666292340705,0,1786684309824
448,LINK,1786597719616,1786684119616,24,8.7737,0,0.7486938049032443,0.067,0.067,,,,,,legacy,unknown,8.7849,0.1276542393745004,1,1786684309824
449,LINK,1786597720108,1786640920108,12,8.7737,1,0.6331364340196048,0.55,0.55,macro,na,,,,legacy,unknown,8.7597,-0.15956779921811035,0,1786644041604
450,BTC,1786597721130,1786684121130,24,63848.1,0,0.22793310822583757,0.267,0.267,,,,,,legacy,unknown,63351,-0.7785666292340705,0,1786684309824
451,BTC,1786597721301,1786640921301,12,63848.1,0,0.8642833446549005,0.2,0.2,,,,,,legacy,unknown,63109.6,-1.1566514900208462,0,1786644041604
452,BTC,1786597725036,1786684125036,24,63848.1,0,0.22793310822583757,0.267,0.267,,,,,,legacy,unknown,63351,-0.7785666292340705,0,1786684309824
453,BTC,1786597725196,1786640925196,12,63848.1,0,0.8642833446549005,0.2,0.2,,,,,,legacy,unknown,63109.6,-1.1566514900208462,0,1786644041604
454,LINK,1786597773726,1786640973726,12,8.7681,1,0.5689052015828395,0.55,0.55,macro,na,,,,legacy,unknown,8.7597,-0.0958018270777017,0,1786644041604
455,LINK,1786597773931,1786684173931,24,8.7681,0,0.6843888155250577,0.067,0.067,,,,,,legacy,unknown,8.7849,0.1916036541554034,1,1786684309824
456,BTC,1786597774387,1786640974387,12,63819,1,0.8183125069114233,0.3835,0.3835,macro,na,,,,legacy,unknown,63109.6,-1.1115811905545394,0,1786644041604
457,BTC,1786597774535,1786684174535,24,63819,1,0.18225229934586737,0.4165,0.4165,macro,na,,,,legacy,unknown,63351,-0.7333239317444648,0,1786684309824
458,BTC,1786597778637,1786684178637,24,63814,0,0.17440336311219512,0.4,0.4,,,,,,legacy,unknown,63351,-0.7255461184066192,0,1786684309824
459,BTC,1786600840689,1786644040689,12,63844,1,0.5924245288964518,0.4285,0.4285,macro,na,,,,legacy,unknown,63109.6,-1.1503038656725793,0,1786644041604
460,BTC,1786600840806,1786687240806,24,63844,1,0.11761200583355548,0.5165,0.5165,macro,na,,,,legacy,unknown,63372,-0.7393020487438131,0,1786687240893
461,LINK,1786600840821,1786687240821,24,8.7945,1,1.0455563853622027,0.35,0.35,macro,na,,,,legacy,unknown,8.7894,-0.05799078969809282,0,1786687240893
462,LINK,1786600840959,1786644040959,12,8.7945,1,0.2507836990595436,0.3835,0.3835,macro,na,,,,legacy,unknown,8.7597,-0.39570185911648,0,1786644041604
463,LINK,1786604974684,1786648174684,12,8.7579,1,-0.1664291821031804,0.48350000000000004,0.48350000000000004,macro,na,,,,legacy,unknown,8.7597,0.02055287226391183,1,1786654841085
464,LINK,1786604974899,1786691374899,24,8.7579,1,0.6250359050956436,0.35,0.35,macro,na,,,,legacy,unknown,8.7757,0.20324507016523538,1,1786698040784
465,BTC,1786604975447,1786691375447,24,63845,1,0.11918016591133623,0.35,0.35,macro,na,,,,legacy,unknown,63235,-0.955438953716031,0,1786698041027
466,BTC,1786604975919,1786648175919,12,63845,1,0.5940001260477721,0.45,0.45,macro,na,,,,legacy,unknown,63109.6,-1.1518521419061813,0,1786654841085
467,BTC,1786604980932,1786691380932,24,63845,0,0.11918016591133623,0.333,0.333,,,,,,legacy,unknown,63235,-0.955438953716031,0,1786698041027
468,BTC,1786611640490,1786698040490,24,63737.2,0,-0.042029985571800564,0.2,0.2,,,,,,legacy,unknown,62917,-1.2868466139083568,0,1786698041027
469,LINK,1786611640614,1786698040614,24,8.7335,1,-0.12008234217749769,0.3165,0.3165,macro,na,,,,legacy,unknown,8.805,0.8186866662849986,1,1786698041027
470,LINK,1786611640736,1786654840736,12,8.7335,1,-0.32868082581057917,0.35,0.35,macro,na,,,,legacy,unknown,8.8368,1.1828018549264423,1,1786654841085
471,BTC,1786611640876,1786654840876,12,63737.2,0,0.2362118042996164,0.6,0.6,,,,,,legacy,unknown,63387.6,-0.548502287518119,0,1786654841085
472,BTC,1786622440830,1786665640830,12,63432,0,-0.05357199130242965,0.667,0.667,,,,,,legacy,unknown,63498.4,0.10467902635893786,1,1786665641267
473,BTC,1786622440950,1786708840950,24,63432,0,-1.2270320772345065,0.067,0.067,,,,,,legacy,unknown,62878,-0.8733762138983479,0,1786708841623
474,LINK,1786622440957,1786708840957,24,8.682,0,-2.125021137478152,0.133,0.133,,,,,,legacy,unknown,8.8309,1.715042616908539,1,1786708841895
475,LINK,1786622441120,1786665641120,12,8.682,1,0.20775623268698848,0.3835,0.3835,macro,na,,,,legacy,unknown,8.8864,2.354296245104811,1,1786665641267
476,LINK,1786633242163,1786676442163,12,8.8609,1,2.043072543412845,0.4425,0.4425,macro,na,,,,legacy,unknown,8.8278,-0.3735512194021038,0,1786684309824
478,LINK,1786633242308,1786719642308,24,8.8609,1,1.633308481963644,0.35,0.35,macro,na,,,,legacy,unknown,8.765,-1.082282838086428,0,1786730441588
479,BTC,1786633242569,1786719642569,24,63864,0,0.8894014312570102,0.4,0.4,,,,,,legacy,unknown,62631,-1.9306651634723788,0,1786730441588
477,BTC,1786633242721,1786676442721,12,63864,0,0.5320656109309574,0.05,0.05,,,,,,legacy,unknown,63465,-0.6247651258925216,0,1786684309824
481,LINK,1786644041120,1786687241120,12,8.7597,1,-0.39570185911648,0.4165,0.4165,macro,na,,,,legacy,unknown,8.7894,0.3390527072844967,1,1786687241396
480,LINK,1786644041279,1786730441279,24,8.7597,1,-0.14591051581647607,0.3165,0.3165,macro,na,,,,legacy,unknown,8.91228,1.7418404739888396,1,1786730441588
482,BTC,1786644041439,1786687241439,12,63109.6,0,-1.1503038656725793,0.05,0.05,,,,,,legacy,unknown,63372,0.4157846032933206,1,1786688498882
483,BTC,1786644041440,1786730441440,24,63109.6,0,-0.5646940190332158,0.4,0.4,,,,,,legacy,unknown,62983,-0.20060339472916724,0,1786730441588
484,BTC,1786654840938,1786741240938,24,63387.6,0,-0.31358611036847384,0.733,0.733,,,,,,legacy,unknown,62909.9,-0.7536174267522309,0,1786741241608
485,LINK,1786654840940,1786698040940,12,8.8368,0,1.1828018549264423,0.333,0.333,,,,,,legacy,unknown,8.805,-0.3598587724063065,0,1786698041027
486,BTC,1786654840940,1786698040940,12,63387.6,0,-0.548502287518119,0.875,0.875,,,,,,legacy,unknown,62917,-0.7424164978639333,0,1786698041027
487,LINK,1786654840940,1786741240940,24,8.8368,0,0.8502333862113881,0.733,0.733,,,,,,legacy,unknown,8.9799,1.6193644758283592,1,1786741241936
488,LINK,1786661433015,1786704633015,12,8.84698,0,1.2993645159443628,0.357,0.357,,,,,,legacy,unknown,8.8309,-0.18175693852592115,0,1786708842167
489,LINK,1786661433163,1786747833163,24,8.84698,0,0.9664129281124879,0.267,0.267,,,,,,legacy,unknown,8.9685,1.3735760677655007,1,1786752041972
490,BTC,1786661433732,1786747833732,24,63534,0,-0.08335037035872113,0.533,0.533,,,,,,legacy,unknown,63022,-0.8058677243680548,0,1786752041972
491,BTC,1786661433870,1786704633870,12,63534,0,-0.31880910990755335,0.067,0.067,,,,,,legacy,unknown,62878,-1.0325180218465704,0,1786708842167
492,BTC,1786661437531,1786747837531,24,63534,0,-0.08335037035872113,0.533,0.533,,,,,,legacy,unknown,63022,-0.8058677243680548,0,1786752041972
493,LINK,1786664136716,1786750536716,24,8.85568,1,1.0657019275760908,0.3835,0.3835,,,0.384,,,legacy,unknown,8.9685,1.2739846064898577,1,1786752041972
496,LINK,1786664137570,1786707337570,12,8.85568,1,1.3989809354783327,0.45,0.45,,,0.45,,,legacy,unknown,8.8309,-0.2798204090482019,0,1786708842167
494,BTC,1786664137575,1786750537575,24,63473,0,-0.17928192869611714,0.533,0.533,,,0.533,,,legacy,unknown,63022,-0.7105383391363257,0,1786752041972
495,BTC,1786664137637,1786750537637,24,63473,0,-0.17928192869611714,0.533,0.533,,,0.533,,,legacy,unknown,63022,-0.7105383391363257,0,1786752041972
497,BTC,1786664137839,1786707337839,12,63473,0,-0.41451460057862144,0.067,0.067,,,0.067,,,legacy,unknown,62878,-0.9374064562885006,0,1786708842167
498,LINK,1786664157833,1786750557833,24,8.85569,1,1.0658160528628262,0.3835,0.3835,,,0.384,,,legacy,unknown,8.9685,1.2738702461355516,1,1786752041972
499,LINK,1786664158114,1786707358114,12,8.85569,1,1.3990954371099766,0.45,0.45,,,0.45,,,legacy,unknown,8.8309,-0.2799330148187146,0,1786708842167
500,BTC,1786664158617,1786750558617,24,63473,1,-0.17928192869611714,0.25,0.25,,,0.25,,,legacy,unknown,63022,-0.7105383391363257,0,1786752041972
501,BTC,1786664159106,1786707359106,12,63473,0,-0.41451460057862144,0.267,0.267,,,0.267,,,legacy,unknown,62878,-0.9374064562885006,0,1786708842167
502,LINK,1786664196302,1786750596302,24,8.8576,0,1.0876139826301308,0.467,0.467,,,0.467,,,legacy,unknown,8.9685,1.252032153179201,1,1786752041972
503,LINK,1786664196499,1786707396499,12,8.8576,0,1.4209652487547986,0.467,0.467,,,0.467,,,legacy,unknown,8.8309,-0.3014360549132942,0,1786708842167
504,BTC,1786664197257,1786707397257,12,63464,0,-0.42863508280877904,0.267,0.267,,,0.267,,,legacy,unknown,62878,-0.9233581242909366,0,1786708842167
505,BTC,1786664197503,1786750597503,24,63464,1,-0.19343576517212638,0.25,0.25,,,0.25,,,legacy,unknown,63022,-0.6964578343627884,0,1786752041972
506,LINK,1786664200101,1786750600101,24,8.85787,0,1.0906953653721099,0.667,0.667,,,0.667,,,legacy,unknown,8.9685,1.2489458526711326,1,1786752041972
507,LINK,1786664883136,1786708083136,12,8.86779,0,1.5376424114043628,0.571,0.571,,,0.571,,,legacy,unknown,8.8309,-0.41599992782868844,0,1786708842167
508,LINK,1786664883329,1786751283329,24,8.86779,0,1.2039076498179662,0.667,0.667,,,0.667,,,legacy,unknown,8.9685,1.1356831860023884,1,1786752041972
510,BTC,1786664883761,1786751283761,24,63430,1,-0.24690581408149467,0.2835,0.2835,,,0.283,,,legacy,unknown,63022,-0.6432287561090966,0,1786752041972
509,BTC,1786664883899,1786708083899,12,63430,0,-0.4819791267893743,0.267,0.267,,,0.267,,,legacy,unknown,62878,-0.8702506700299543,0,1786708842167
511,BTC,1786664888091,1786751288091,24,63430,1,-0.24690581408149467,0.35,0.35,,,0.35,,,legacy,unknown,63022,-0.6432287561090966,0,1786752041972
512,LINK,1786664911295,1786708111295,12,8.8742,0,1.6110379572908995,0.533,0.533,,,0.533,,,legacy,unknown,8.8309,-0.48793130648396854,0,1786708842167
513,LINK,1786664911459,1786751311459,24,8.8742,0,1.2770619586181748,0.867,0.867,,,0.867,,,legacy,unknown,8.9685,1.062630997723744,1,1786752041972
515,BTC,1786664911861,1786751311861,24,63442,1,-0.22803403211348233,0.35,0.35,,,0.35,,,legacy,unknown,63022,-0.6620220043504303,0,1786752041972
514,BTC,1786664911982,1786708111982,12,63442,0,-0.46315181714916426,0.267,0.267,,,0.267,,,legacy,unknown,62878,-0.8890009772705778,0,1786708842167
516,LINK,1786664915100,1786751315100,24,8.8809,0,1.3535259007338338,0.733,0.733,,,0.733,,,legacy,unknown,8.9685,0.98638651488025,1,1786752041972
517,LINK,1786664915245,1786708115245,12,8.8809,0,1.687754050495232,0.6,0.6,,,0.6,,,legacy,unknown,8.8309,-0.5630060016439855,0,1786708842167
518,BTC,1786664916204,1786708116204,12,63446.8,0,-0.4556208932930756,0.267,0.267,,,0.267,,,legacy,unknown,62878,-0.8964991142185309,0,1786708842167
519,BTC,1786664916409,1786751316409,24,63446.8,1,-0.2204853193262728,0.25,0.25,,,0.25,,,legacy,unknown,63022,-0.6695373131505495,0,1786752041972
520,LINK,1786664918838,1786751318838,24,8.8803,0,1.3466783835294422,0.667,0.667,,,0.667,,,legacy,unknown,8.9685,0.9932096888618683,1,1786752041972
521,LINK,1786664918975,1786708118975,12,8.8803,0,1.6808839525963328,0.571,0.571,,,0.571,,,legacy,unknown,8.8309,-0.5562875128092557,0,1786708842167
522,BTC,1786664920440,1786708120440,12,63446,0,-0.4568760472690942,0.133,0.133,,,0.133,,,legacy,unknown,62878,-0.8952495035148,0,1786708842167
523,BTC,1786664920949,1786751320949,24,63446,1,-0.22174343812414488,0.3835,0.3835,,,0.384,,,legacy,unknown,63022,-0.668284840651893,0,1786752041972
524,LINK,1786664922654,1786708122654,12,8.8709,0,1.5732524188469834,0.533,0.533,,,0.533,,,legacy,unknown,8.8309,-0.4509125342411809,0,1786708842167
525,LINK,1786664922837,1786751322837,24,8.8709,0,1.2394006139940532,0.4,0.4,,,0.4,,,legacy,unknown,8.9685,1.100226583548455,1,1786752041972
526,LINK,1786664926539,1786751326539,24,8.8699,0,1.2279880853200609,0.467,0.467,,,0.467,,,legacy,unknown,8.9685,1.1116247082830826,1,1786752041972
527,LINK,1786665640588,1786708840588,12,8.8864,1,2.354296245104811,0.673,0.673,,,0.673,,,legacy,unknown,8.8309,-0.6245498739647138,0,1786708842167
528,BTC,1786665640708,1786708840708,12,63498.4,0,0.10467902635893786,0.067,0.067,,,0.067,,,legacy,unknown,62878,-0.9770324921572849,0,1786708842167
529,LINK,1786665640997,1786752040997,24,8.8864,1,2.5669436749769203,0.5835,0.5835,,,0.584,,,legacy,unknown,8.9685,0.9238836874324868,1,1786752041972
530,BTC,1786665641133,1786752041133,24,63498.4,0,0.05105095641761172,0.533,0.533,,,0.533,,,legacy,unknown,63022,-0.7502551245385733,0,1786752041972
532,LINK,1786676441430,1786762841430,24,8.8278,1,1.6618894016115529,0.48350000000000004,0.48350000000000004,,,0.484,,,legacy,unknown,9.72,10.10670835315708,1,1786773641938
531,LINK,1786676441546,1786719641546,12,8.8278,1,-0.3735512194021038,0.55,0.55,,,0.55,,,legacy,unknown,8.765,-0.7113890210471386,0,1786730441588
533,BTC,1786676441558,1786762841558,24,63465,1,-0.09602367534552782,0.4165,0.4165,,,0.416,,,legacy,unknown,63128,-0.5310013393208854,0,1786773641938
534,BTC,1786676441700,1786719641700,12,63465,1,-0.6247651258925216,0.6835,0.6835,,,0.683,,,legacy,unknown,62631,-1.3141101394469394,0,1786730441588
535,LINK,1786684308128,1786727508128,12,8.7849,1,-0.8577006850320001,0.3835,0.3835,,,0.384,,,legacy,unknown,8.91228,1.4499880476727167,1,1786730441588
536,LINK,1786684308367,1786770708367,24,8.7849,1,0.1916036541554034,0.35,0.35,,,0.35,,,legacy,unknown,9.4733,7.836173433960542,1,1786773641938
537,BTC,1786684308991,1786770708991,24,63351,1,-0.7255461184066192,0.55,0.55,,,0.55,,,legacy,unknown,63069,-0.4451389875455794,0,1786773641938
538,BTC,1786684309504,1786727509504,12,63351,1,-0.8032694475760991,0.45,0.45,,,0.45,,,legacy,unknown,62983,-0.5808905936765008,0,1786730441588
539,BTC,1786684318529,1786770718529,24,63350,0,-0.7271131726580374,0.8,0.8,,,0.8,,,legacy,unknown,63069,-0.4435674822415154,0,1786773642907
540,LINK,1786684849481,1786771249481,24,8.7815,0,0.15282672414775114,0.733,0.733,,,0.733,,,legacy,unknown,9.4733,7.877925183624673,1,1786773642907
541,LINK,1786684849710,1786728049710,12,8.7815,0,-0.8960715051518634,0.867,0.867,,,0.867,,,legacy,unknown,8.91228,1.4892672094744799,1,1786730441588
542,BTC,1786684849942,1786728049942,12,63328,0,-0.8392834773894526,0.308,0.308,,,0.308,,,legacy,unknown,62983,-0.5447827185447196,0,1786730441588
543,BTC,1786684850189,1786771250189,24,63328,0,-0.7615883661892374,0.8,0.8,,,0.8,,,legacy,unknown,63069,-0.4089818089944417,0,1786773642907
544,BTC,1786684854544,1786771254544,24,63332,1,-0.7553201491835647,0.6165,0.6165,,,0.617,,,legacy,unknown,63069,-0.4152719004610623,0,1786773642907
545,LINK,1786684923695,1786728123695,12,8.7867,0,-0.8373867214391444,0.95,0.95,,,0.95,,,legacy,unknown,8.91228,1.4292055037727605,1,1786730441588
546,LINK,1786684923948,1786771323948,24,8.7867,0,0.21213261710061795,0.933,0.933,,,0.933,,,legacy,unknown,9.4733,7.814082647637911,1,1786773642907
547,BTC,1786684924725,1786771324725,24,63354,1,-0.7208449556523647,0.6165,0.6165,,,0.617,,,legacy,unknown,63069,-0.4498532057960034,0,1786773642907
548,BTC,1786684924891,1786728124891,12,63354,1,-0.7985719654265314,0.5165,0.5165,,,0.516,,,legacy,unknown,62983,-0.5855983836853237,0,1786730441588
549,BTC,1786684929116,1786771329116,24,63353.7,0,-0.7213150719277946,0.933,0.933,,,0.933,,,legacy,unknown,63069,-0.44938180406195233,0,1786773642907
550,LINK,1786685131081,1786771531081,24,8.78413,0,0.1828218200066021,0.933,0.933,,,0.818,,,legacy,unknown,9.4733,7.8456261462432915,1,1786773642907
551,LINK,1786685131289,1786728331289,12,8.78413,0,-0.8663905472356256,0.95,0.95,,,0.909,,,legacy,unknown,8.91228,1.4588809591843648,1,1786730441588
552,BTC,1786685131782,1786771531782,24,63318,0,-0.7772589087034193,0.933,0.933,,,0.375,,,legacy,unknown,63069,-0.3932531033829243,0,1786773642907
553,BTC,1786685131970,1786728331970,12,63318,0,-0.8549417512213454,0.467,0.467,,,0.5,,,legacy,unknown,62983,-0.5290754603746171,0,1786730441588
554,BTC,1786685136011,1786771536011,24,63318,1,-0.7772589087034193,0.6835,0.6835,,,0.688,,,legacy,unknown,63069,-0.3932531033829243,0,1786773642907
555,LINK,1786685307960,1786771707960,24,8.7874,0,0.22011610269042808,0.933,0.933,,,0.818,,,legacy,unknown,9.4733,7.805494230375312,1,1786773642907
556,LINK,1786685308223,1786728508223,12,8.7874,0,-0.829486846708585,0.95,0.95,,,0.909,,,legacy,unknown,8.91228,1.4211257027107107,1,1786730441588
557,BTC,1786685308691,1786771708691,24,63327.9,1,-0.761745071614377,0.6835,0.6835,,,0.688,,,legacy,unknown,63069,-0.4088245465268886,0,1786773642907
558,BTC,1786685308778,1786728508778,12,63327.9,1,-0.8394400601277693,0.45,0.45,,,0.5,,,legacy,unknown,62983,-0.544625670518052,0,1786730441588
559,BTC,1786685313034,1786771713034,24,63327.9,0,-0.761745071614377,0.933,0.933,,,0.375,,,legacy,unknown,63069,-0.4088245465268886,0,1786773642907
560,LINK,1786687240496,1786773640496,24,8.7894,0,-0.05799078969809282,0.933,0.933,,,0.818,,,legacy,unknown,9.4733,7.78096343322638,1,1786773642907
561,BTC,1786687240625,1786730440625,12,63372,0,0.4157846032933206,0.385,0.385,,,0.3,,,legacy,unknown,62983,-0.6138357634286435,0,1786730441588
562,LINK,1786687240771,1786730440771,12,8.7894,0,0.3390527072844967,0.867,0.867,,,0.909,,,legacy,unknown,8.91228,1.398047648303642,1,1786730441588
563,BTC,1786687241265,1786773641265,24,63372,0,-0.7393020487438131,0.95,0.95,,,0.375,,,legacy,unknown,63069,-0.4781291422079152,0,1786773642907
565,LINK,1786688497794,1786774897794,24,8.7755,1,-0.21604411848314434,0.6835,0.6835,,,0.818,,,legacy,unknown,9.4733,7.951683664748457,1,1786784012270
564,LINK,1786688497992,1786731697992,12,8.7755,0,0.180371473908909,0.867,0.867,,,0.909,,,legacy,unknown,8.91228,1.5586576263460965,1,1786741241936
566,BTC,1786688498420,1786774898420,24,63220.7,0,-0.9762859469958067,0.867,0.867,,,0.375,,,legacy,unknown,63069,-0.23995305335119207,0,1786784012270
567,BTC,1786688498600,1786731698600,12,63220.7,0,0.17604294750719154,0.385,0.385,,,0.3,,,legacy,unknown,62983,-0.3759844481316991,0,1786741241936
568,BTC,1786688503035,1786774903035,24,63220.3,0,-0.9769124741557502,0.933,0.933,,,0.375,,,legacy,unknown,63069,-0.23932186338882117,0,1786784012270
569,LINK,1786688518483,1786731718483,12,8.7727,1,0.14840690891240454,0.6835,0.6835,,,0.909,,,legacy,unknown,8.91228,1.5910723038517272,1,1786741241936
570,LINK,1786688518678,1786774918678,24,8.7727,1,-0.24788219910169915,0.6835,0.6835,,,0.818,,,legacy,unknown,9.4733,7.986138817011862,1,1786784014985
571,BTC,1786688519130,1786774919130,24,63212,0,-0.9899129127247667,0.933,0.933,,,0.375,,,legacy,unknown,63069,-0.226222869075492,0,1786784014985
572,BTC,1786688519330,1786731719330,12,63212,0,0.1622574061632485,0.467,0.467,,,0.5,,,legacy,unknown,62983,-0.3622729861418718,0,1786741241936
573,BTC,1786688523301,1786774923301,24,63212,1,-0.9899129127247667,0.7165,0.7165,,,0.688,,,legacy,unknown,63069,-0.226222869075492,0,1786784014985
574,LINK,1786689213500,1786732413500,12,8.7757,0,0.182654657122961,0.867,0.867,,,0.909,,,legacy,unknown,8.91228,1.5563430837426115,1,1786741241936
575,LINK,1786689214179,1786775614179,24,8.7757,0,-0.2137699698675174,0.95,0.95,,,0.818,,,legacy,unknown,9.4733,7.949223423772457,1,1786784014985
576,BTC,1786689214363,1786775614363,24,63226,1,-0.9679844621264332,0.7165,0.7165,,,0.688,,,legacy,unknown,63069,-0.24831556638091923,0,1786784014985
577,BTC,1786689215035,1786732415035,12,63226,1,0.1844410359121298,0.48350000000000004,0.48350000000000004,,,0.7,,,legacy,unknown,62983,-0.3843355581564546,0,1786741241936
578,BTC,1786689219169,1786775619169,24,63235,0,-0.9538876010275045,0.933,0.933,,,0.375,,,legacy,unknown,63069,-0.26251284889697163,0,1786784014985
579,LINK,1786698040629,1786741240629,12,8.805,1,-0.3598587724063065,0.75,0.75,,,0.909,,,legacy,unknown,8.9799,1.9863713798977962,1,1786741241936
580,LINK,1786698040754,1786784440754,24,8.805,1,0.8186866662849986,0.7165,0.7165,,,0.909,,,legacy,unknown,9.27703,5.3609312890403205,1,1786784441139
582,BTC,1786698040900,1786741240900,12,62917,1,-0.7424164978639333,0.55,0.55,,,0.3,,,legacy,unknown,62909.9,-0.011284708425383512,0,1786741241936
581,BTC,1786698041365,1786784441365,24,62917,1,-1.2868466139083568,0.6835,0.6835,,,0.588,,,legacy,unknown,62911,-0.009536373317227459,0,1786785382059
583,BTC,1786708841369,1786752041369,12,62878,1,-0.9770324921572849,0.5,0.5,,,0.7,,,legacy,unknown,63022,0.229014917777283,1,1786752041972
584,BTC,1786708841499,1786795241499,24,62878,1,-0.8733762138983479,0.3835,0.3835,,,0,,,legacy,unknown,62992,0.18130347657368237,1,1786806041772
585,LINK,1786708841861,1786795241861,24,8.8309,1,1.715042616908539,0.75,0.75,,,0.909,,,legacy,unknown,9.30534,5.372498839302898,1,1786806041772
586,LINK,1786708842027,1786752042027,12,8.8309,1,-0.6245498739647138,0.6835,0.6835,,,0.818,,,legacy,unknown,8.9685,1.5581650794369863,1,1786752042273
587,LINK,1786709679022,1786796079022,24,8.8134,0,1.5134761575673725,0.533,0.533,,,0.818,,,legacy,unknown,9.30534,5.581727823541422,1,1786806041772
588,LINK,1786709679163,1786752879163,12,8.8134,0,-0.8214800144040376,0.385,0.385,,,0.818,,,legacy,unknown,8.971,1.7881861710577125,1,1786757632422
589,BTC,1786709679370,1786752879370,12,62781,1,-1.1297922467337782,0.5,0.5,,,0.7,,,legacy,unknown,63026,0.39024545642790015,1,1786757632422
590,BTC,1786709679662,1786796079662,24,62781,1,-1.0262958758986,0.3835,0.3835,,,0,,,legacy,unknown,62992,0.3360889441072936,1,1786806041772
591,BTC,1786709686820,1786796086820,24,62782,1,-1.024719384537773,0.3835,0.3835,,,0,,,legacy,unknown,62992,0.33449077761141727,1,1786806041772
592,BTC,1786719640648,1786806040648,24,62631,1,-1.9306651634723788,0.2835,0.2835,,,0.471,,,legacy,unknown,63017,0.6163082179751241,1,1786806041772
593,LINK,1786719640784,1786806040784,24,8.765,1,-1.082282838086428,0.6165,0.6165,,,0.636,,,legacy,unknown,9.4847,8.211066742726748,1,1786806041772
594,LINK,1786719640961,1786762840961,12,8.765,1,-0.7113890210471386,0.519,0.519,,,0.545,,,legacy,unknown,9.72,10.895607529948661,1,1786762840971
595,BTC,1786719640961,1786762840961,12,62631,1,-1.3141101394469394,0.34099999999999997,0.34099999999999997,,,0.3,,,legacy,unknown,63128,0.7935367469783334,1,1786762840971
598,BTC,1786730441262,1786816841262,24,62983,0,-0.20060339472916724,0.467,0.467,,,0.706,,,legacy,unknown,63043,0.0952638013432196,1,1786827641108
596,LINK,1786730441431,1786773641431,12,8.91228,0,1.398047648303642,0.467,0.467,,,0.636,,,legacy,unknown,9.4733,6.294909944481088,1,1786773642907
597,LINK,1786730441432,1786816841432,24,8.91228,0,1.7418404739888396,0.467,0.467,,,0.727,,,legacy,unknown,9.5523,7.1813273371123865,1,1786827641108
599,BTC,1786730441432,1786773641432,12,62983,0,-0.6138357634286435,0.667,0.667,,,0.8,,,legacy,unknown,63069,0.13654478192528144,1,1786773641938
601,LINK,1786741241275,1786827641275,24,8.9799,0,1.6193644758283592,0.267,0.267,,,0.545,,,legacy,unknown,9.5602,6.462210046882475,1,1786838443205
600,LINK,1786741241432,1786784441432,12,8.9799,0,1.9863713798977962,0.429,0.429,,,0.818,,,legacy,unknown,9.27703,3.3088341740999256,1,1786785382059
602,BTC,1786741241574,1786784441574,12,62909.9,0,-0.011284708425383512,0.95,0.95,,,0.6,,,legacy,unknown,62911,0.0017485324249419327,1,1786785382059
603,BTC,1786741241749,1786827641749,24,62909.9,0,-0.7536174267522309,0.533,0.533,,,0.412,,,legacy,unknown,63071.4,0.25671635148045063,1,1786838443205
605,LINK,1786752041662,1786795241662,12,8.9685,1,1.5581650794369863,0.3215,0.3215,,,0.545,,,legacy,unknown,9.30534,3.7558120086970916,1,1786806041772
604,LINK,1786752041809,1786838441809,24,8.9685,1,0.9238836874324868,0.25,0.25,,,0.545,,,legacy,unknown,9.465,5.5360428165244935,1,1786838443205
606,BTC,1786752041946,1786795241946,12,63022,1,0.229014917777283,0.48350000000000004,0.48350000000000004,,,0.7,,,legacy,unknown,62992,-0.047602424550157084,0,1786806041772
607,BTC,1786752042116,1786838442116,24,63022,1,-0.7502551245385733,0.6835,0.6835,,,0.588,,,legacy,unknown,63057,0.055536161975183275,1,1786838443205
608,LINK,1786752125171,1786838525171,24,8.971,1,0.9520165646380987,0.25,0.25,,,0.545,,,legacy,unknown,9.465,5.506632482443426,1,1786839219475
609,LINK,1786752125404,1786795325404,12,8.971,1,1.5864747647465187,0.3215,0.3215,,,0.545,,,legacy,unknown,9.30534,3.7268977817411573,1,1786806041772
610,BTC,1786752125977,1786838525977,24,63026,1,-0.7439557532158313,0.75,0.75,,,0.647,,,legacy,unknown,63057,0.04918605020150414,1,1786839220610
611,BTC,1786752126205,1786795326205,12,63026,1,0.2353764432710964,0.481,0.481,,,0.7,,,legacy,unknown,62992,-0.05394599054358519,0,1786806041772
612,BTC,1786752130575,1786838530575,24,63026,1,-0.7439557532158313,0.7165,0.7165,,,0.647,,,legacy,unknown,63057,0.04918605020150414,1,1786839220610
613,LINK,1786757631218,1786844031218,24,9.1905,1,3.422083183291322,0.25,0.25,,,0.545,,,legacy,unknown,9.4472,2.7931015722757238,1,1786849244152
615,LINK,1786757631392,1786800831392,12,9.1905,1,4.278711961331614,0.25,0.25,,,0.545,,,legacy,unknown,9.4847,3.2011316032860018,1,1786806041772
616,BTC,1786757632102,1786800832102,12,63014,0,0.36953266859928,0.05,0.05,,,0.4,,,legacy,unknown,63017,0.004760846795950106,1,1786806041772
614,BTC,1786757632436,1786844032436,24,63014,1,-0.7628538671840573,0.5165,0.5165,,,0.412,,,legacy,unknown,63048,0.053956263687434544,1,1786849244152
617,BTC,1786757637443,1786844037443,24,63014,1,-0.7628538671840573,0.35,0.35,,,0.471,,,legacy,unknown,63048,0.053956263687434544,1,1786849244152
618,LINK,1786757926681,1786844326681,24,9.177,1,3.270165646380981,0.3835,0.3835,,,1,,,legacy,unknown,9.4472,2.944317315026707,1,1786849244152
619,LINK,1786757926893,1786801126893,12,9.177,1,4.125536115460548,0.5355,0.5355,,,0.545,,,legacy,unknown,9.4847,3.352947586357203,1,1786806041772
621,BTC,1786757927263,1786844327263,24,63028,1,-0.7408060675544603,0.35,0.35,,,0.471,,,legacy,unknown,63048,0.03173192866662436,1,1786849244152
620,BTC,1786757927460,1786801127460,12,63028,0,0.3918320537733745,0.05,0.05,,,0.4,,,legacy,unknown,63017,-0.017452560766643397,0,1786806041772
622,LINK,1786757930614,1786844330614,24,9.17659,1,3.2655518545192543,0.4165,0.4165,,,1,,,legacy,unknown,9.4472,2.94891675448071,1,1786849244152
623,LINK,1786757983060,1786801183060,12,9.2045,1,4.437560986679372,0.48350000000000004,0.48350000000000004,,,0.636,,,legacy,unknown,9.4847,3.0441631810527534,1,1786806041772
625,LINK,1786757983294,1786844383294,24,9.2045,1,3.5796272956427733,0.3835,0.3835,,,1,,,legacy,unknown,9.4472,2.636753761746983,1,1786849244152
624,BTC,1786757984064,1786801184064,12,63028,0,0.3918320537733745,0.05,0.05,,,0.4,,,legacy,unknown,63017,-0.017452560766643397,0,1786806041772
626,BTC,1786757984233,1786844384233,24,63028,1,-0.7408060675544603,0.35,0.35,,,0.471,,,legacy,unknown,63048,0.03173192866662436,1,1786849244152
627,LINK,1786757987745,1786801187745,12,9.2031,1,4.421676084144592,0.596,0.596,,,0.545,,,legacy,unknown,9.4847,3.059838532668351,1,1786806041772
628,LINK,1786757987988,1786844387988,24,9.2031,1,3.563872884407624,0.45,0.45,,,0.727,,,legacy,unknown,9.4472,2.652367137160319,1,1786849244152
629,BTC,1786757988455,1786801188455,12,63028,0,0.3918320537733745,0.05,0.05,,,0.4,,,legacy,unknown,63017,-0.017452560766643397,0,1786806041772
630,BTC,1786757989402,1786844389402,24,63028,1,-0.7408060675544603,0.35,0.35,,,0.471,,,legacy,unknown,63048,0.03173192866662436,1,1786849244152
631,LINK,1786757991806,1786801191806,12,9.2012,1,4.400118002133119,0.5575,0.5575,,,0.455,,,legacy,unknown,9.4847,3.0811198539320968,1,1786806041772
632,LINK,1786757992043,1786844392043,24,9.2012,1,3.542491897731365,0.45,0.45,,,0.727,,,legacy,unknown,9.4472,2.6735643176976964,1,1786849244152
633,LINK,1786762840399,1786806040399,12,9.72,1,10.895607529948661,0.7115,0.7115,,,0.818,,,legacy,unknown,9.4847,-2.4207818930041203,0,1786806041772
634,LINK,1786762840530,1786849240530,24,9.72,1,10.10670835315708,0.65,0.65,,,0.273,,,legacy,unknown,9.4828,-2.4403292181070104,0,1786849244152
635,BTC,1786762840664,1786849240664,24,63128,0,-0.5310013393208854,0.267,0.267,,,0,,,legacy,unknown,63098,-0.047522493980484096,0,1786849244152
636,BTC,1786762840831,1786806040831,12,63128,0,0.7935367469783334,0.214,0.214,,,0.4,,,legacy,unknown,63017,-0.17583322772779117,0,1786806041772
637,LINK,1786773641684,1786816841684,12,9.4733,1,6.294909944481088,0.7165,0.7165,,,0.818,,,legacy,unknown,9.5523,0.833922709087653,1,1786827641108
640,LINK,1786773641810,1786860041810,24,9.4733,1,7.78096343322638,0.2835,0.2835,,,0.545,,,legacy,unknown,9.3687,-1.1041558907666766,0,1786860044024
638,BTC,1786773642641,1786816842641,12,63069,0,0.13654478192528144,0.357,0.357,,,0.3,,,legacy,unknown,63043,-0.041224690418430604,0,1786827641108
639,BTC,1786773642779,1786860042779,24,63069,0,-0.4781291422079152,0.267,0.267,,,0,,,legacy,unknown,63035,-0.05390921054717849,0,1786860043752
641,LINK,1786784011838,1786870411838,24,9.2737,1,5.674760987727467,0.55,0.55,,,0.714,,,legacy,unknown,9.4355,1.744718936346868,1,1786870845402
642,LINK,1786784011920,1786827211920,12,9.2737,1,4.055303468921521,0.5715,0.5715,,,0.462,,,legacy,unknown,9.5602,3.089381800144497,1,1786827641108
643,BTC,1786784014322,1786827214322,12,62991,1,0.012701840179095945,0.643,0.643,,,0.538,,,legacy,unknown,63071.4,0.12763728151640943,1,1786827641108
644,BTC,1786784014637,1786870414637,24,62991,1,-0.3858622598244643,0.48350000000000004,0.48350000000000004,,,0.3,,,legacy,unknown,63052,0.09683923100125415,1,1786870845402
645,BTC,1786784440683,1786827640683,12,62911,1,0.0017485324249419327,0.393,0.393,,,0.462,,,legacy,unknown,63071.4,0.25496336093847094,1,1786827641108
646,LINK,1786784440833,1786870840833,24,9.27703,0,5.3609312890403205,0.467,0.467,,,1,,,legacy,unknown,9.4355,1.708197558917018,1,1786870845402
647,BTC,1786784440833,1786870840833,24,62911,1,-0.009536373317227459,0.4165,0.4165,,,0.1,,,legacy,unknown,63052,0.2241261464608733,1,1786870845402
648,LINK,1786784440994,1786827640994,12,9.27703,0,3.3088341740999256,0.333,0.333,,,0.462,,,legacy,unknown,9.5602,3.0523777545184196,1,1786827641108
649,LINK,1786785380376,1786828580376,12,9.261,0,3.130324391140197,0.333,0.333,,,0.462,,,legacy,unknown,9.5602,3.2307526185077298,1,1786838443205
650,LINK,1786785380864,1786871780864,24,9.261,0,5.1788756388415615,0.467,0.467,,,1,,,legacy,unknown,9.4355,1.8842457617967834,1,1786881645350
652,BTC,1786785381746,1786871781746,24,62937,1,0.03178791105742486,0.55,0.55,,,0.35,,,legacy,unknown,63052,0.18272240494462716,1,1786881645950
651,BTC,1786785381805,1786828581805,12,62937,1,0.04307748065089683,0.5625,0.5625,,,0.462,,,legacy,unknown,63071.4,0.2135468802135492,1,1786838443202
653,LINK,1786785386895,1786871786895,24,9.2614,0,5.183418512208977,0.6,0.6,,,0.5,,,legacy,unknown,9.4355,1.8798453797481942,1,1786881645950
654,LINK,1786785420809,1786828620809,12,9.2607,0,3.126983596699287,0.357,0.357,,,0.462,,,legacy,unknown,9.5602,3.2340967745418823,1,1786838443202
655,LINK,1786785420937,1786871820937,24,9.2607,0,5.175468483816016,0.467,0.467,,,1,,,legacy,unknown,9.4355,1.8875462977960566,1,1786881645950
656,BTC,1786785421754,1786828621754,12,62937,1,0.04307748065089683,0.3215,0.3215,,,0.308,,,legacy,unknown,63071.4,0.2135468802135492,1,1786838443202
657,BTC,1786785422003,1786871822003,24,62937,1,0.03178791105742486,0.5165,0.5165,,,0.3,,,legacy,unknown,63052,0.18272240494462716,1,1786881645950
658,BTC,1786785426695,1786871826695,24,62937,0,0.03178791105742486,0.533,0.533,,,0.3,,,legacy,unknown,63052,0.18272240494462716,1,1786881645950
659,BTC,1786791569416,1786877969416,24,63025,0,0.17165471971009424,0.467,0.467,,,0.5,,,legacy,unknown,62991,-0.0539468464894883,0,1786881645950
660,LINK,1786791569439,1786877969439,24,9.3485,0,6.172629187961384,0.533,0.533,,,0.714,,,legacy,unknown,9.408,0.6364657431673518,1,1786881645950
661,LINK,1786791569641,1786834769641,12,9.3485,0,4.104722769741299,0.333,0.333,,,0.462,,,legacy,unknown,9.465,1.2461892282184337,1,1786838443202
662,BTC,1786791569998,1786834769998,12,63025,0,0.18296007464643646,0.5,0.5,,,0.462,,,legacy,unknown,63057,0.05077350257834193,1,1786838443202
663,BTC,1786791573911,1786877973911,24,63025,1,0.17165471971009424,0.55,0.55,,,0.35,,,legacy,unknown,62991,-0.0539468464894883,0,1786881645950
664,LINK,1786795240814,1786838440814,12,9.30534,0,3.7558120086970916,0.333,0.333,,,0.462,,,legacy,unknown,9.465,1.715788998575018,1,1786838443202
665,BTC,1786795240960,1786838440960,12,62992,1,-0.047602424550157084,0.5415,0.5415,,,0.462,,,legacy,unknown,63057,0.10318770637541275,1,1786838443202
666,LINK,1786795241117,1786881641117,24,9.30534,0,5.372498839302898,0.533,0.533,,,0.714,,,legacy,unknown,9.408,1.103237495889459,1,1786881645950
667,BTC,1786795241284,1786881641284,24,62992,1,0.18130347657368237,0.45,0.45,,,0.5,,,legacy,unknown,62991,-0.0015875031750063498,0,1786881645950
668,LINK,1786806041422,1786849241422,12,9.4847,0,-2.4207818930041203,0.667,0.667,,,0.692,,,legacy,unknown,9.4828,-0.02003226248590784,0,1786849244152
670,BTC,1786806041602,1786849241602,12,63017,1,-0.17583322772779117,0.404,0.404,,,0.462,,,legacy,unknown,63098,0.128536744053192,1,1786849244152
669,LINK,1786806041614,1786892441614,24,9.4847,0,8.211066742726748,0.4,0.4,,,0.857,,,legacy,unknown,9.3481,-1.4402142397756346,0,1786892444290
671,BTC,1786806041614,1786892441614,24,63017,1,0.6163082179751241,0.3835,0.3835,,,0.1,,,legacy,unknown,63080,0.09997302315248266,1,1786892444530
672,LINK,1786813391215,1786899791215,24,9.6076,0,9.613234455219613,0.533,0.533,,,0.714,,,legacy,unknown,9.3794,-2.375202964319906,0,1786903245300
673,BTC,1786813391620,1786856591620,12,63082,1,-0.07286782410340895,0.5,0.5,,,0.462,,,legacy,unknown,63035,-0.07450619828160172,0,1786860044024
674,LINK,1786813391962,1786856591962,12,9.6076,0,-1.156378600823055,0.4,0.4,,,0.846,,,legacy,unknown,9.3687,-2.4865731296057207,0,1786860044024
675,BTC,1786813392335,1786899792335,24,63082,1,0.7200906899139403,0.55,0.55,,,0.35,,,legacy,unknown,63311,0.36301956184014456,1,1786903245300
676,BTC,1786813395079,1786899795079,24,63083,1,0.7216873433283837,0.55,0.55,,,0.35,,,legacy,unknown,63311,0.3614285940744733,1,1786903245300
677,LINK,1786816840558,1786860040558,12,9.5523,0,0.833922709087653,0.4,0.4,,,0.846,,,legacy,unknown,9.3687,-1.9220501868659923,0,1786860044024
678,LINK,1786816840605,1786903240605,24,9.5523,0,7.1813273371123865,0.6,0.6,,,0.5,,,legacy,unknown,9.428,-1.3012572888204919,0,1786903245300
679,BTC,1786816840747,1786903240747,24,63043,0,0.0952638013432196,0.2,0.2,,,0,,,legacy,unknown,63135,0.1459321415541773,1,1786903245300
680,BTC,1786816840747,1786860040747,12,63043,0,-0.041224690418430604,0.533,0.533,,,0.462,,,legacy,unknown,63035,-0.012689751439493678,0,1786860044024
681,LINK,1786827640602,1786914040602,24,9.5602,0,6.462210046882475,0.6,0.6,,,0.5,,,legacy,unknown,9.43401,-1.319951465450507,0,1786914045101
682,LINK,1786827640743,1786870840743,12,9.5602,0,3.0523777545184196,0.4,0.4,,,0.846,,,legacy,unknown,9.4355,-1.304366017447341,0,1786870845402
683,BTC,1786827640760,1786914040760,24,63071.4,1,0.25671635148045063,0.35,0.35,,,0.3,,,legacy,unknown,63034,-0.0592978751066275,0,1786914045401
684,BTC,1786827640942,1786870840942,12,63071.4,0,0.25496336093847094,0.533,0.533,,,0.462,,,legacy,unknown,63052,-0.030758790830711626,0,1786870845402
685,LINK,1786838442891,1786881642891,12,9.465,0,1.715788998575018,0.8,0.8,,,0.923,,,legacy,unknown,9.408,-0.6022187004754399,0,1786881645950
686,BTC,1786838443052,1786881643052,12,63057,0,0.10318770637541275,0.571,0.571,,,0.538,,,legacy,unknown,62991,-0.10466720586136352,0,1786881645950
687,LINK,1786838443052,1786924843052,24,9.465,0,5.5360428165244935,0.6,0.6,,,0.5,,,legacy,unknown,9.3794,-0.9043845747490697,0,1786924845061
688,BTC,1786838443052,1786924843052,24,63057,1,0.055536161975183275,0.48350000000000004,0.48350000000000004,,,0.3,,,legacy,unknown,62874,-0.2902136162519625,0,1786924845061
689,LINK,1786839219145,1786925619145,24,9.455,0,5.395162189276557,0.6,0.6,,,0.5,,,legacy,unknown,9.3794,-0.7995769434161785,0,1786927664349
690,LINK,1786839219184,1786882419184,12,9.455,0,1.6083238226652739,0.6,0.6,,,0.462,,,legacy,unknown,9.408,-0.49709148598625696,0,1786888797838
691,BTC,1786839220143,1786882420143,12,63045,0,0.08413766827533654,0.643,0.643,,,0.538,,,legacy,unknown,62991,-0.08565310492505353,0,1786888797838
692,BTC,1786839220319,1786925620319,24,63045,1,0.030146288833179956,0.5835,0.5835,,,0.35,,,legacy,unknown,62874,-0.27123483226266953,0,1786927664349
693,BTC,1786839225619,1786925625619,24,63045,1,0.030146288833179956,0.5165,0.5165,,,0.3,,,legacy,unknown,62874,-0.27123483226266953,0,1786927664349
694,LINK,1786839259924,1786925659924,24,9.4499,0,5.338312339761448,0.95,0.95,,,0.714,,,legacy,unknown,9.3794,-0.7460396406311085,0,1786927664349
695,LINK,1786839260222,1786882460222,12,9.4499,0,1.5535165829512974,0.8,0.8,,,0.923,,,legacy,unknown,9.408,-0.4433909353538138,0,1786888797838
696,BTC,1786839260961,1786882460961,12,63042.1,0,0.07953390906781582,0.667,0.667,,,0.538,,,legacy,unknown,62991,-0.08105694448630128,0,1786888797838
697,BTC,1786839261120,1786925661120,24,63042.1,1,0.02554501316916597,0.5165,0.5165,,,0.3,,,legacy,unknown,62874,-0.26664720877001014,0,1786927664349
698,LINK,1786839263665,1786925663665,24,9.4488,0,5.326050607513101,0.667,0.667,,,0.786,,,legacy,unknown,9.3794,-0.7344848023029369,0,1786927664349
699,LINK,1786841676461,1786884876461,12,9.4473,0,1.525575637214771,0.8,0.8,,,0.923,,,legacy,unknown,9.408,-0.41599187069322213,0,1786888797838
700,LINK,1786841677096,1786928077096,24,9.4473,0,5.309330063538069,0.6,0.6,,,0.5,,,legacy,unknown,9.4026,-0.4731510590327462,0,1786935615351
701,BTC,1786841677101,1786928077101,24,63048,0,0.034906229175261004,0.333,0.333,,,0.3,,,legacy,unknown,62850,-0.31404644080700417,0,1786935615749
702,BTC,1786841677304,1786884877304,12,63048,0,0.08890017780035561,0.8,0.8,,,0.615,,,legacy,unknown,62991,-0.09040730871716787,0,1786888797838
703,LINK,1786841680767,1786928080767,24,9.4472,0,5.308215360606402,0.6,0.6,,,0.5,,,legacy,unknown,9.4026,-0.47209755271404075,0,1786935615749
704,BTC,1786849243691,1786935643691,24,63098,0,-0.047522493980484096,0.4,0.4,,,0.1,,,legacy,unknown,63406,0.48812957621477704,1,1786942215658
705,BTC,1786849243817,1786892443817,12,63098,0,0.128536744053192,0.733,0.733,,,0.615,,,legacy,unknown,63080,-0.028527053155409047,0,1786892444530
706,LINK,1786849243831,1786935643831,24,9.4828,0,-2.4403292181070104,0.6,0.6,,,0.5,,,legacy,unknown,9.5275,0.4713797612519576,1,1786942215658
707,LINK,1786849243996,1786892443996,12,9.4828,0,-0.02003226248590784,0.867,0.867,,,0.923,,,legacy,unknown,9.3481,-1.420466528873315,0,1786892444530
708,LINK,1786860043459,1786946443459,24,9.3687,0,-1.1041558907666766,0.4,0.4,,,0.857,,,legacy,unknown,9.4039,0.37571914993541977,1,1786957217699
709,LINK,1786860043593,1786903243593,12,9.3687,0,-1.9220501868659923,0.533,0.533,,,0.308,,,legacy,unknown,9.428,0.6329586815673504,1,1786903245300
710,BTC,1786860043743,1786903243743,12,63035,0,-0.012689751439493678,0.733,0.733,,,0.615,,,legacy,unknown,63135,0.15864202427222973,1,1786903245300
711,BTC,1786860043881,1786946443881,24,63035,1,-0.05390921054717849,0.5835,0.5835,,,0.35,,,legacy,unknown,63483,0.7107162687395892,1,1786957217699
712,LINK,1786868775603,1786911975603,12,9.4112,0,-1.4771311621285088,0.2,0.2,,,0.8,,,legacy,unknown,9.43401,0.24237079224755137,1,1786914045401
713,LINK,1786868775783,1786955175783,24,9.4112,0,-0.6555265852448559,0.533,0.533,,,0.875,,,legacy,unknown,9.3889,-0.23695171710302132,0,1786957217699
714,BTC,1786868776614,1786911976614,12,63047,0,0.006344875719746839,0.357,0.357,,,0.333,,,legacy,unknown,63034,-0.02061953780512951,0,1786914045401
715,BTC,1786868776774,1786955176774,24,63047,1,-0.034882430354056665,0.5835,0.5835,,,0.364,,,legacy,unknown,63351,0.48217996098148996,1,1786957217699
716,BTC,1786868781483,1786955181483,24,63048,1,-0.03329686533796318,0.45,0.45,,,0.364,,,legacy,unknown,63351,0.48058622002283974,1,1786957217699
717,LINK,1786868852019,1786955252019,24,9.4042,0,-0.7294184708602135,0.6,0.6,,,0.438,,,legacy,unknown,9.3889,-0.1626932647115105,0,1786957217699
718,LINK,1786868852296,1786912052296,12,9.4042,0,-1.550411942673505,0.4,0.4,,,0.6,,,legacy,unknown,9.43401,0.31698602751963195,1,1786914045401
719,BTC,1786868853689,1786955253689,24,63051,1,-0.02854017028968273,0.5835,0.5835,,,0.364,,,legacy,unknown,63351,0.47580530047104724,1,1786957217699
720,BTC,1786868855367,1786912055367,12,63051,0,0.012689751439493678,0.667,0.667,,,0.733,,,legacy,unknown,63034,-0.02696230036002601,0,1786914045401
721,LINK,1786868856734,1786912056734,12,9.4043,0,-1.5493650743800074,0.4,0.4,,,0.6,,,legacy,unknown,9.43401,0.3159193135055396,1,1786914045401
722,LINK,1786868858575,1786955258575,24,9.404,0,-0.731529667592076,0.95,0.95,,,0.75,,,legacy,unknown,9.3889,-0.16056997022543956,0,1786957217699
723,BTC,1786868859644,1786955259644,24,63051,1,-0.02854017028968273,0.48350000000000004,0.48350000000000004,,,0.364,,,legacy,unknown,63351,0.47580530047104724,1,1786957217699
724,BTC,1786868860726,1786912060726,12,63051,0,0.012689751439493678,0.933,0.933,,,0.467,,,legacy,unknown,63034,-0.02696230036002601,0,1786914045401
725,LINK,1786868861575,1786912061575,12,9.40365,0,-1.5561697182877416,0.95,0.95,,,0.929,,,legacy,unknown,9.43401,0.32285336013143767,1,1786914045401
726,LINK,1786868863189,1786955263189,24,9.40365,0,-0.7352242618728355,0.95,0.95,,,0.75,,,legacy,unknown,9.3889,-0.15685398754740074,0,1786957217699
727,BTC,1786868864776,1786955264776,24,63050,1,-0.030125735305776214,0.48350000000000004,0.48350000000000004,,,0.364,,,legacy,unknown,63351,0.47739888977002376,1,1786957217699
728,LINK,1786870844795,1786914044795,12,9.4355,1,-1.304366017447341,0.55,0.55,,,0.4,,,legacy,unknown,9.43401,-0.015791425997548188,0,1786914045401
729,LINK,1786870844989,1786957244989,24,9.4355,1,1.708197558917018,0.6165,0.6165,,,0.5,,,legacy,unknown,9.3889,-0.4938794976418818,0,1786958689161
730,BTC,1786870845206,1786957245206,24,63052,1,0.2241261464608733,0.45,0.45,,,0.364,,,legacy,unknown,63351,0.4742117617204847,1,1786958689161
731,LINK,1786881644974,1786968044974,24,9.408,0,1.103237495889459,0.867,0.867,,,0.75,,,legacy,unknown,9.5174,1.1628401360544307,1,1786978815973
732,LINK,1786881645174,1786924845174,12,9.408,0,-0.6022187004754399,0.867,0.867,,,0.929,,,legacy,unknown,9.3794,-0.3039965986394459,0,1786927664349
734,BTC,1786881645722,1786968045722,24,62991,1,-0.0015875031750063498,0.6835,0.6835,,,0.5,,,legacy,unknown,63593,0.9556920829959835,1,1786978816559
733,BTC,1786881645941,1786924845941,12,62991,1,-0.10466720586136352,0.6835,0.6835,,,0.733,,,legacy,unknown,62874,-0.1857408201171596,0,1786927664349
735,LINK,1786888796514,1786975196514,24,9.3187,0,0.14357347501542647,0.667,0.667,,,0.813,,,legacy,unknown,9.5288,2.254606329209017,1,1786978816559
736,LINK,1786888796718,1786931996718,12,9.3187,0,-1.3601913794563545,0.615,0.615,,,0.8,,,legacy,unknown,9.5275,2.2406558854775893,1,1786935615749
737,BTC,1786888797543,1786931997543,12,63040,0,-0.01268874508311128,0.385,0.385,,,0.333,,,legacy,unknown,63406,0.5805837563451777,1,1786935615749
738,BTC,1786888797776,1786975197776,24,63040,1,0.0762001524003048,0.4165,0.4165,,,0.364,,,legacy,unknown,63865,1.3086928934010151,1,1786978816559
739,LINK,1786892444052,1786978844052,24,9.3481,0,-1.4402142397756346,0.933,0.933,,,0.75,,,legacy,unknown,9.5288,1.9330131256618976,1,1786989614157
740,LINK,1786892444254,1786935644254,12,9.3481,0,-1.420466528873315,0.933,0.933,,,0.929,,,legacy,unknown,9.5275,1.9191065564125258,1,1786942215658
741,BTC,1786892444483,1786935644483,12,63080,0,-0.028527053155409047,0.286,0.286,,,0.333,,,legacy,unknown,63406,0.5168040583386176,1,1786942215658
742,BTC,1786892444751,1786978844751,24,63080,1,0.09997302315248266,0.48350000000000004,0.48350000000000004,,,0.364,,,legacy,unknown,63865,1.2444514901712111,1,1786989614588
743,LINK,1786898273012,1786984673012,24,9.384,1,-1.0617099117526099,0.6835,0.6835,,,0.813,,,legacy,unknown,9.4968,1.2020460358056266,1,1786989614588
744,LINK,1786898302768,1786984702768,24,9.3794,0,-1.1102090735605736,0.4,0.4,,,0.875,,,legacy,unknown,9.4968,1.2516792118898858,1,1786989614588
745,LINK,1786898303137,1786941503137,12,9.3794,0,-1.0903952419116594,0.467,0.467,,,0.467,,,legacy,unknown,9.4717,0.9840714757873619,1,1786942215658
746,BTC,1786898304256,1786941504256,12,63311,0,0.3375701290056737,0.267,0.267,,,0.333,,,legacy,unknown,63519,0.3285369051191736,1,1786942215658
747,BTC,1786898304493,1786984704493,24,63311,0,0.4665407747115858,0.2,0.2,,,0,,,legacy,unknown,64324,1.6000379081044367,1,1786989614588
748,LINK,1786898306837,1786984706837,24,9.3794,0,-1.1102090735605736,0.4,0.4,,,0.875,,,legacy,unknown,9.4968,1.2516792118898858,1,1786989614588
749,LINK,1786903244537,1786946444537,12,9.428,0,0.6329586815673504,0.333,0.333,,,0.8,,,legacy,unknown,9.4039,-0.25562155282139026,0,1786957217699
750,LINK,1786903244815,1786989644815,24,9.428,0,-1.3012572888204919,0.533,0.533,,,0.875,,,legacy,unknown,9.4968,0.7297411964361425,1,1787000413412
751,BTC,1786903244815,1786946444815,12,63135,0,0.15864202427222973,0.267,0.267,,,0.333,,,legacy,unknown,63483,0.5511998099311,1,1786957217699
752,BTC,1786903245064,1786989645064,24,63135,0,0.1459321415541773,0.267,0.267,,,0,,,legacy,unknown,64324,1.8832660172645916,1,1787000413412
753,LINK,1786914044633,1786957244633,12,9.43401,0,-0.015791425997548188,0.2,0.2,,,0.8,,,legacy,unknown,9.3889,-0.4781635804922943,0,1786958689161
754,LINK,1786914044877,1787000444877,24,9.43401,0,-1.319951465450507,0.467,0.467,,,0.938,,,legacy,unknown,9.5054,0.7567301709453262,1,1787011213833
756,BTC,1786914045346,1787000445346,24,63034,1,-0.0592978751066275,0.3835,0.3835,,,0.364,,,legacy,unknown,64355,2.095694387156138,1,1787011213833
755,BTC,1786914045655,1786957245655,12,63034,0,-0.028547865254076002,0.267,0.267,,,0.333,,,legacy,unknown,63351,0.5029031951010566,1,1786958689161
757,BTC,1786924844398,1786968044398,12,62874,0,-0.1857408201171596,0.333,0.333,,,0.333,,,legacy,unknown,63593,1.1435569551802016,1,1786978816559
759,BTC,1786924844443,1787011244443,24,62874,1,-0.2902136162519625,0.55,0.55,,,0.364,,,legacy,unknown,64498.9,2.584375099405162,1,1787013814829
758,LINK,1786924844771,1787011244771,24,9.3794,0,-0.9043845747490697,0.2,0.2,,,0.75,,,legacy,unknown,9.5377,1.6877412201206767,1,1787013814829
760,LINK,1786924844771,1786968044771,12,9.3794,0,-0.3039965986394459,0.533,0.533,,,0.4,,,legacy,unknown,9.5174,1.4713094654242265,1,1786978816559
761,LINK,1786927663399,1786970863399,12,9.4015,0,-0.0690901360544118,0.4,0.4,,,0.6,,,legacy,unknown,9.5174,1.232782002871881,1,1786978816559
762,LINK,1786927663780,1787014063780,24,9.4015,0,-0.5005926678520013,0.067,0.067,,,0.75,,,legacy,unknown,9.4776,0.8094453012817132,1,1787016776318
763,BTC,1786927663857,1786970863857,12,62863,0,-0.20320363226492671,0.133,0.133,,,0.133,,,legacy,unknown,63593,1.161255428471438,1,1786978816559
764,BTC,1786927664053,1787014064053,24,62863,0,-0.28409586609582893,0.333,0.333,,,0.364,,,legacy,unknown,64357,2.376596726214148,1,1787016776318
765,LINK,1786927671529,1786970871529,12,9.4081,0,0.0010629251700655501,0.333,0.333,,,0.8,,,legacy,unknown,9.5174,1.161764862193228,1,1786978816559
766,LINK,1786927671736,1787014071736,24,9.4081,0,-0.43074252815173425,0.2,0.2,,,0.75,,,legacy,unknown,9.4776,0.738725141101832,1,1787016776318
767,BTC,1786927672284,1787014072284,24,62868,0,-0.2761646582204567,0.333,0.333,,,0.364,,,legacy,unknown,64357,2.3684545396704206,1,1787016776318
768,BTC,1786927672488,1786970872488,12,62868,0,-0.19526599037957804,0.133,0.133,,,0.133,,,legacy,unknown,63593,1.1532099001081633,1,1786978816559
769,BTC,1786927676561,1787014076561,24,62868,0,-0.2761646582204567,0.333,0.333,,,0.364,,,legacy,unknown,64357,2.3684545396704206,1,1787016776318
770,LINK,1786927684678,1787014084678,24,9.4066,0,-0.4466175599017984,0.2,0.2,,,0.75,,,legacy,unknown,9.4776,0.7547891905683404,1,1787016776318
771,LINK,1786927684825,1786970884825,12,9.4066,0,-0.014880952380955464,0.333,0.333,,,0.8,,,legacy,unknown,9.5174,1.1778963706333971,1,1786978816559
772,BTC,1786927685257,1786970885257,12,62863,0,-0.20320363226492671,0.133,0.133,,,0.133,,,legacy,unknown,63593,1.161255428471438,1,1786978816559
773,BTC,1786927685441,1787014085441,24,62863,0,-0.28409586609582893,0.333,0.333,,,0.364,,,legacy,unknown,64357,2.376596726214148,1,1787016776318
774,LINK,1786927688773,1786970888773,12,9.4065,0,-0.015943877551021016,0.333,0.333,,,0.8,,,legacy,unknown,9.5174,1.1789719874554925,1,1786978816559
775,LINK,1786927688982,1787014088982,24,9.4065,0,-0.44767589535180013,0.2,0.2,,,0.75,,,legacy,unknown,9.4776,0.7558603093605621,1,1787016776318
776,BTC,1786927689764,1786970889764,12,62859,0,-0.20955374577320568,0.133,0.133,,,0.133,,,legacy,unknown,63593,1.1676927727135336,1,1786978816559
777,BTC,1786927690242,1787014090242,24,62859,0,-0.29044083239612667,0.333,0.333,,,0.364,,,legacy,unknown,64357,2.3831114080720344,1,1787016776318
778,LINK,1786927694984,1787014094984,24,9.4056,0,-0.45720091440183486,0.133,0.133,,,0.75,,,legacy,unknown,9.4776,0.7655014034192498,1,1787016776318
779,BTC,1786927697312,1787014097312,24,62858.4,0,-0.29139257734116897,0.333,0.333,,,0.364,,,legacy,unknown,64357,2.3840886818627243,1,1787016776318
780,LINK,1786927714512,1787014114512,24,9.4026,0,-0.488950977901963,0.2,0.2,,,0.75,,,legacy,unknown,9.4776,0.7976517133558916,1,1787016777929
781,LINK,1786927714784,1786970914784,12,9.4026,0,-0.05739795918367187,0.333,0.333,,,0.8,,,legacy,unknown,9.5174,1.2209388892434079,1,1786978816559
782,BTC,1786927715300,1786970915300,12,62851.6,0,-0.22130145576352406,0.133,0.133,,,0.133,,,legacy,unknown,63593,1.1796040196271875,1,1786978816559
783,BTC,1786927715545,1787014115545,24,62851.6,0,-0.30217902005167974,0.333,0.333,,,0.364,,,legacy,unknown,64357,2.3951657555257166,1,1787016777929
784,LINK,1786927718434,1787014118434,24,9.4026,0,-0.488950977901963,0.2,0.2,,,0.75,,,legacy,unknown,9.4776,0.7976517133558916,1,1787016777929
786,LINK,1786927720987,1786970920987,12,9.4026,0,-0.05739795918367187,0.2,0.2,,,0.8,,,legacy,unknown,9.5174,1.2209388892434079,1,1786978816559
785,BTC,1786927721262,1787014121262,24,62851.6,0,-0.30217902005167974,0.267,0.267,,,0,,,legacy,unknown,64357,2.3951657555257166,1,1787016777929
787,BTC,1786927721709,1786970921709,12,62851.6,0,-0.22130145576352406,0.133,0.133,,,0.133,,,legacy,unknown,63593,1.1796040196271875,1,1786978816559
788,LINK,1786927722549,1787014122549,24,9.4026,0,-0.488950977901963,0.2,0.2,,,0.75,,,legacy,unknown,9.4776,0.7976517133558916,1,1787016777929
789,LINK,1786935615067,1786978815067,12,9.5275,1,2.2406558854775893,0.55,0.55,,,0.4,,,legacy,unknown,9.5288,0.013644712673844376,1,1786978816559
791,LINK,1786935615297,1787022015297,24,9.5275,1,0.849987297823687,0.48350000000000004,0.48350000000000004,,,0.938,,,legacy,unknown,9.3597,-1.7612175282078166,0,1787032813987
790,BTC,1786935615351,1787022015351,24,63406,1,0.5678213424692299,0.6165,0.6165,,,0.5,,,legacy,unknown,64064,1.0377566791786266,1,1787032813987
792,BTC,1786935615562,1786978815562,12,63406,1,0.5805837563451777,0.48350000000000004,0.48350000000000004,,,0.4,,,legacy,unknown,63865,0.7239062549285556,1,1786978816559
794,LINK,1786942214865,1786985414865,12,9.4717,1,0.9840714757873619,0.7165,0.7165,,,0.867,,,legacy,unknown,9.4968,0.2649999472111672,1,1786989614588
795,LINK,1786942215022,1787028615022,24,9.4717,1,-0.1170540346732927,0.75,0.75,,,0.75,,,legacy,unknown,9.42556,-0.48713536112840783,0,1787032813987
793,BTC,1786942215178,1787028615178,24,63519,1,0.6672160765792894,0.2835,0.2835,,,0.364,,,legacy,unknown,64195,1.0642484925770241,1,1787032813987
796,BTC,1786942215804,1786985415804,12,63519,1,0.3285369051191736,0.35,0.35,,,0.333,,,legacy,unknown,64324,1.2673373321368409,1,1786989614588
797,BTC,1786942222985,1787028622985,24,63521,1,0.6703857491521126,0.2835,0.2835,,,0.364,,,legacy,unknown,64195,1.06106641897955,1,1787032813987
798,LINK,1786942286046,1787028686046,24,9.4728,1,-0.10545408529126195,0.75,0.75,,,0.75,,,legacy,unknown,9.42556,-0.4986909889367307,0,1787032813987
799,LINK,1786942286282,1786985486282,12,9.4728,0,0.9957993048595756,0.05,0.05,,,0.8,,,legacy,unknown,9.4968,0.2533569799848082,1,1786989614588
800,BTC,1786942286827,1787028686827,24,63529.7,1,0.684173824843889,0.2835,0.2835,,,0.364,,,legacy,unknown,64195,1.047226730175025,1,1787032813987
801,BTC,1786942287326,1786985487326,12,63529.7,1,0.345437601680588,0.4165,0.4165,,,0.333,,,legacy,unknown,64324,1.2502813644641844,1,1786989614588
802,LINK,1786942290164,1787028690164,24,9.4728,1,-0.10545408529126195,0.6835,0.6835,,,0.813,,,legacy,unknown,9.42556,-0.4986909889367307,0,1787032813987
803,LINK,1786942322111,1786985522111,12,9.4737,0,1.0053948013732086,0.05,0.05,,,0.8,,,legacy,unknown,9.4968,0.24383292694513478,1,1786989614588
805,BTC,1786942322327,1786985522327,12,63535,1,0.3538089747437254,0.35,0.35,,,0.333,,,legacy,unknown,64324,1.2418352089399545,1,1786989614588
804,LINK,1786942322336,1787028722336,24,9.4737,1,-0.09596321761505155,0.6835,0.6835,,,0.813,,,legacy,unknown,9.42556,-0.5081435975384306,0,1787032813987
806,BTC,1786942322603,1787028722603,24,63535,1,0.6925734571618751,0.3165,0.3165,,,0.364,,,legacy,unknown,64195,1.0387975131817109,1,1787032813987
807,LINK,1786942391684,1787028791684,24,9.4703,1,-0.13181760661407277,0.6835,0.6835,,,0.813,,,legacy,unknown,9.42556,-0.4724243160195465,0,1787032813987
808,LINK,1786942391895,1786985591895,12,9.4703,1,0.9691451478772579,0.3215,0.3215,,,0.8,,,legacy,unknown,9.4968,0.2798221809235231,1,1786989614588
809,BTC,1786942392577,1787028792577,24,63545,1,0.7084218200259913,0.35,0.35,,,0.364,,,legacy,unknown,64195,1.0228971594932725,1,1787032813987
810,BTC,1786942393256,1786985593256,12,63545,1,0.3696040182590703,0.35,0.35,,,0.333,,,legacy,unknown,64324,1.225902903454245,1,1786989614588
811,LINK,1786942396332,1787028796332,24,9.4679,1,-0.15712658708397337,0.7165,0.7165,,,0.75,,,legacy,unknown,9.42556,-0.44719525977248786,0,1787032813987
812,LINK,1786946417264,1786989617264,12,9.4039,0,0.2612107384267623,0.833,0.833,,,0.929,,,legacy,unknown,9.4968,0.9878880039132723,1,1787000413412
813,LINK,1786946417730,1787032817730,24,9.4039,0,-0.8320327329480648,0.667,0.667,,,0.813,,,legacy,unknown,9.42556,0.23032996948075457,1,1787043612975
814,BTC,1786946417966,1787032817966,24,63483,1,0.6101619702684713,0.6835,0.6835,,,0.5,,,legacy,unknown,64195,1.121560102704661,1,1787043612975
815,BTC,1786946418443,1786989618443,12,63483,1,0.271674748463932,0.6165,0.6165,,,0.4,,,legacy,unknown,64324,1.3247641100767136,1,1787000413412
816,LINK,1786957217437,1787043617437,24,9.3889,0,-0.14889023599103599,0.4,0.4,,,0.824,,,legacy,unknown,9.4487,0.6369223231688587,1,1787054413076
817,LINK,1786957217562,1787000417562,12,9.3889,0,-0.414722104369975,0.333,0.333,,,0.824,,,legacy,unknown,9.5054,1.2408269339326254,1,1787011213833
818,BTC,1786957217564,1787043617564,24,63351,1,0.47596465712622427,0.4165,0.4165,,,0.375,,,legacy,unknown,64233,1.392243216365961,1,1787054414417
819,BTC,1786957217564,1787000417564,12,63351,1,0.3421240199572345,0.48350000000000004,0.48350000000000004,,,0.563,,,legacy,unknown,64355,1.5848210762261055,1,1787011213833
820,BTC,1786958688815,1787045088815,24,63320.9,1,0.4264733870456155,0.4165,0.4165,,,0.375,,,legacy,unknown,64233,1.4404406759853359,1,1787054414417
821,LINK,1786958712835,1787001912835,12,9.3962,0,-0.4007839720331051,0.071,0.071,,,0.824,,,legacy,unknown,9.5054,1.1621719418488274,1,1787011213833
824,BTC,1786958713028,1787045113028,24,63321,1,0.42663198629702465,0.3835,0.3835,,,0.375,,,legacy,unknown,64233,1.4402804756715781,1,1787054414417
822,BTC,1786958713084,1787001913084,12,63321,1,0.4553098327886538,0.48350000000000004,0.48350000000000004,,,0.563,,,legacy,unknown,64355,1.6329495743908025,1,1787011213833
823,LINK,1786958713129,1787045113129,24,9.3962,0,-0.4165121085262997,0.267,0.267,,,0.765,,,legacy,unknown,9.4487,0.5587365105042487,1,1787054414417
825,LINK,1786958726837,1787045126837,24,9.3963,0,-0.4154522812781436,0.4,0.4,,,0.824,,,legacy,unknown,9.4487,0.5576663154646025,1,1787054414417
826,LINK,1786958726888,1787001926888,12,9.3963,0,-0.3997239773966804,0.8,0.8,,,0.765,,,legacy,unknown,9.5054,1.1610953247554863,1,1787011213833
827,BTC,1786958727866,1787045127866,24,63321,1,0.42663198629702465,0.3835,0.3835,,,0.375,,,legacy,unknown,64233,1.4402804756715781,1,1787054414417
828,BTC,1786958728086,1787001928086,12,63321,1,0.4553098327886538,0.48350000000000004,0.48350000000000004,,,0.563,,,legacy,unknown,64355,1.6329495743908025,1,1787011213833
829,LINK,1786958731393,1787045131393,24,9.3971,0,-0.40697366329287615,0.4,0.4,,,0.824,,,legacy,unknown,9.4487,0.5491055751242462,1,1787054414417
831,LINK,1786968016267,1787054416267,24,9.5174,0,0.867998516241863,0.6,0.6,,,0.588,,,legacy,unknown,9.43697,-0.8450837413579316,0,1787056096544
830,LINK,1786968016444,1787011216444,12,9.5174,0,0.8839295273165878,0.231,0.231,,,0.824,,,legacy,unknown,9.5377,0.21329354655682092,1,1787013814829
832,BTC,1786968016665,1787011216665,12,63593,1,0.8868229844211061,0.48350000000000004,0.48350000000000004,,,0.563,,,legacy,unknown,64498.9,1.4245278568395916,1,1787013814829
833,BTC,1786968017401,1787054417401,24,63593,1,0.8580219501363954,0.48350000000000004,0.48350000000000004,,,0.375,,,legacy,unknown,64308,1.1243375843253187,1,1787056097361
834,LINK,1786978815572,1787065215572,24,9.5288,1,2.254606329209017,0.65,0.65,,,0.412,,,legacy,unknown,9.4598,-0.7241205608261359,0,1787068021185
835,LINK,1786978815757,1787022015757,12,9.5288,1,0.013644712673844376,0.65,0.65,,,0.647,,,legacy,unknown,9.3597,-1.774620099068091,0,1787032813987
837,BTC,1786978816323,1787022016323,12,63865,1,0.7239062549285556,0.45,0.45,,,0.375,,,legacy,unknown,64064,0.3115947702184295,1,1787032813987
836,BTC,1786978816559,1787065216559,24,63865,1,1.3086928934010151,0.48350000000000004,0.48350000000000004,,,0.375,,,legacy,unknown,64708,1.3199718155484226,1,1787068021185
838,BTC,1786989613803,1787032813803,12,64324,1,1.225902903454245,0.55,0.55,,,0.375,,,legacy,unknown,64195,-0.2005472296498974,0,1787032813987
840,BTC,1786989613981,1787076013981,24,64324,1,1.6000379081044367,0.65,0.65,,,0.417,,,legacy,unknown,64633,0.4803805733474286,1,1787076014071
841,LINK,1786989614326,1787076014326,24,9.4968,0,1.2516792118898858,0.6,0.6,,,0.588,,,legacy,unknown,9.4515,-0.47700277988376083,0,1787086813146
839,LINK,1786989614566,1787032814566,12,9.4968,0,0.3052419227072545,0.667,0.667,,,0.706,,,legacy,unknown,9.42556,-0.7501474180776633,0,1787043613664
842,LINK,1787000412982,1787043612982,12,9.5054,0,1.0793394230053457,0.6,0.6,,,0.529,,,legacy,unknown,9.4487,-0.5965030403770415,0,1787043613658
843,BTC,1787000412982,1787086812982,24,64355,0,1.932367149758454,0.867,0.867,,,0,,,legacy,unknown,64544,0.2936834744775076,1,1787086814030
844,LINK,1787000412990,1787086812990,24,9.5054,0,0.8209588459906557,0.6,0.6,,,0.588,,,legacy,unknown,9.4682,-0.3913564920992314,0,1787086814030
845,BTC,1787000413208,1787043613208,12,64355,0,1.37359608084054,0.867,0.867,,,0.563,,,legacy,unknown,64233,-0.18957345971563982,0,1787043613658
846,LINK,1787011213236,1787097613236,24,9.5377,0,1.0991084385112853,0.733,0.733,,,0.824,,,legacy,unknown,9.5382,0.005242354026658535,1,1787097613788
847,LINK,1787011213429,1787054413429,12,9.5377,0,1.496206276404414,0.6,0.6,,,0.529,,,legacy,unknown,9.43697,-1.0561246422093238,0,1787054414417
849,BTC,1787011213612,1787054413612,12,64498.9,1,1.8602043555850372,0.65,0.65,,,0.625,,,legacy,unknown,64308,-0.2959740398673488,0,1787054414417
848,BTC,1787011213819,1787097613819,24,64498.9,1,2.3239838817146325,0.35,0.35,,,0.375,,,legacy,unknown,64700,0.3117882630556468,1,1787097614216
850,LINK,1787013814069,1787100214069,24,9.4865,0,1.141864085122706,0.6,0.6,,,0.588,,,legacy,unknown,9.5382,0.5449849786538797,1,1787106370680
851,LINK,1787013814317,1787057014317,12,9.4865,0,-0.3246685019017885,0.133,0.133,,,0.824,,,legacy,unknown,9.4266,-0.63142360196067,0,1787065213626
852,BTC,1787013814428,1787100214428,24,64373,1,2.384133346057194,0.35,0.35,,,0.375,,,legacy,unknown,64700,0.5079769468566013,1,1787106370431
853,BTC,1787013814542,1787057014542,12,64373,1,1.2265500919912569,0.7165,0.7165,,,0.438,,,legacy,unknown,64269,-0.1615584173488885,0,1787065213626
854,BTC,1787013821247,1787100221247,24,64373,1,2.384133346057194,0.45,0.45,,,0.375,,,legacy,unknown,64700,0.5079769468566013,1,1787106370431
856,LINK,1787013829021,1787100229021,24,9.48593,0,1.1357869373307392,0.6,0.6,,,0.588,,,legacy,unknown,9.5382,0.5510266257499269,1,1787106370431
855,LINK,1787013829252,1787057029252,12,9.48593,0,-0.33065753251939134,0.2,0.2,,,0.824,,,legacy,unknown,9.4266,-0.6254526440738991,0,1787065213626
857,BTC,1787013829772,1787057029772,12,64363,1,1.2108250908118818,0.6165,0.6165,,,0.375,,,legacy,unknown,64269,-0.14604664170408463,0,1787065213626
858,BTC,1787013829973,1787100229973,24,64363,1,2.3682285205331297,0.45,0.45,,,0.375,,,legacy,unknown,64700,0.5235927473859205,1,1787106370431
859,LINK,1787013833178,1787100233178,24,9.4839,0,1.1141437618610979,0.6,0.6,,,0.588,,,legacy,unknown,9.5382,0.5725492677063188,1,1787106370680
861,LINK,1787013839301,1787057039301,12,9.4825,0,-0.36669678693761293,0.2,0.2,,,0.824,,,legacy,unknown,9.4266,-0.5895069865541723,0,1787065213626
860,LINK,1787013839549,1787100239549,24,9.4825,0,1.099217433950994,0.6,0.6,,,0.588,,,legacy,unknown,9.5382,0.5873978381228564,1,1787106370680
862,BTC,1787013840361,1787100240361,24,64363,1,2.3682285205331297,0.45,0.45,,,0.375,,,legacy,unknown,64700,0.5235927473859205,1,1787106370680
863,BTC,1787013840622,1787057040622,12,64363,1,1.2108250908118818,0.6165,0.6165,,,0.375,,,legacy,unknown,64269,-0.14604664170408463,0,1787065213626
864,LINK,1787013876388,1787100276388,24,9.4776,0,1.046975286265649,0.6,0.6,,,0.588,,,legacy,unknown,9.5382,0.639402380349446,1,1787106370680
865,LINK,1787013876616,1787057076616,12,9.4776,0,-0.41818143610649566,0.133,0.133,,,0.824,,,legacy,unknown,9.4266,-0.5381109141554841,0,1787065213626
866,BTC,1787013877134,1787100277134,24,64357,1,2.3586856252186914,0.45,0.45,,,0.375,,,legacy,unknown,64700,0.5329645570800379,1,1787106370680
867,BTC,1787013877642,1787057077642,12,64357,1,1.201390090104257,0.6165,0.6165,,,0.375,,,legacy,unknown,64269,-0.13673726245785228,0,1787065213626
868,LINK,1787013880083,1787100280083,24,9.4776,0,1.046975286265649,0.6,0.6,,,0.588,,,legacy,unknown,9.5382,0.639402380349446,1,1787106370680
870,LINK,1787016775057,1787059975057,12,9.488,0,-0.308907895013352,0.133,0.133,,,0.824,,,legacy,unknown,9.4266,-0.6471332209106135,0,1787065213626
874,BTC,1787016775217,1787103175217,24,64302,1,2.3102625298329356,0.45,0.45,,,0.375,,,legacy,unknown,64370,0.10575098752760412,1,1787106370680
871,LINK,1787016775327,1787103175327,24,9.488,0,0.908259417607895,0.6,0.6,,,0.588,,,legacy,unknown,9.5091,0.22238617200675131,1,1787106370680
875,BTC,1787016775614,1787059975614,12,64302,1,1.1149025836176938,0.6165,0.6165,,,0.375,,,legacy,unknown,64269,-0.051320332182513764,0,1787065213626
869,LINK,1787016776476,1787059976476,12,9.4883,0,-0.3057557736356535,0.6,0.6,,,0.529,,,legacy,unknown,9.4266,-0.6502745486546598,0,1787065213626
872,LINK,1787016776724,1787103176724,24,9.4883,0,0.9114500244613297,0.667,0.667,,,0.412,,,legacy,unknown,9.5091,0.21921735189654085,1,1787106370680
876,BTC,1787016777303,1787103177303,24,64302,1,2.3102625298329356,0.45,0.45,,,0.375,,,legacy,unknown,64370,0.10575098752760412,1,1787106370680
873,BTC,1787016777540,1787059977540,12,64302,1,1.1149025836176938,0.6165,0.6165,,,0.375,,,legacy,unknown,64269,-0.051320332182513764,0,1787065213626
877,LINK,1787022012565,1787108412565,24,9.3597,0,-0.45625678003955816,0.267,0.267,,,0.765,,,legacy,unknown,9.5347,1.8697180465185925,1,1787108412619
879,BTC,1787022012976,1787108412976,24,64064,1,1.9315831344470964,0.48350000000000004,0.48350000000000004,,,0.375,,,legacy,unknown,64319.1,0.3981955544455522,1,1787108413749
878,LINK,1787022013202,1787065213202,12,9.3597,1,-1.774620099068091,0.659,0.659,,,0.647,,,legacy,unknown,9.4598,1.0694787226086242,1,1787065213626
880,BTC,1787022013204,1787065213204,12,64064,1,0.3115947702184295,0.4165,0.4165,,,0.375,,,legacy,unknown,64708,1.0052447552447552,1,1787065213626
881,LINK,1787032813422,1787119213422,24,9.42556,0,-0.44719525977248786,0.933,0.933,,,0.824,,,legacy,unknown,9.607,1.9249784628181081,1,1787130013031
882,LINK,1787032813616,1787076013616,12,9.42556,0,-0.7501474180776633,0.95,0.95,,,0.833,,,legacy,unknown,9.4515,0.275209112243713,1,1787076014071
883,BTC,1787032813616,1787076013616,12,64195,1,-0.2005472296498974,0.607,0.607,,,0.375,,,legacy,unknown,64633,0.6822961289820079,1,1787076014071
884,BTC,1787032813616,1787119213616,24,64195,1,1.0228971594932725,0.5165,0.5165,,,0.375,,,legacy,unknown,64217,0.0342705818210141,1,1787130013031
885,LINK,1787043612594,1787130012594,24,9.4487,0,0.47639809015408924,0.05,0.05,,,0.85,,,legacy,unknown,9.785,3.55921978684898,1,1787130013846
886,LINK,1787043612827,1787086812827,12,9.4487,0,-0.5965030403770415,0.533,0.533,,,0.526,,,legacy,unknown,9.4682,0.20637759691808358,1,1787086813146
887,BTC,1787043613243,1787130013243,24,64233,1,1.1814186475119324,0.6835,0.59175,macro,disagree,0.519,,,legacy,unknown,64386,0.23819532016253328,1,1787130013846
888,BTC,1787043613243,1787086813243,12,64233,1,-0.18957345971563982,0.45,0.35,macro,agree,0.5,,,legacy,unknown,64544,0.48417480111469186,1,1787086814030
889,LINK,1787054412864,1787097612864,12,9.43697,0,-1.0561246422093238,0.533,0.533,,,0.526,,,legacy,unknown,9.5382,1.0726960030602966,1,1787097614216
890,LINK,1787054413052,1787140813052,24,9.43697,0,0.4242798310117006,0.05,0.05,,,0.85,,,legacy,unknown,9.7611,3.434682954380487,1,1787140813094
891,BTC,1787054413076,1787140813076,24,64308,1,1.558724593736675,0.65,0.575,macro,disagree,0.519,,,legacy,unknown,64480,0.2674628351060521,1,1787140814512
892,BTC,1787054414140,1787097614140,12,64308,1,-0.2959740398673488,0.45,0.35,macro,agree,0.5,,,legacy,unknown,64700,0.6095664614044909,1,1787097614216
893,LINK,1787056095322,1787099295322,12,9.4227,0,-1.205741426129973,0.692,0.692,,,0.684,,,legacy,unknown,9.5382,1.2257633162469255,1,1787106370680
894,LINK,1787056095361,1787142495361,24,9.4227,0,-0.9950196482232496,0.733,0.733,,,0.65,,,legacy,unknown,9.7611,3.5913273265624506,1,1787151614107
895,BTC,1787056096421,1787099296421,12,64271,1,-0.3533393592758969,0.3835,0.2835,macro,agree,0.5,,,legacy,unknown,64700,0.6674861134881984,1,1787106370680
896,BTC,1787056096664,1787142496664,24,64271,1,1.0661550799616308,0.5165,0.50825,macro,disagree,0.333,,,legacy,unknown,64480,0.3251855424686095,1,1787151614107
897,BTC,1787056102551,1787142502551,24,64270,1,1.0645825798436936,0.48350000000000004,0.49175,macro,disagree,0.667,,,legacy,unknown,64480,0.32674653804263265,1,1787151614959
898,LINK,1787056108594,1787099308594,12,9.4231,1,-1.201547542908661,0.6345000000000001,0.7345,macro,agree,0.737,,,legacy,unknown,9.5382,1.2214663964088248,1,1787106370431
899,LINK,1787056108836,1787142508836,24,9.4231,1,-0.9908168197196764,0.6835,0.7835,macro,agree,0.65,,,legacy,unknown,9.7611,3.5869299911918686,1,1787151614959
900,BTC,1787056109446,1787142509446,24,64270,1,1.0645825798436936,0.48350000000000004,0.49175,macro,disagree,0.667,,,legacy,unknown,64480,0.32674653804263265,1,1787151614959
901,BTC,1787056110038,1787099310038,12,64270,1,-0.35488977331396576,0.3835,0.2835,macro,agree,0.5,,,legacy,unknown,64700,0.6690524350396764,1,1787106370431
902,LINK,1787056113335,1787142513335,24,9.4231,1,-0.9908168197196764,0.6835,0.7835,macro,agree,0.65,,,legacy,unknown,9.7611,3.5869299911918686,1,1787151614959
904,LINK,1787056120888,1787142520888,24,9.4216,1,-1.0065774266081131,0.6835,0.7835,macro,agree,0.65,,,legacy,unknown,9.7611,3.6034219240893375,1,1787151614959
903,LINK,1787056121004,1787099321004,12,9.4216,1,-1.2172746049886183,0.6345000000000001,0.7345,macro,agree,0.737,,,legacy,unknown,9.5382,1.2375817270951859,1,1787106370431
905,BTC,1787056122083,1787099322083,12,64270,1,-0.35488977331396576,0.3835,0.2835,macro,agree,0.5,,,legacy,unknown,64700,0.6690524350396764,1,1787106370431
906,BTC,1787056122176,1787142522176,24,64270,1,1.0645825798436936,0.5165,0.50825,macro,disagree,0.333,,,legacy,unknown,64480,0.32674653804263265,1,1787151614959
907,BTC,1787056135381,1787142535381,24,64270,1,1.0645825798436936,0.5165,0.50825,macro,disagree,0.333,,,legacy,unknown,64480,0.32674653804263265,1,1787151614959
908,LINK,1787056461604,1787099661604,12,9.4241,1,-1.191062834855363,0.596,0.696,macro,agree,0.368,,,legacy,unknown,9.5382,1.2107256926390908,1,1787106370221
909,LINK,1787056461718,1787142861718,24,9.4241,1,-0.980309748460725,0.6835,0.7835,macro,agree,0.65,,,legacy,unknown,9.7611,3.57593828588408,1,1787151614959
910,BTC,1787056461968,1787142861968,24,64256,1,1.0425675781925685,0.2835,0.39175,macro,disagree,0.63,,,legacy,unknown,64480,0.348605577689243,1,1787151614959
911,BTC,1787056462958,1787099662958,12,64256,1,-0.3765955698469299,0.5165,0.6164999999999999,macro,agree,0.333,,,legacy,unknown,64700,0.6909860557768924,1,1787106370221
912,BTC,1787056467008,1787142867008,24,64255,1,1.0409950780746309,0.3835,0.44175,macro,disagree,0.519,,,legacy,unknown,64480,0.35016730215547426,1,1787151614959
916,BTC,1787065212948,1787108412948,12,64708,1,1.0052447552447552,0.3835,0.44175,macro,disagree,0.5,,,legacy,unknown,64319.1,-0.6010076033875277,0,1787108414270
914,BTC,1787065213154,1787151613154,24,64708,1,1.3199718155484226,0.48350000000000004,0.49175,macro,disagree,0.667,,,legacy,unknown,65932.5,1.8923471595475059,1,1787151614959
915,LINK,1787065213357,1787108413357,12,9.4598,0,1.0694787226086242,0.333,0.333,,,0.737,,,legacy,unknown,9.5347,0.7917714962261495,1,1787108413749
913,LINK,1787065213621,1787151613621,24,9.4598,0,-0.7241205608261359,0.533,0.533,,,0.85,,,legacy,unknown,9.7701,3.280196198651132,1,1787151614959
917,LINK,1787068019648,1787154419648,24,9.51518,1,-0.14293510200654352,0.48350000000000004,0.38350000000000006,macro,agree,0.9,,,,,9.8086,3.083704144325166,1,1787162414186
919,LINK,1787068020302,1787111220302,12,9.51518,1,1.6611643535583482,0.5415,0.52075,macro,disagree,0.526,,,,,9.5347,0.20514588268430003,1,1787116410786
918,BTC,1787068021360,1787111221360,12,64840,1,1.2112887112887112,0.48350000000000004,0.49175,macro,disagree,0.611,,,,,64319.1,-0.8033621221468251,0,1787116409994
920,BTC,1787068023090,1787154423090,24,64840,1,1.5266577937837627,0.55,0.525,macro,disagree,0.407,,,,,66382,2.378161628624306,1,1787162414186
921,LINK,1787068042783,1787111242783,12,9.512,1,1.6271889056273205,0.5415,0.52075,macro,disagree,0.526,,,,,9.5347,0.23864592094197207,1,1787116410786
922,LINK,1787068044069,1787154444069,24,9.512,1,-0.17630761480983886,0.48350000000000004,0.38350000000000006,macro,agree,0.9,,,,,9.8086,3.1181665264928484,1,1787162414186
923,BTC,1787068049103,1787154449103,24,64840,1,1.5266577937837627,0.55,0.525,macro,disagree,0.407,,,,,66382,2.378161628624306,1,1787162414186
924,LINK,1787076012596,1787162412596,24,9.4515,0,-0.8112249181429039,0.333,0.333,,,0.8,,,,,9.98,5.591705020367149,1,1787162414186
925,LINK,1787076012809,1787119212809,12,9.4515,1,0.275209112243713,0.4165,0.45825,macro,disagree,0.632,,,,,9.607,1.6452414960588264,1,1787119213003
926,BTC,1787076013173,1787119213173,12,64633,0,0.6822961289820079,0.467,0.467,,,0.611,,,,,64217,-0.6436340569059149,0,1787130013846
927,BTC,1787076013552,1787162413552,24,64633,0,0.4803805733474286,0.05,0.05,,,0.111,,,,,68171,5.473983878204632,1,1787162414186
928,LINK,1787086812741,1787173212741,24,9.4682,1,-0.3913564920992314,0.35,0.35,,,0.8,,,,,10.596,11.911450962168106,1,1787173213825
929,LINK,1787086812960,1787130012960,12,9.4682,1,0.20637759691808358,0.48350000000000004,0.48350000000000004,,,0.684,,,,,9.785,3.345936925709223,1,1787130013846
930,BTC,1787086813341,1787173213341,24,64544,0,0.2936834744775076,0.05,0.05,,,0.111,,,,,69079,7.026214675260288,1,1787173214360
931,BTC,1787086813587,1787130013587,12,64544,0,0.48417480111469186,0.467,0.467,,,0.611,,,,,64386,-0.2447942488844819,0,1787130013846
932,LINK,1787095999690,1787139199690,12,9.5367,1,0.9313450527585719,0.6165,0.6165,,,0.737,,,,,9.7611,2.35301519393502,1,1787140813094
933,LINK,1787095999972,1787182399972,24,9.5367,1,0.3292865108254243,0.5835,0.5835,,,0.4,,,,,10.565,10.782555810710202,1,1787184013300
934,BTC,1787096000558,1787182400558,24,64717,1,0.5625048558775542,0.35,0.35,,,0.519,,,,,69356.5,7.168904615479704,1,1787184013300
935,BTC,1787096001085,1787139201085,12,64717,1,0.7535067644357262,0.55,0.55,,,0.333,,,,,64480,-0.36620980576973594,0,1787140813094
936,LINK,1787096023024,1787182423024,24,9.5362,1,0.32402634292085836,0.4165,0.4165,,,0.9,,,,,10.565,10.788364337996272,1,1787184013300
937,LINK,1787096023270,1787139223270,12,9.5362,1,0.9260533195042553,0.45,0.45,,,0.684,,,,,9.7611,2.358381745349318,1,1787140813094
938,BTC,1787096023771,1787139223771,12,64717,1,0.7535067644357262,0.5835,0.5835,,,0.556,,,,,64480,-0.36620980576973594,0,1787140813094
939,BTC,1787096023983,1787182423983,24,64717,1,0.5625048558775542,0.3835,0.3835,,,0.519,,,,,69356.5,7.168904615479704,1,1787184013300
940,LINK,1787096027247,1787182427247,24,9.5367,1,0.3292865108254243,0.4165,0.4165,,,0.9,,,,,10.565,10.782555810710202,1,1787184013300
941,LINK,1787096031688,1787182431688,24,9.5364,1,0.32613041008269594,0.4165,0.4165,,,0.9,,,,,10.565,10.786040853991013,1,1787184013300
942,LINK,1787096032152,1787139232152,12,9.5364,1,0.9281700128059933,0.45,0.45,,,0.684,,,,,9.7611,2.356235057254313,1,1787140813094
943,BTC,1787096032624,1787182432624,24,64717,1,0.5625048558775542,0.3835,0.3835,,,0.519,,,,,69356.5,7.168904615479704,1,1787184013300
944,BTC,1787096032814,1787139232814,12,64717,1,0.7535067644357262,0.5835,0.5835,,,0.556,,,,,64480,-0.36620980576973594,0,1787140813094
945,LINK,1787097612425,1787184012425,24,9.5382,1,0.005242354026658535,0.48350000000000004,0.48350000000000004,,,0.9,,,,,10.544,10.544966555534595,1,1787184013300
946,LINK,1787097612638,1787140812638,12,9.5382,1,1.0726960030602966,0.45,0.45,,,0.684,,,,,9.7611,2.3369189155186616,1,1787140813094
947,BTC,1787097613656,1787140813656,12,64700,0,0.6095664614044909,0.533,0.533,,,0.333,,,,,64480,-0.3400309119010819,0,1787140814350
948,BTC,1787097613924,1787184013924,24,64700,0,0.3117882630556468,0.05,0.05,,,0.111,,,,,69314,7.131375579598146,1,1787185802838
951,BTC,1787106369766,1787149569766,12,64370,1,0.15715197062347322,0.6165,0.6165,,,0.556,,,regime-trend-v1,0280f8fe79ac0eeb633dfffa91889cd77bfd030c,65932.5,2.427372999844648,1,1787151614959
949,BTC,1787106369806,1787192769806,24,64370,1,0.10575098752760412,0.35,0.35,,,0.519,,,regime-trend-v1,0280f8fe79ac0eeb633dfffa91889cd77bfd030c,69297,7.654186732950132,1,1787194813350
952,LINK,1787106369908,1787149569908,12,9.5091,1,0.8751829928075825,0.45,0.45,,,0.684,,,regime-trend-v1,0280f8fe79ac0eeb633dfffa91889cd77bfd030c,9.7701,2.7447392497712637,1,1787151614959
950,LINK,1787106370330,1787192770330,24,9.5091,1,0.21499257010971387,0.55,0.55,,,0.4,,,regime-trend-v1,0280f8fe79ac0eeb633dfffa91889cd77bfd030c,10.496,10.378479561683022,1,1787194813350
953,BTC,1787106385235,1787192785235,24,64379,1,0.11974744175919877,0.45,0.45,,,0.259,,,regime-trend-v1,0280f8fe79ac0eeb633dfffa91889cd77bfd030c,69297,7.6391369856630265,1,1787194813350
954,LINK,1787106386403,1787192786403,24,9.5119,1,0.2445013542424252,0.65,0.65,,,0.6,,,regime-trend-v1,0280f8fe79ac0eeb633dfffa91889cd77bfd030c,10.496,10.345987657565784,1,1787194813350
955,LINK,1787106386922,1787149586922,12,9.5119,1,0.9048861731695432,0.55,0.55,,,0.526,,,regime-trend-v1,0280f8fe79ac0eeb633dfffa91889cd77bfd030c,9.7701,2.7144944753414,1,1787151614959
956,BTC,1787106387273,1787192787273,24,64380,1,0.12130260334048708,0.65,0.65,,,0.519,,,regime-trend-v1,0280f8fe79ac0eeb633dfffa91889cd77bfd030c,69297,7.637465051258155,1,1787194813350
957,BTC,1787106387475,1787149587475,12,64380,0,0.17271157167530224,0.4,0.4,,,0.5,,,regime-trend-v1,0280f8fe79ac0eeb633dfffa91889cd77bfd030c,65932.5,2.411463187325256,1,1787151614959
958,LINK,1787106390524,1787192790524,24,9.5139,1,0.2655790571943458,0.75,0.75,,,0.65,,,regime-trend-v1,0280f8fe79ac0eeb633dfffa91889cd77bfd030c,10.496,10.322790863893891,1,1787194813350
959,LINK,1787108412497,1787194812497,24,9.5347,1,1.8697180465185925,0.75,0.75,,,0.65,,,regime-trend-v1,0280f8fe79ac0eeb633dfffa91889cd77bfd030c,10.496,10.082121094528402,1,1787194813350
960,BTC,1787108413464,1787151613464,12,64319.1,0,-0.6010076033875277,0.95,0.95,,,0.357,,,regime-trend-v1,0280f8fe79ac0eeb633dfffa91889cd77bfd030c,65932.5,2.5084306216971344,1,1787151614959
961,LINK,1787108413464,1787151613464,12,9.5347,1,0.7917714962261495,0.75,0.75,,,0.789,,,regime-trend-v1,0280f8fe79ac0eeb633dfffa91889cd77bfd030c,9.7701,2.4688768393342055,1,1787151614959
962,BTC,1787108413920,1787194813920,24,64319.1,1,0.3981955544455522,0.3165,0.3165,,,0.63,,,regime-trend-v1,0280f8fe79ac0eeb633dfffa91889cd77bfd030c,69297,7.739380681632675,1,1787205651796
963,LINK,1787116409004,1787159609004,12,9.61941,0,1.1866492752403555,0.8,0.8,,,0.789,,,regime-trend-v1,0280f8fe79ac0eeb633dfffa91889cd77bfd030c,9.98,3.7485667000366982,1,1787162414186
964,LINK,1787116409328,1787202809328,24,9.61941,1,2.774768422064811,0.48350000000000004,0.48350000000000004,,,0.9,,,regime-trend-v1,0280f8fe79ac0eeb633dfffa91889cd77bfd030c,10.455,8.686499483856077,1,1787205651796
965,BTC,1787116409902,1787159609902,12,64377,1,-0.7140653917334978,0.7165,0.7165,,,0.444,,,regime-trend-v1,0280f8fe79ac0eeb633dfffa91889cd77bfd030c,68171,5.893409136803516,1,1787162414186
966,BTC,1787116410169,1787202810169,24,64377,1,0.4885739260739261,0.25,0.25,,,0.111,,,regime-trend-v1,0280f8fe79ac0eeb633dfffa91889cd77bfd030c,69399,7.800922689780513,1,1787205652386
967,BTC,1787116416035,1787202816035,24,64376,1,0.487012987012987,0.3835,0.3835,,,0.519,,,regime-trend-v1,0280f8fe79ac0eeb633dfffa91889cd77bfd030c,69399,7.802597241207904,1,1787205652386
968,LINK,1787117453313,1787160653313,12,9.6226,1,1.2202049102728594,0.48350000000000004,0.48350000000000004,,,0.684,,,regime-trend-v1,0280f8fe79ac0eeb633dfffa91889cd77bfd030c,9.98,3.7141728846673474,1,1787162414186
970,BTC,1787117453917,1787203853917,24,64327,1,0.410526973026973,0.75,0.75,,,0.593,,,regime-trend-v1,0280f8fe79ac0eeb633dfffa91889cd77bfd030c,69399,7.8847140392059325,1,1787205652386
969,LINK,1787117453991,1787203853991,24,9.6226,1,2.8088507110270644,0.3835,0.3835,,,0.8,,,regime-trend-v1,0280f8fe79ac0eeb633dfffa91889cd77bfd030c,10.455,8.6504686882963,1,1787205652386
971,BTC,1787117454171,1787160654171,12,64327,1,-0.7911782850092536,0.5165,0.5165,,,0.333,,,regime-trend-v1,0280f8fe79ac0eeb633dfffa91889cd77bfd030c,68171,5.97571781677989,1,1787162414182
972,BTC,1787117458712,1787203858712,24,64321,1,0.4011613386613387,0.75,0.75,,,0.593,,,regime-trend-v1,0280f8fe79ac0eeb633dfffa91889cd77bfd030c,69399,7.894777755320968,1,1787205652386
973,LINK,1787117466891,1787203866891,24,9.6222,1,2.80457706977787,0.3835,0.3835,,,0.8,,,regime-trend-v1,0280f8fe79ac0eeb633dfffa91889cd77bfd030c,10.455,8.65498534638649,1,1787205652386
974,LINK,1787117467266,1787160667266,12,9.6222,1,1.2159973071339785,0.48350000000000004,0.48350000000000004,,,0.684,,,regime-trend-v1,0280f8fe79ac0eeb633dfffa91889cd77bfd030c,9.98,3.718484338301023,1,1787162414182
975,BTC,1787117467948,1787203867948,24,64321,1,0.4011613386613387,0.75,0.75,,,0.593,,,regime-trend-v1,0280f8fe79ac0eeb633dfffa91889cd77bfd030c,69399,7.894777755320968,1,1787205652386
976,BTC,1787117468150,1787160668150,12,64321,1,-0.8004318322023443,0.5165,0.5165,,,0.333,,,regime-trend-v1,0280f8fe79ac0eeb633dfffa91889cd77bfd030c,68171,5.985603457657686,1,1787162414182
977,LINK,1787117470895,1787203870895,24,9.62258,1,2.8086370289645943,0.3835,0.3835,,,0.8,,,regime-trend-v1,0280f8fe79ac0eeb633dfffa91889cd77bfd030c,10.455,8.650694512282579,1,1787205652386
978,LINK,1787117471761,1787160671761,12,9.6227,1,1.221256811057575,0.48350000000000004,0.48350000000000004,,,0.684,,,regime-trend-v1,0280f8fe79ac0eeb633dfffa91889cd77bfd030c,9.98,3.713095077265221,1,1787162414182
979,BTC,1787117473659,1787160673659,12,64318,1,-0.8050586057988895,0.5165,0.5165,,,0.333,,,regime-trend-v1,0280f8fe79ac0eeb633dfffa91889cd77bfd030c,68171,5.990546969744084,1,1787162414182
980,BTC,1787117473978,1787203873978,24,64318,1,0.3964785214785215,0.75,0.75,,,0.593,,,regime-trend-v1,0280f8fe79ac0eeb633dfffa91889cd77bfd030c,69399,7.899810317484997,1,1787205652386
981,LINK,1787117475571,1787203875571,24,9.6242,1,2.8259452760238037,0.45,0.45,,,0.9,,,regime-trend-v1,0280f8fe79ac0eeb633dfffa91889cd77bfd030c,10.455,8.632405810353069,1,1787205652386
982,LINK,1787119212215,1787205612215,24,9.607,1,1.9249784628181081,0.45,0.45,,,0.9,,,regime-trend-v1,0280f8fe79ac0eeb633dfffa91889cd77bfd030c,10.455,8.8268970542313,1,1787205652386
983,LINK,1787119212215,1787162412215,12,9.607,1,1.6452414960588264,0.55,0.55,,,0.526,,,regime-trend-v1,0280f8fe79ac0eeb633dfffa91889cd77bfd030c,9.98,3.8825856146559916,1,1787162414182
984,BTC,1787119212392,1787162412392,12,64217,1,-0.6436340569059149,0.5165,0.5165,,,0.333,,,regime-trend-v1,0280f8fe79ac0eeb633dfffa91889cd77bfd030c,68171,6.157248080726287,1,1787162414182
985,BTC,1787119212631,1787205612631,24,64217,1,0.0342705818210141,0.75,0.75,,,0.593,,,regime-trend-v1,0280f8fe79ac0eeb633dfffa91889cd77bfd030c,69399,8.069514303066166,1,1787205652386
986,LINK,1787130012627,1787173212627,12,9.785,1,3.345936925709223,0.607,0.5535,macro,disagree,0.667,,,regime-trend-v1,0280f8fe79ac0eeb633dfffa91889cd77bfd030c,10.596,8.288196218702094,1,1787173213825
987,LINK,1787130012844,1787216412844,24,9.785,1,3.55921978684898,0.5165,0.50825,macro,disagree,0.682,,,regime-trend-v1,0280f8fe79ac0eeb633dfffa91889cd77bfd030c,10.653,8.87072049054676,1,1787216452599
988,BTC,1787130013412,1787173213412,12,64386,1,-0.2447942488844819,0.45,0.35,macro,agree,0.55,,,regime-trend-v1,0280f8fe79ac0eeb633dfffa91889cd77bfd030c,69079,7.288851613704843,1,1787173213825
989,BTC,1787130013417,1787216413417,24,64386,1,0.23819532016253328,0.65,0.575,macro,disagree,0.5,,,regime-trend-v1,0280f8fe79ac0eeb633dfffa91889cd77bfd030c,71529,11.094026651756593,1,1787216452599
990,LINK,1787134754713,1787177954713,12,9.7353,1,2.8210219471494162,0.6165,0.55825,macro,disagree,0.667,,,regime-trend-v1,0280f8fe79ac0eeb633dfffa91889cd77bfd030c,10.54712,8.338931517261914,1,1787182094926
991,LINK,1787134754810,1787221154810,24,9.7353,1,3.0332215013705586,0.5165,0.50825,macro,disagree,0.682,,,regime-trend-v1,0280f8fe79ac0eeb633dfffa91889cd77bfd030c,10.603,8.912925128141909,1,1787223305199
992,BTC,1787134755324,1787221155324,24,64360,0,0.19771768405648188,0.867,0.867,,,0.286,,,regime-trend-v1,0280f8fe79ac0eeb633dfffa91889cd77bfd030c,71779,11.527346177750156,1,1787223305199
993,BTC,1787134755441,1787177955441,12,64360,0,-0.2850768468021814,0.4,0.4,,,0.6,,,regime-trend-v1,0280f8fe79ac0eeb633dfffa91889cd77bfd030c,69381,7.8014294592914855,1,1787182094926
994,BTC,1787134760051,1787221160051,24,64359,0,0.1961608518985568,0.867,0.867,,,0.286,,,regime-trend-v1,0280f8fe79ac0eeb633dfffa91889cd77bfd030c,71779,11.529079072080052,1,1787223305199
995,LINK,1787137120859,1787180320859,12,9.7811,0,3.304746414313184,0.6,0.6,,,0.667,,,regime-trend-v1,0280f8fe79ac0eeb633dfffa91889cd77bfd030c,10.54712,7.831634478739602,1,1787182094809
996,LINK,1787137121047,1787223521047,24,9.7811,0,3.5179442674653636,0.467,0.467,,,0.955,,,regime-trend-v1,0280f8fe79ac0eeb633dfffa91889cd77bfd030c,10.698,9.374201265706311,1,1787223931878
997,BTC,1787137121797,1787223521797,24,64399,1,0.258434138215559,0.6165,0.55825,macro,disagree,0.5,,,regime-trend-v1,0280f8fe79ac0eeb633dfffa91889cd77bfd030c,71883.8,11.622540722682034,1,1787223931878
998,BTC,1787137122601,1787180322601,12,64399,1,-0.22465294992563214,0.45,0.35,macro,agree,0.55,,,regime-trend-v1,0280f8fe79ac0eeb633dfffa91889cd77bfd030c,69381,7.7361449711952055,1,1787182094809
999,BTC,1787137127145,1787223527145,24,64399,0,0.258434138215559,0.733,0.733,,,0.571,,,regime-trend-v1,0280f8fe79ac0eeb633dfffa91889cd77bfd030c,71883.8,11.622540722682034,1,1787223931878
1000,LINK,1787137143238,1787223543238,24,9.7809,0,3.5158275741636444,0.6,0.6,,,0.364,,,regime-trend-v1,0280f8fe79ac0eeb633dfffa91889cd77bfd030c,10.698,9.376437751127192,1,1787223931878
1001,LINK,1787137150357,1787223550357,24,9.7812,0,3.5190026141162227,0.6,0.6,,,0.364,,,regime-trend-v1,0280f8fe79ac0eeb633dfffa91889cd77bfd030c,10.698,9.373083057293586,1,1787223931878
1002,LINK,1787137150641,1787180350641,12,9.7812,0,3.305802581272054,0.733,0.733,,,0.762,,,regime-trend-v1,0280f8fe79ac0eeb633dfffa91889cd77bfd030c,10.54712,7.830532041058351,1,1787182094809
1003,BTC,1787137150937,1787180350937,12,64406,0,-0.21380763510163608,0.4,0.4,,,0.6,,,regime-trend-v1,0280f8fe79ac0eeb633dfffa91889cd77bfd030c,69381,7.724435611588983,1,1787182094809
1004,BTC,1787137151176,1787223551176,24,64406,0,0.2693319633210344,0.667,0.667,,,0.571,,,regime-trend-v1,0280f8fe79ac0eeb633dfffa91889cd77bfd030c,71883.8,11.610408968108565,1,1787223931789
1005,LINK,1787137335899,1787180535899,12,9.7813,0,3.3068587482309244,0.6,0.6,,,0.667,,,regime-trend-v1,0280f8fe79ac0eeb633dfffa91889cd77bfd030c,10.54712,7.829429625918842,1,1787182094809
1006,LINK,1787137336586,1787223736586,24,9.7813,0,3.5200609607670823,0.533,0.533,,,0.682,,,regime-trend-v1,0280f8fe79ac0eeb633dfffa91889cd77bfd030c,10.698,9.37196487174507,1,1787223931789
1007,BTC,1787137337304,1787180537304,12,64429,0,-0.1781730292513634,0.4,0.4,,,0.6,,,regime-trend-v1,0280f8fe79ac0eeb633dfffa91889cd77bfd030c,69381,7.685979915876391,1,1787182094809
1008,BTC,1787137338174,1787223738174,24,64429,0,0.3051391029533106,0.667,0.667,,,0.571,,,regime-trend-v1,0280f8fe79ac0eeb633dfffa91889cd77bfd030c,71938,11.654689658383647,1,1787223931949
1009,LINK,1787137344158,1787180544158,12,9.77456,0,3.235673095202887,0.6,0.6,,,0.667,,,regime-trend-v1,0280f8fe79ac0eeb633dfffa91889cd77bfd030c,10.54712,7.903782881275479,1,1787182094809
1010,LINK,1787140812710,1787184012710,12,9.7611,0,2.3369189155186616,0.467,0.467,,,0.667,,,regime-trend-v1,0280f8fe79ac0eeb633dfffa91889cd77bfd030c,10.544,8.020612430976014,1,1787184013300
1011,LINK,1787140812909,1787227212909,24,9.7611,0,3.434682954380487,0.4,0.4,,,0.864,,,regime-trend-v1,0280f8fe79ac0eeb633dfffa91889cd77bfd030c,10.668,9.290961059716613,1,1787227251279
1013,BTC,1787140814015,1787227214015,24,64480,0,0.2674628351060521,0.733,0.733,,,0.571,,,regime-trend-v1,0280f8fe79ac0eeb633dfffa91889cd77bfd030c,71924,11.544665012406947,1,1787227251279
1012,BTC,1787140814160,1787184014160,12,64480,0,-0.3400309119010819,0.267,0.267,,,0.45,,,regime-trend-v1,0280f8fe79ac0eeb633dfffa91889cd77bfd030c,69314,7.496898263027295,1,1787185802838
1015,LINK,1787151613737,1787238013737,24,9.7701,1,3.280196198651132,0.55,0.525,macro,disagree,0.682,,,regime-trend-v1,0280f8fe79ac0eeb633dfffa91889cd77bfd030c,10.561,8.09510649839818,1,1787238052983
1014,LINK,1787151613925,1787194813925,12,9.7701,0,2.4688768393342055,0.95,0.95,,,0.824,,,regime-trend-v1,0280f8fe79ac0eeb633dfffa91889cd77bfd030c,10.496,7.429811363240921,1,1787205652386
1016,BTC,1787151614322,1787194814322,12,65932.5,0,2.5084306216971344,0.067,0.067,,,0.4,,,regime-trend-v1,0280f8fe79ac0eeb633dfffa91889cd77bfd030c,69297,5.102946194972131,1,1787205652386
1017,BTC,1787151614557,1787238014557,24,65932.5,1,1.8923471595475059,0.35,0.425,macro,disagree,0.643,,,regime-trend-v1,0280f8fe79ac0eeb633dfffa91889cd77bfd030c,71829,8.943237401888295,1,1787238052983
1018,LINK,1787152040137,1787238440137,24,9.8259,1,3.8700606778156112,0.55,0.525,macro,disagree,0.682,,,regime-trend-v1,0280f8fe79ac0eeb633dfffa91889cd77bfd030c,10.561,7.4812485370296775,1,1787248851742
1019,LINK,1787152040295,1787195240295,12,9.8259,0,3.0541076279274635,0.867,0.867,,,0.824,,,regime-trend-v1,0280f8fe79ac0eeb633dfffa91889cd77bfd030c,10.496,6.819731525865312,1,1787205652386
1020,BTC,1787152040379,1787195240379,12,66472,0,3.3472172340719966,0.133,0.133,,,0.4,,,regime-trend-v1,0280f8fe79ac0eeb633dfffa91889cd77bfd030c,69297,4.249909736430377,1,1787205652386
1021,BTC,1787152040662,1787238440662,24,66472,1,2.7260926006057984,0.2835,0.39175,macro,disagree,0.571,,,regime-trend-v1,0280f8fe79ac0eeb633dfffa91889cd77bfd030c,71829,8.059032374533638,1,1787248852053
1022,BTC,1787152045766,1787238445766,24,66481,1,2.7400012363231747,0.2835,0.39175,macro,disagree,0.571,,,regime-trend-v1,0280f8fe79ac0eeb633dfffa91889cd77bfd030c,71829,8.044403664204811,1,1787248852053
1023,LINK,1787152082567,1787195282567,12,9.81623,0,2.952688600585213,0.867,0.867,,,0.824,,,regime-trend-v1,0280f8fe79ac0eeb633dfffa91889cd77bfd030c,10.496,6.924959989731307,1,1787205652386
1025,BTC,1787152082638,1787238482638,24,66434,1,2.6673672497990975,0.2835,0.39175,macro,disagree,0.571,,,regime-trend-v1,0280f8fe79ac0eeb633dfffa91889cd77bfd030c,71829,8.120841737664449,1,1787248852053
1026,LINK,1787152082718,1787238482718,24,9.81623,1,3.7678386435231146,0.55,0.525,macro,disagree,0.682,,,regime-trend-v1,0280f8fe79ac0eeb633dfffa91889cd77bfd030c,10.561,7.587128663448197,1,1787248852053
1024,BTC,1787152082801,1787195282801,12,66434,0,3.288136805396844,0.133,0.133,,,0.4,,,regime-trend-v1,0280f8fe79ac0eeb633dfffa91889cd77bfd030c,69297,4.309540295631755,1,1787205652386
1027,LINK,1787152087972,1787238487972,24,9.8083,1,3.6840102327744733,0.6165,0.55825,macro,disagree,0.682,,,regime-trend-v1,0280f8fe79ac0eeb633dfffa91889cd77bfd030c,10.561,7.6741127412497665,1,1787248852053
1028,LINK,1787152094287,1787195294287,12,9.8086,0,2.8726651074496243,0.867,0.867,,,0.824,,,regime-trend-v1,0280f8fe79ac0eeb633dfffa91889cd77bfd030c,10.496,7.008135717635547,1,1787205652386
1029,LINK,1787152094516,1787238494516,24,9.8086,1,3.6871815471785947,0.5835,0.54175,macro,disagree,0.364,,,regime-trend-v1,0280f8fe79ac0eeb633dfffa91889cd77bfd030c,10.561,7.6708194849417835,1,1787248852053
1031,BTC,1787152095432,1787238495432,24,66382,1,2.5870062434320333,0.2835,0.39175,macro,disagree,0.571,,,regime-trend-v1,0280f8fe79ac0eeb633dfffa91889cd77bfd030c,71829,8.205537645747341,1,1787248852053
1030,BTC,1787152095580,1787195295580,12,66382,0,3.207289902999267,0.133,0.133,,,0.4,,,regime-trend-v1,0280f8fe79ac0eeb633dfffa91889cd77bfd030c,69297,4.391250640233799,1,1787205652386
1032,LINK,1787162413737,1787205613737,12,9.98,1,3.8825856146559916,0.75,0.85,macro,agree,0.762,,,regime-trend-v1,0280f8fe79ac0eeb633dfffa91889cd77bfd030c,10.455,4.7595190380761485,1,1787205652386
1033,BTC,1787162413737,1787248813737,24,68171,1,5.473983878204632,0.4165,0.3165,macro,agree,0.429,,,regime-trend-v1,0280f8fe79ac0eeb633dfffa91889cd77bfd030c,72797,6.7858766924352,1,1787248852053
1034,BTC,1787162413737,1787205613737,12,68171,1,6.157248080726287,0.3165,0.2165,macro,agree,0.45,,,regime-trend-v1,0280f8fe79ac0eeb633dfffa91889cd77bfd030c,69399,1.8013524812603599,1,1787205652386
1035,LINK,1787162413979,1787248813979,24,9.98,1,5.591705020367149,0.6165,0.7165,macro,agree,0.682,,,regime-trend-v1,0280f8fe79ac0eeb633dfffa91889cd77bfd030c,10.81374,8.354108216432854,1,1787248852053
1036,LINK,1787169235720,1787212435720,12,10.126,0,5.402310815030709,0.95,0.95,,,0.824,,,regime-trend-v1,0280f8fe79ac0eeb633dfffa91889cd77bfd030c,10.653,5.204424254394638,1,1787216452599
1037,LINK,1787169235934,1787255635934,24,10.126,1,7.136433370364494,0.6165,0.7165,macro,agree,0.682,,,regime-trend-v1,0280f8fe79ac0eeb633dfffa91889cd77bfd030c,10.634,5.0167884653367665,1,1787259653796
1038,BTC,1787169236602,1787212436602,12,68394,1,6.504508152046966,0.3165,0.2165,macro,agree,0.45,,,regime-trend-v1,0280f8fe79ac0eeb633dfffa91889cd77bfd030c,71529,4.583735415387315,1,1787216452599
1039,BTC,1787169237285,1787255637285,24,68394,1,5.819008865440255,0.4165,0.3165,macro,agree,0.429,,,regime-trend-v1,0280f8fe79ac0eeb633dfffa91889cd77bfd030c,72620,6.178904582273299,1,1787259653796
1040,BTC,1787169242294,1787255642294,24,68377,1,5.792706512153234,0.4165,0.3165,macro,agree,0.429,,,regime-trend-v1,0280f8fe79ac0eeb633dfffa91889cd77bfd030c,72620,6.205302952747268,1,1787259653951
1041,LINK,1787169254671,1787255654671,24,10.124,1,7.115272708035775,0.65,0.75,macro,agree,0.545,,,regime-trend-v1,0280f8fe79ac0eeb633dfffa91889cd77bfd030c,10.634,5.037534571315684,1,1787259653951
1042,LINK,1787169255255,1787212455255,12,10.124,1,5.381492661600929,0.75,0.85,macro,agree,0.762,,,regime-trend-v1,0280f8fe79ac0eeb633dfffa91889cd77bfd030c,10.653,5.225207427894111,1,1787216452599
1043,BTC,1787169255796,1787212455796,12,68380,1,6.482707071336251,0.3165,0.2165,macro,agree,0.45,,,regime-trend-v1,0280f8fe79ac0eeb633dfffa91889cd77bfd030c,71529,4.6051477040070194,1,1787216452599
1044,BTC,1787169256072,1787255656072,24,68380,1,5.797348103909767,0.4165,0.3165,macro,agree,0.429,,,regime-trend-v1,0280f8fe79ac0eeb633dfffa91889cd77bfd030c,72620,6.200643463000877,1,1787259653951
1045,LINK,1787169258844,1787255658844,24,10.123,1,7.104692376871396,0.65,0.75,macro,agree,0.545,,,regime-trend-v1,0280f8fe79ac0eeb633dfffa91889cd77bfd030c,10.634,5.047910698409573,1,1787259653796
1046,LINK,1787169276098,1787212476098,12,10.126,1,5.402310815030709,0.75,0.85,macro,agree,0.762,,,regime-trend-v1,0280f8fe79ac0eeb633dfffa91889cd77bfd030c,10.653,5.204424254394638,1,1787216452599
1047,LINK,1787169276365,1787255676365,24,10.126,1,7.136433370364494,0.65,0.75,macro,agree,0.545,,,regime-trend-v1,0280f8fe79ac0eeb633dfffa91889cd77bfd030c,10.634,5.0167884653367665,1,1787259653796
1048,BTC,1787169276881,1787212476881,12,68382,1,6.485821511437781,0.3165,0.2165,macro,agree,0.45,,,regime-trend-v1,0280f8fe79ac0eeb633dfffa91889cd77bfd030c,71529,4.602088268842678,1,1787216452599
1049,BTC,1787169277133,1787255677133,24,68382,1,5.800442498414123,0.4165,0.3165,macro,agree,0.429,,,regime-trend-v1,0280f8fe79ac0eeb633dfffa91889cd77bfd030c,72620,6.197537363633705,1,1787259653796
1050,LINK,1787169300005,1787212500005,12,10.137,1,5.516810658894569,0.75,0.85,macro,agree,0.762,,,regime-trend-v1,0280f8fe79ac0eeb633dfffa91889cd77bfd030c,10.653,5.090263391535958,1,1787216452599
1051,LINK,1787169300275,1787255700275,24,10.137,1,7.252817013172525,0.65,0.75,macro,agree,0.545,,,regime-trend-v1,0280f8fe79ac0eeb633dfffa91889cd77bfd030c,10.634,4.902831212390253,1,1787259653951
1052,BTC,1787169300537,1787255700537,24,68386,1,5.806631287422833,0.4165,0.3165,macro,agree,0.429,,,regime-trend-v1,0280f8fe79ac0eeb633dfffa91889cd77bfd030c,72620,6.191325709940631,1,1787259653951
1053,BTC,1787169301112,1787212501112,12,68386,1,6.492050391640842,0.3165,0.2165,macro,agree,0.45,,,regime-trend-v1,0280f8fe79ac0eeb633dfffa91889cd77bfd030c,71529,4.595969935366888,1,1787216452599
1054,LINK,1787169304536,1787212504536,12,10.137,1,5.516810658894569,0.75,0.85,macro,agree,0.762,,,regime-trend-v1,0280f8fe79ac0eeb633dfffa91889cd77bfd030c,10.653,5.090263391535958,1,1787216452599
1055,LINK,1787169304765,1787255704765,24,10.137,1,7.252817013172525,0.65,0.75,macro,agree,0.545,,,regime-trend-v1,0280f8fe79ac0eeb633dfffa91889cd77bfd030c,10.634,4.902831212390253,1,1787259653951
1056,BTC,1787169305833,1787255705833,24,68385,1,5.805084090170656,0.4165,0.3165,macro,agree,0.429,,,regime-trend-v1,0280f8fe79ac0eeb633dfffa91889cd77bfd030c,72620,6.192878555238722,1,1787259653951
1057,BTC,1787169306681,1787212506681,12,68385,1,6.490493171590077,0.3165,0.2165,macro,agree,0.45,,,regime-trend-v1,0280f8fe79ac0eeb633dfffa91889cd77bfd030c,71529,4.59749945163413,1,1787216452599
1059,BTC,1787169384903,1787255784903,24,68400,1,5.828292048953321,0.4165,0.3165,macro,agree,0.429,,,regime-trend-v1,0280f8fe79ac0eeb633dfffa91889cd77bfd030c,72620,6.169590643274854,1,1787259653951
1058,LINK,1787169385028,1787255785028,24,10.113,1,6.998889065227744,0.65,0.75,macro,agree,0.545,,,regime-trend-v1,0280f8fe79ac0eeb633dfffa91889cd77bfd030c,10.634,5.151784831405131,1,1787259653951
1060,LINK,1787169385286,1787212585286,12,10.113,1,5.266992817737069,0.75,0.85,macro,agree,0.762,,,regime-trend-v1,0280f8fe79ac0eeb633dfffa91889cd77bfd030c,10.653,5.3396618214179865,1,1787216452599
1061,BTC,1787169385883,1787212585883,12,68400,1,6.513851472351558,0.3165,0.2165,macro,agree,0.45,,,regime-trend-v1,0280f8fe79ac0eeb633dfffa91889cd77bfd030c,71529,4.574561403508772,1,1787216452599
1062,BTC,1787169390015,1787255790015,24,68402,1,5.831386443457676,0.4165,0.3165,macro,agree,0.429,,,regime-trend-v1,0280f8fe79ac0eeb633dfffa91889cd77bfd030c,72620,6.166486360047952,1,1787259653951
1063,LINK,1787169446500,1787255846500,24,10.104,1,6.903666084748451,0.6165,0.7165,macro,agree,0.682,,,regime-trend-v1,0280f8fe79ac0eeb633dfffa91889cd77bfd030c,10.634,5.245447347585126,1,1787259653951
1064,LINK,1787169446692,1787212646692,12,10.104,1,5.173311127303007,0.75,0.85,macro,agree,0.762,,,regime-trend-v1,0280f8fe79ac0eeb633dfffa91889cd77bfd030c,10.653,5.433491686460821,1,1787216452599
1065,BTC,1787169446803,1787212646803,12,68406.6,1,6.524129124686619,0.3165,0.2165,macro,agree,0.45,,,regime-trend-v1,0280f8fe79ac0eeb633dfffa91889cd77bfd030c,71529,4.564471849207523,1,1787216452599
1066,BTC,1787169447287,1787255847287,24,68406.6,1,5.838503550817703,0.4165,0.3165,macro,agree,0.429,,,regime-trend-v1,0280f8fe79ac0eeb633dfffa91889cd77bfd030c,72620,6.159347197492631,1,1787259653951
1067,LINK,1787169450500,1787255850500,24,10.104,1,6.903666084748451,0.6165,0.7165,macro,agree,0.682,,,regime-trend-v1,0280f8fe79ac0eeb633dfffa91889cd77bfd030c,10.634,5.245447347585126,1,1787259653951
1069,BTC,1787173212767,1787216412767,12,69079,1,7.288851613704843,0.3165,0.2165,macro,agree,0.45,,,regime-trend-v1,0280f8fe79ac0eeb633dfffa91889cd77bfd030c,71529,3.5466639644465032,1,1787216452599
1068,LINK,1787173212942,1787259612942,24,10.596,1,11.911450962168106,0.75,0.85,macro,agree,0.682,,,regime-trend-v1,0280f8fe79ac0eeb633dfffa91889cd77bfd030c,10.634,0.3586258965647438,1,1787259653951
1071,LINK,1787173213678,1787216413678,12,10.596,1,8.288196218702094,0.75,0.85,macro,agree,0.762,,,regime-trend-v1,0280f8fe79ac0eeb633dfffa91889cd77bfd030c,10.653,0.5379388448471157,1,1787216452599
1070,BTC,1787173214012,1787259614012,24,69079,1,7.026214675260288,0.75,0.85,macro,agree,0.571,,,regime-trend-v1,0280f8fe79ac0eeb633dfffa91889cd77bfd030c,72620,5.126015142083702,1,1787259653951
1072,BTC,1787182094070,1787268494070,24,69381,1,7.494112543381259,0.75,0.85,macro,agree,0.571,,,regime-trend-v1,0280f8fe79ac0eeb633dfffa91889cd77bfd030c,72930,5.115233277121979,1,1787270452829
1073,LINK,1787182094292,1787225294292,12,10.54712,1,7.903782881275479,0.75,0.85,macro,agree,0.762,,,regime-trend-v1,0280f8fe79ac0eeb633dfffa91889cd77bfd030c,10.692,1.3736451277694819,1,1787226445558
1075,BTC,1787182094312,1787225294312,12,69381,1,7.685979915876391,0.3165,0.2165,macro,agree,0.45,,,regime-trend-v1,0280f8fe79ac0eeb633dfffa91889cd77bfd030c,71928,3.671033856531327,1,1787226446092
1074,LINK,1787182094510,1787268494510,24,10.54712,1,11.395196552671049,0.75,0.85,macro,agree,0.682,,,regime-trend-v1,0280f8fe79ac0eeb633dfffa91889cd77bfd030c,10.657,1.0418009845341707,1,1787270452829
1076,BTC,1787184012623,1787270412623,24,69314,1,7.131375579598146,0.7165,0.8165,macro,agree,0.571,,,regime-trend-v1,0280f8fe79ac0eeb633dfffa91889cd77bfd030c,73069.2,5.4176645410739495,1,1787270452829
1077,LINK,1787184012667,1787227212667,12,10.544,1,8.020612430976014,0.7165,0.8165,macro,agree,0.667,,,regime-trend-v1,0280f8fe79ac0eeb633dfffa91889cd77bfd030c,10.668,1.176024279210914,1,1787227251279
1079,BTC,1787184012899,1787227212899,12,69314,1,7.496898263027295,0.35,0.24999999999999997,macro,agree,0.6,,,regime-trend-v1,0280f8fe79ac0eeb633dfffa91889cd77bfd030c,71924,3.7654730646045533,1,1787227251279
1078,LINK,1787184012917,1787270412917,24,10.544,1,10.544966555534595,0.65,0.75,macro,agree,0.545,,,regime-trend-v1,0280f8fe79ac0eeb633dfffa91889cd77bfd030c,10.707,1.5459028831562998,1,1787270452829
1080,BTC,1787185801486,1787272201486,24,69595,1,7.565687789799072,0.5165,0.6164999999999999,macro,agree,0.393,,,regime-trend-v1,0280f8fe79ac0eeb633dfffa91889cd77bfd030c,73069.2,4.9920252891730685,1,1787281251807
1081,LINK,1787185801955,1787272201955,24,10.58,1,10.922396259252274,0.5835,0.6835,macro,agree,0.364,,,regime-trend-v1,0280f8fe79ac0eeb633dfffa91889cd77bfd030c,10.707,1.2003780718336547,1,1787281252133
1082,LINK,1787185802026,1787229002026,12,10.58,1,8.389423323191025,0.6835,0.7835,macro,agree,0.667,,,regime-trend-v1,0280f8fe79ac0eeb633dfffa91889cd77bfd030c,10.589,0.0850661625708917,1,1787230494453
1083,BTC,1787185802182,1787229002182,12,69595,1,7.9326923076923075,0.6165,0.7165,macro,agree,0.5,,,regime-trend-v1,0280f8fe79ac0eeb633dfffa91889cd77bfd030c,71836,3.220058912278181,1,1787230494453
1084,BTC,1787185807532,1787272207532,24,69600,1,7.573415765069552,0.5165,0.6164999999999999,macro,agree,0.393,,,regime-trend-v1,0280f8fe79ac0eeb633dfffa91889cd77bfd030c,73069.2,4.984482758620685,1,1787281252133
1085,LINK,1787185840394,1787272240394,24,10.598,1,11.111111111111121,0.55,0.65,macro,agree,0.682,,,regime-trend-v1,0280f8fe79ac0eeb633dfffa91889cd77bfd030c,10.707,1.028495942630685,1,1787281252133
1086,LINK,1787185840736,1787229040736,12,10.598,1,8.573828769298542,0.6835,0.7835,macro,agree,0.667,,,regime-trend-v1,0280f8fe79ac0eeb633dfffa91889cd77bfd030c,10.589,-0.08492168333648178,0,1787230494453
1087,BTC,1787185840967,1787229040967,12,69566,1,7.887717121588089,0.6165,0.7165,macro,agree,0.5,,,regime-trend-v1,0280f8fe79ac0eeb633dfffa91889cd77bfd030c,71836,3.263088290256735,1,1787230494453
1088,BTC,1787185841225,1787272241225,24,69566,1,7.520865533230293,0.5165,0.6164999999999999,macro,agree,0.393,,,regime-trend-v1,0280f8fe79ac0eeb633dfffa91889cd77bfd030c,73069.2,5.035793347324838,1,1787281252133
1089,LINK,1787185844494,1787272244494,24,10.597,1,11.100626952674506,0.55,0.65,macro,agree,0.682,,,regime-trend-v1,0280f8fe79ac0eeb633dfffa91889cd77bfd030c,10.707,1.0380296310276607,1,1787281252133
1090,LINK,1787185863609,1787272263609,24,10.597,1,11.100626952674506,0.55,0.65,macro,agree,0.682,,,regime-trend-v1,0280f8fe79ac0eeb633dfffa91889cd77bfd030c,10.707,1.0380296310276607,1,1787281252133
1091,LINK,1787185863855,1787229063855,12,10.597,1,8.563584022292556,0.7165,0.8165,macro,agree,0.667,,,regime-trend-v1,0280f8fe79ac0eeb633dfffa91889cd77bfd030c,10.589,-0.07549306407472982,0,1787230494453
1092,BTC,1787185864490,1787229064490,12,69531,1,7.833436724565757,0.6165,0.7165,macro,agree,0.5,,,regime-trend-v1,0280f8fe79ac0eeb633dfffa91889cd77bfd030c,71836,3.3150680991212553,1,1787230494453
1093,BTC,1787185864756,1787272264756,24,69531,1,7.46676970633694,0.5165,0.6164999999999999,macro,agree,0.393,,,regime-trend-v1,0280f8fe79ac0eeb633dfffa91889cd77bfd030c,73069.2,5.088665487336579,1,1787281252133
1094,BTC,1787185869638,1787272269638,24,69529,1,7.4636785162287484,0.5165,0.6164999999999999,macro,agree,0.393,,,regime-trend-v1,0280f8fe79ac0eeb633dfffa91889cd77bfd030c,73069.2,5.091688360252553,1,1787281252133
1095,LINK,1787185881282,1787229081282,12,10.589,1,8.481626046244784,0.6835,0.7835,macro,agree,0.667,,,regime-trend-v1,0280f8fe79ac0eeb633dfffa91889cd77bfd030c,10.589,0,0,1787230494453
1096,LINK,1787185881503,1787272281503,24,10.589,1,11.016753685181698,0.55,0.65,macro,agree,0.682,,,regime-trend-v1,0280f8fe79ac0eeb633dfffa91889cd77bfd030c,10.707,1.114363962602704,1,1787281252353
1097,BTC,1787185882114,1787272282114,24,69528,1,7.4621329211746525,0.5165,0.6164999999999999,macro,agree,0.393,,,regime-trend-v1,0280f8fe79ac0eeb633dfffa91889cd77bfd030c,73069.2,5.093199861926126,1,1787281252133
1098,BTC,1787185882337,1787229082337,12,69528,1,7.828784119106699,0.6165,0.7165,macro,agree,0.5,,,regime-trend-v1,0280f8fe79ac0eeb633dfffa91889cd77bfd030c,71836,3.319525946381314,1,1787230494453
1099,LINK,1787185887473,1787272287473,24,10.587,1,10.995785368308486,0.55,0.65,macro,agree,0.682,,,regime-trend-v1,0280f8fe79ac0eeb633dfffa91889cd77bfd030c,10.707,1.1334655709832908,1,1787281252133
1100,BTC,1787188290415,1787274690415,24,69285,1,7.086553323029367,0.55,0.65,macro,agree,0.393,,,regime-trend-v1,0280f8fe79ac0eeb633dfffa91889cd77bfd030c,73069.2,5.461788265858407,1,1787281252133
1101,LINK,1787188290590,1787231490590,12,10.472,1,7.2829906465459695,0.75,0.85,macro,agree,0.762,,,regime-trend-v1,0280f8fe79ac0eeb633dfffa91889cd77bfd030c,10.589,1.1172650878533317,1,1787238052983
1102,LINK,1787188290832,1787274690832,24,10.472,1,9.790107148099219,0.65,0.75,macro,agree,0.545,,,regime-trend-v1,0280f8fe79ac0eeb633dfffa91889cd77bfd030c,10.707,2.2440794499618146,1,1787281252133
1103,BTC,1787188291530,1787231491530,12,69285,1,7.451923076923077,0.5835,0.6835,macro,agree,0.35,,,regime-trend-v1,0280f8fe79ac0eeb633dfffa91889cd77bfd030c,71853,3.706429963195497,1,1787238052983
1104,BTC,1787188295464,1787274695464,24,69287,1,7.089644513137558,0.55,0.65,macro,agree,0.393,,,regime-trend-v1,0280f8fe79ac0eeb633dfffa91889cd77bfd030c,73069.2,5.4587440645431275,1,1787281252133
1105,LINK,1787188325617,1787231525617,12,10.489,0,7.457151345647518,0.6,0.6,,,0.667,,,regime-trend-v1,0280f8fe79ac0eeb633dfffa91889cd77bfd030c,10.589,0.9533797311469123,1,1787238052983
1106,LINK,1787194812869,1787238012869,12,10.496,0,7.429811363240921,0.867,0.867,,,0.824,,,,,10.561,0.6192835365853611,1,1787238052983
1107,LINK,1787194812882,1787281212882,24,10.496,0,10.082121094528402,0.95,0.95,,,0.714,,,,,10.887,3.7252286585365857,1,1787281252133
1109,BTC,1787194813065,1787281213065,24,69297,1,7.739380681632675,0.65,0.75,macro,agree,0.5,,,,,74415,7.385601108273085,1,1787281252133
1108,BTC,1787194813325,1787238013325,12,69297,1,5.102946194972131,0.65,0.75,macro,agree,0.5,,,,,71829,3.6538378284774233,1,1787238052983
1110,LINK,1787205651583,1787248851583,12,10.455,1,4.7595190380761485,0.75,0.85,macro,agree,0.762,,,regime-trend-v1,286bd281dbb46111a9d164712b596f0fd22ccfac,10.81374,3.431276901004296,1,1787248852053
1111,LINK,1787205651695,1787292051695,24,10.455,1,8.8268970542313,0.75,0.85,macro,agree,0.682,,,regime-trend-v1,286bd281dbb46111a9d164712b596f0fd22ccfac,10.943,4.667623146819699,1,1787292051819
1112,BTC,1787205651945,1787292051945,24,69399,1,8.069514303066166,0.75,0.85,macro,agree,0.571,,,regime-trend-v1,286bd281dbb46111a9d164712b596f0fd22ccfac,75404,8.65286243317627,1,1787302851180
1113,BTC,1787205652115,1787248852115,12,69399,1,1.8013524812603599,0.75,0.85,macro,agree,0.6,,,regime-trend-v1,286bd281dbb46111a9d164712b596f0fd22ccfac,72797,4.896324154526723,1,1787259653951
1114,LINK,1787208079886,1787294479886,24,10.545,1,9.763713958571882,0.75,0.85,macro,agree,0.682,,,regime-trend-v1,286bd281dbb46111a9d164712b596f0fd22ccfac,10.943,3.7743006164058768,1,1787302851667
1115,LINK,1787208080612,1787251280612,12,10.545,1,5.661322645290576,0.6835,0.7835,macro,agree,0.667,,,regime-trend-v1,286bd281dbb46111a9d164712b596f0fd22ccfac,10.81374,2.5485064011379737,1,1787259653951
1116,BTC,1787208080944,1787294480944,24,69754,1,8.622327421087874,0.75,0.85,macro,agree,0.571,,,regime-trend-v1,286bd281dbb46111a9d164712b596f0fd22ccfac,75404,8.099893912893883,1,1787302851667
1117,BTC,1787208081545,1787251281545,12,69754,1,2.3221017734813927,0.75,0.85,macro,agree,0.6,,,regime-trend-v1,286bd281dbb46111a9d164712b596f0fd22ccfac,72797,4.362473836625857,1,1787259653951
1121,BTC,1787216452187,1787302852187,24,71529,1,11.094026651756593,0.5165,0.6164999999999999,macro,agree,0.419,,,regime-trend-v1,286bd281dbb46111a9d164712b596f0fd22ccfac,78658,9.966586978707937,1,1787309141048
1120,BTC,1787216452308,1787259652308,12,71529,1,3.5466639644465032,0.75,0.85,macro,agree,0.5,,,regime-trend-v1,286bd281dbb46111a9d164712b596f0fd22ccfac,72620,1.5252554907799634,1,1787259653951
1118,LINK,1787216452323,1787302852323,24,10.653,0,8.87072049054676,0.467,0.467,,,0.92,,,regime-trend-v1,286bd281dbb46111a9d164712b596f0fd22ccfac,11.69,9.734347132263203,1,1787309141048
1119,LINK,1787216452470,1787259652470,12,10.653,0,0.5379388448471157,0.333,0.333,,,0.792,,,regime-trend-v1,286bd281dbb46111a9d164712b596f0fd22ccfac,10.634,-0.1783535154416608,0,1787259653951
1122,LINK,1787216904247,1787260104247,12,10.662,0,0.6228765571913998,0.533,0.533,,,0.542,,,regime-trend-v1,286bd281dbb46111a9d164712b596f0fd22ccfac,10.634,-0.2626148940161364,0,1787267802443
1123,LINK,1787216904301,1787303304301,24,10.662,0,8.962698007153813,0.067,0.067,,,0.88,,,regime-trend-v1,286bd281dbb46111a9d164712b596f0fd22ccfac,11.69,9.64171825173512,1,1787309141048
1124,BTC,1787216904395,1787303304395,24,71664,1,11.303699562016588,0.5165,0.6164999999999999,macro,agree,0.419,,,regime-trend-v1,286bd281dbb46111a9d164712b596f0fd22ccfac,78658,9.759432909131503,1,1787309141048
1125,BTC,1787216905080,1787260105080,12,71664,1,3.742092386977229,0.75,0.85,macro,agree,0.5,,,regime-trend-v1,286bd281dbb46111a9d164712b596f0fd22ccfac,72620,1.3340031256977005,1,1787267803358
1126,BTC,1787216913340,1787303313340,24,71737,1,11.417078246823843,0.5165,0.6164999999999999,macro,agree,0.419,,,regime-trend-v1,286bd281dbb46111a9d164712b596f0fd22ccfac,78658,9.647741054128273,1,1787309141048
1128,BTC,1787220107731,1787306507731,24,71725,1,11.398440654800734,0.45,0.35,macro,agree,0.613,,,regime-trend-v1,286bd281dbb46111a9d164712b596f0fd22ccfac,77896,8.603694667131405,1,1787309141048
1127,LINK,1787220107807,1787306507807,24,10.585,1,8.17577925396015,0.55,0.65,macro,agree,0.4,,,regime-trend-v1,286bd281dbb46111a9d164712b596f0fd22ccfac,11.442,8.096362777515345,1,1787309141048
1129,LINK,1787220108083,1787263308083,12,10.585,1,-0.10381275953189159,0.48350000000000004,0.49175,macro,disagree,0.792,,,regime-trend-v1,286bd281dbb46111a9d164712b596f0fd22ccfac,10.634,0.46291922531884255,1,1787267803877
1130,BTC,1787220108642,1787263308642,12,71725,1,3.8303970816022237,0.65,0.75,macro,agree,0.5,,,regime-trend-v1,286bd281dbb46111a9d164712b596f0fd22ccfac,72620,1.247821540606483,1,1787267803877
1131,BTC,1787220116340,1787306516340,24,71735,1,11.41397198148666,0.48350000000000004,0.38350000000000006,macro,agree,0.613,,,regime-trend-v1,286bd281dbb46111a9d164712b596f0fd22ccfac,77896,8.588555098626891,1,1787309141048
1132,BTC,1787220239545,1787263439545,12,71814,1,3.9592350786780353,0.65,0.75,macro,agree,0.5,,,regime-trend-v1,286bd281dbb46111a9d164712b596f0fd22ccfac,72620,1.1223438326788648,1,1787267803877
1134,LINK,1787220240150,1787263440150,12,10.593,1,-0.02831257078142803,0.6165,0.55825,macro,disagree,0.667,,,regime-trend-v1,286bd281dbb46111a9d164712b596f0fd22ccfac,10.634,0.38704805059945596,1,1787267803877
1133,LINK,1787220240316,1787306640316,24,10.593,1,8.257537046499742,0.6835,0.7835,macro,agree,0.68,,,regime-trend-v1,286bd281dbb46111a9d164712b596f0fd22ccfac,11.442,8.014726706315493,1,1787309141048
1135,BTC,1787220240378,1787306640378,24,71814,1,11.53666946230547,0.48350000000000004,0.38350000000000006,macro,agree,0.613,,,regime-trend-v1,286bd281dbb46111a9d164712b596f0fd22ccfac,77896,8.469100732447712,1,1787309141048
1136,BTC,1787220249098,1787306649098,24,71829,1,11.559966452334358,0.48350000000000004,0.38350000000000006,macro,agree,0.613,,,regime-trend-v1,286bd281dbb46111a9d164712b596f0fd22ccfac,77896,8.446449205752552,1,1787309141048
1137,LINK,1787220251202,1787263451202,12,10.603,1,0.0660626651566598,0.6165,0.7165,macro,agree,0.667,,,regime-trend-v1,286bd281dbb46111a9d164712b596f0fd22ccfac,10.634,0.2923700839385135,1,1787267803877
1138,LINK,1787220251407,1787306651407,24,10.603,1,8.359734287174241,0.6835,0.7835,macro,agree,0.68,,,regime-trend-v1,286bd281dbb46111a9d164712b596f0fd22ccfac,11.442,7.912854852400268,1,1787309141048
1139,BTC,1787220252070,1787263452070,12,71829,1,3.980949347848116,0.65,0.75,macro,agree,0.5,,,regime-trend-v1,286bd281dbb46111a9d164712b596f0fd22ccfac,72620,1.1012265241058625,1,1787267803358
1140,BTC,1787220258363,1787306658363,24,71833,1,11.56617898300873,0.45,0.35,macro,agree,0.613,,,regime-trend-v1,286bd281dbb46111a9d164712b596f0fd22ccfac,77896,8.440410396335945,1,1787309141048
1141,BTC,1787220266866,1787306666866,24,71779,1,11.48230981890473,0.45,0.35,macro,agree,0.613,,,regime-trend-v1,286bd281dbb46111a9d164712b596f0fd22ccfac,77896,8.521991111606459,1,1787309141048
1142,BTC,1787223304517,1787309704517,24,71910,1,11.7326248077192,0.45,0.35,macro,agree,0.613,,,regime-trend-v1,286bd281dbb46111a9d164712b596f0fd22ccfac,78007,8.478653872896677,1,1787313651896
1143,BTC,1787223312525,1787309712525,24,71897,1,11.712425612579437,0.45,0.35,macro,agree,0.613,,,regime-trend-v1,286bd281dbb46111a9d164712b596f0fd22ccfac,78007,8.498268356120562,1,1787313651896
1144,BTC,1787223327340,1787309727340,24,71883.8,1,11.691915660591375,0.45,0.35,macro,agree,0.613,,,regime-trend-v1,286bd281dbb46111a9d164712b596f0fd22ccfac,78007,8.518191859640137,1,1787313651896
1146,BTC,1787223931260,1787267131260,12,71938,1,4.138739703817369,0.6835,0.7835,macro,agree,0.5,,,regime-trend-v1,286bd281dbb46111a9d164712b596f0fd22ccfac,72942,1.395646250938308,1,1787267803358
1145,LINK,1787223931299,1787267131299,12,10.698,1,0.9626274065685194,0.6165,0.7165,macro,agree,0.667,,,regime-trend-v1,286bd281dbb46111a9d164712b596f0fd22ccfac,10.635,-0.5888951205832923,0,1787267803358
1147,BTC,1787223931366,1787310331366,24,71938,1,11.654689658383647,0.4165,0.3165,macro,agree,0.387,,,regime-trend-v1,286bd281dbb46111a9d164712b596f0fd22ccfac,78007,8.436431371458756,1,1787313653455
1148,LINK,1787223931491,1787310331491,24,10.698,1,9.447381774729514,0.6835,0.7835,macro,agree,0.68,,,regime-trend-v1,286bd281dbb46111a9d164712b596f0fd22ccfac,11.446,6.991961114226952,1,1787313653455
1149,BTC,1787223944045,1787310344045,24,71925,1,11.634512409008366,0.4165,0.3165,macro,agree,0.387,,,regime-trend-v1,286bd281dbb46111a9d164712b596f0fd22ccfac,78007,8.456030587417448,1,1787313653455
1150,LINK,1787224070882,1787267270882,12,10.692,1,0.9060022650056633,0.6165,0.7165,macro,agree,0.667,,,regime-trend-v1,286bd281dbb46111a9d164712b596f0fd22ccfac,10.635,-0.5331088664422033,0,1787267803877
1151,LINK,1787224071517,1787310471517,24,10.692,1,9.38599793750308,0.5165,0.6164999999999999,macro,agree,0.8,,,regime-trend-v1,286bd281dbb46111a9d164712b596f0fd22ccfac,11.446,7.0520014964459365,1,1787313653455
1152,BTC,1787224072115,1787267272115,12,71879,1,4.053330245081718,0.6835,0.7835,macro,agree,0.5,,,regime-trend-v1,286bd281dbb46111a9d164712b596f0fd22ccfac,72942,1.4788742191738895,1,1787267803877
1153,BTC,1787224072403,1787310472403,24,71879,1,11.563115988141986,0.4165,0.3165,macro,agree,0.387,,,regime-trend-v1,286bd281dbb46111a9d164712b596f0fd22ccfac,78007,8.525438584287484,1,1787313653455
1154,LINK,1787224079778,1787310479778,24,10.68899,1,9.355203712494488,0.5165,0.6164999999999999,macro,agree,0.8,,,regime-trend-v1,286bd281dbb46111a9d164712b596f0fd22ccfac,11.446,7.082147143930337,1,1787313653455
1155,LINK,1787224130015,1787310530015,24,10.69405,1,9.40697074855545,0.48350000000000004,0.38350000000000006,macro,agree,0.92,,,regime-trend-v1,286bd281dbb46111a9d164712b596f0fd22ccfac,11.446,7.031480122123974,1,1787313653455
1156,LINK,1787224130042,1787267330042,12,10.69405,1,0.9253491883729769,0.5165,0.6164999999999999,macro,agree,0.542,,,regime-trend-v1,286bd281dbb46111a9d164712b596f0fd22ccfac,10.635,-0.5521762101355514,0,1787267803877
1157,BTC,1787224130691,1787267330691,12,71971,1,4.186511095991546,0.6835,0.7835,macro,agree,0.5,,,regime-trend-v1,286bd281dbb46111a9d164712b596f0fd22ccfac,72942,1.3491545205707853,1,1787267803358
1158,BTC,1787224130921,1787310530921,24,71971,1,11.705908829874746,0.4165,0.3165,macro,agree,0.387,,,regime-trend-v1,286bd281dbb46111a9d164712b596f0fd22ccfac,78007,8.386711314279363,1,1787313653455
1159,LINK,1787224154675,1787310554675,24,10.692,1,9.38599793750308,0.48350000000000004,0.38350000000000006,macro,agree,0.92,,,regime-trend-v1,286bd281dbb46111a9d164712b596f0fd22ccfac,11.446,7.0520014964459365,1,1787313653455
1160,LINK,1787226444882,1787312844882,24,10.743,1,9.90776055392776,0.5165,0.6164999999999999,macro,agree,0.8,,,regime-trend-v1,286bd281dbb46111a9d164712b596f0fd22ccfac,11.275,4.952061807688728,1,1787313653455
1162,BTC,1787226444934,1787312844934,24,72211,1,12.078411895264555,0.45,0.35,macro,agree,0.613,,,regime-trend-v1,286bd281dbb46111a9d164712b596f0fd22ccfac,76721,6.2455858525709385,1,1787313653455
1161,LINK,1787226445238,1787269645238,12,10.743,1,1.6848083293895015,0.48350000000000004,0.38350000000000006,macro,agree,0.792,,,regime-trend-v1,286bd281dbb46111a9d164712b596f0fd22ccfac,10.707,-0.3351019268360754,0,1787270452829
1163,BTC,1787226445465,1787269645465,12,72211,1,4.115692112491258,0.75,0.85,macro,agree,0.5,,,regime-trend-v1,286bd281dbb46111a9d164712b596f0fd22ccfac,73069.2,1.1884615917242485,1,1787270452829
1164,BTC,1787226454751,1787312854751,24,72198,1,12.058234645889273,0.45,0.35,macro,agree,0.613,,,regime-trend-v1,286bd281dbb46111a9d164712b596f0fd22ccfac,76721,6.264716474140558,1,1787313653455
1165,LINK,1787227251007,1787270451007,12,10.668,1,1.176024279210914,0.48350000000000004,0.38350000000000006,macro,agree,0.792,,,regime-trend-v1,286bd281dbb46111a9d164712b596f0fd22ccfac,10.707,0.3655793025871905,1,1787270452646
1168,LINK,1787227251167,1787313651167,24,10.668,1,9.290961059716613,0.5835,0.6835,macro,agree,0.4,,,regime-trend-v1,286bd281dbb46111a9d164712b596f0fd22ccfac,11.275,5.6899137607799135,1,1787313653455
1166,BTC,1787227251362,1787270451362,12,71924,1,3.7654730646045533,0.45,0.35,macro,agree,0.682,,,regime-trend-v1,286bd281dbb46111a9d164712b596f0fd22ccfac,73069.2,1.5922362493743354,1,1787270452829
1167,BTC,1787227252619,1787313652619,24,71924,1,11.544665012406947,0.35,0.24999999999999997,macro,agree,0.774,,,regime-trend-v1,286bd281dbb46111a9d164712b596f0fd22ccfac,76721,6.6695400700739675,1,1787313653455
1169,LINK,1787230494086,1787316894086,24,10.589,1,8.481626046244784,0.6165,0.7165,macro,agree,0.6,,,regime-trend-v1,286bd281dbb46111a9d164712b596f0fd22ccfac,11.275,6.478421002927566,1,1787324451513
1172,LINK,1787230494123,1787273694123,12,10.589,1,0.018891092849727665,0.55,0.65,macro,agree,0.542,,,regime-trend-v1,286bd281dbb46111a9d164712b596f0fd22ccfac,10.707,1.114363962602704,1,1787281252133
1170,BTC,1787230495213,1787316895213,24,71836,1,11.408188585607942,0.3835,0.2835,macro,agree,0.774,,,regime-trend-v1,286bd281dbb46111a9d164712b596f0fd22ccfac,76721,6.800211593073111,1,1787324451513
1171,BTC,1787230495347,1787273695347,12,71836,1,3.319525946381314,0.4165,0.3165,macro,agree,0.682,,,regime-trend-v1,286bd281dbb46111a9d164712b596f0fd22ccfac,73069.2,1.7166880115819325,1,1787281252133
1173,BTC,1787230508710,1787316908710,24,71853,1,11.43455334987593,0.3165,0.2165,macro,agree,0.613,,,regime-trend-v1,286bd281dbb46111a9d164712b596f0fd22ccfac,76721,6.774943286988713,1,1787324452726
1174,LINK,1787238052722,1787324452722,24,10.561,1,8.09510649839818,0.55,0.65,macro,agree,0.4,,,regime-trend-v1,286bd281dbb46111a9d164712b596f0fd22ccfac,11.529,9.165798693305558,1,1787324452726
1175,LINK,1787238052722,1787281252722,12,10.561,1,0.6192835365853611,0.48350000000000004,0.38350000000000006,macro,agree,0.792,,,regime-trend-v1,286bd281dbb46111a9d164712b596f0fd22ccfac,10.887,3.0868288987785295,1,1787281313892
1177,BTC,1787238052722,1787324452722,24,71829,1,8.943237401888295,0.3165,0.2165,macro,agree,0.613,,,regime-trend-v1,286bd281dbb46111a9d164712b596f0fd22ccfac,77377,7.723899817622409,1,1787324452726
1176,BTC,1787238052737,1787281252737,12,71829,1,3.6538378284774233,0.3165,0.2165,macro,agree,0.455,,,regime-trend-v1,286bd281dbb46111a9d164712b596f0fd22ccfac,74415,3.6002171824750446,1,1787281314383
1178,LINK,1787248851414,1787335251414,24,10.81374,1,8.354108216432854,0.55,0.65,macro,agree,0.4,,,regime-trend-v1,286bd281dbb46111a9d164712b596f0fd22ccfac,11.63,7.548359771919813,1,1787335251862
1179,LINK,1787248851535,1787292051535,12,10.81374,1,3.431276901004296,0.65,0.75,macro,agree,0.667,,,regime-trend-v1,286bd281dbb46111a9d164712b596f0fd22ccfac,10.943,1.195331125031676,1,1787292051819
1180,BTC,1787248851742,1787292051742,12,72797,1,4.896324154526723,0.75,0.85,macro,agree,0.5,,,regime-trend-v1,286bd281dbb46111a9d164712b596f0fd22ccfac,75404,3.5811915326181025,1,1787292051819
1181,BTC,1787248851742,1787335251742,24,72797,1,6.7858766924352,0.6165,0.7165,macro,agree,0.581,,,regime-trend-v1,286bd281dbb46111a9d164712b596f0fd22ccfac,77426,6.358778521092902,1,1787335252696
1182,LINK,1787259652351,1787346052351,24,10.634,0,0.3586258965647438,0.6,0.6,,,0.4,,,regime-trend-v1,286bd281dbb46111a9d164712b596f0fd22ccfac,11.882,11.735941320293392,1,1787356851984
1183,LINK,1787259652507,1787302852507,12,10.634,0,-0.1783535154416608,0.6,0.6,,,0.583,,,regime-trend-v1,286bd281dbb46111a9d164712b596f0fd22ccfac,11.69,9.930411886402098,1,1787309141048
1184,BTC,1787259652607,1787346052607,24,72620,0,5.126015142083702,0.2,0.2,,,0.226,,,regime-trend-v1,286bd281dbb46111a9d164712b596f0fd22ccfac,77464,6.670338749655742,1,1787356851984
1185,BTC,1787259653780,1787302853780,12,72620,0,1.5252554907799634,0.571,0.571,,,0.364,,,regime-trend-v1,286bd281dbb46111a9d164712b596f0fd22ccfac,78658,8.31451390801432,1,1787309141048
1186,LINK,1787267801738,1787354201738,24,10.635,1,0.36806342015854754,0.5835,0.5835,,,0.4,,,regime-trend-v1,286bd281dbb46111a9d164712b596f0fd22ccfac,11.986,12.703338034790793,1,1787356851984
1187,LINK,1787267801951,1787311001951,12,10.635,1,-0.5331088664422033,0.65,0.65,,,0.667,,,regime-trend-v1,286bd281dbb46111a9d164712b596f0fd22ccfac,11.446,7.625763986835919,1,1787313653455
1188,BTC,1787267802567,1787311002567,12,72942,1,1.409743076409743,0.75,0.75,,,0.5,,,regime-trend-v1,286bd281dbb46111a9d164712b596f0fd22ccfac,78007,6.943873214334677,1,1787313653455
1189,BTC,1787267803236,1787354203236,24,72942,1,5.5921481202680985,0.6835,0.6835,,,0.613,,,regime-trend-v1,286bd281dbb46111a9d164712b596f0fd22ccfac,78336,7.394916509007156,1,1787356851984
1190,LINK,1787267817075,1787354217075,24,10.635,1,0.36806342015854754,0.48350000000000004,0.48350000000000004,,,0.92,,,regime-trend-v1,286bd281dbb46111a9d164712b596f0fd22ccfac,11.986,12.703338034790793,1,1787356851984
1191,LINK,1787267817304,1787311017304,12,10.635,1,-0.5331088664422033,0.55,0.55,,,0.542,,,regime-trend-v1,286bd281dbb46111a9d164712b596f0fd22ccfac,11.446,7.625763986835919,1,1787313653455
1192,BTC,1787267818443,1787311018443,12,72946.5,1,1.4159993326659994,0.6835,0.6835,,,0.5,,,regime-trend-v1,286bd281dbb46111a9d164712b596f0fd22ccfac,78007,6.937275948811801,1,1787313653455
1193,BTC,1787267819103,1787354219103,24,72946.5,1,5.598662401019123,0.55,0.55,,,0.419,,,regime-trend-v1,286bd281dbb46111a9d164712b596f0fd22ccfac,78336,7.38829141905369,1,1787356851984
1194,LINK,1787267825727,1787354225727,24,10.63407,1,0.3592865232163022,0.48350000000000004,0.48350000000000004,,,0.92,,,regime-trend-v1,286bd281dbb46111a9d164712b596f0fd22ccfac,11.986,12.71319447774936,1,1787356851984
1195,LINK,1787267932284,1787354332284,24,10.654,1,0.5473763684409194,0.55,0.55,,,0.4,,,regime-trend-v1,286bd281dbb46111a9d164712b596f0fd22ccfac,11.986,12.502346536512116,1,1787356851984
1196,LINK,1787267932508,1787311132508,12,10.654,1,-0.3554059109614689,0.65,0.65,,,0.667,,,regime-trend-v1,286bd281dbb46111a9d164712b596f0fd22ccfac,11.446,7.433827670358549,1,1787313653455
1197,BTC,1787267932791,1787354332791,24,72930,1,5.5747767049320345,0.55,0.55,,,0.419,,,regime-trend-v1,286bd281dbb46111a9d164712b596f0fd22ccfac,78336,7.4125874125874125,1,1787356851984
1198,BTC,1787267933039,1787311133039,12,72930,1,1.3930597263930597,0.6835,0.6835,,,0.5,,,regime-trend-v1,286bd281dbb46111a9d164712b596f0fd22ccfac,78007,6.961469902646374,1,1787313653455
1199,LINK,1787267940085,1787354340085,24,10.657,1,0.5756889392223475,0.5165,0.5165,,,0.8,,,regime-trend-v1,286bd281dbb46111a9d164712b596f0fd22ccfac,11.986,12.47067655062401,1,1787356851984
1202,LINK,1787270451076,1787356851076,24,10.707,1,1.5459028831562998,0.5165,0.5165,,,0.8,,,regime-trend-v1,286bd281dbb46111a9d164712b596f0fd22ccfac,11.986,11.945456243578965,1,1787356851984
1200,BTC,1787270452634,1787356852634,24,73069.2,1,5.4176645410739495,0.5835,0.5835,,,0.581,,,regime-trend-v1,286bd281dbb46111a9d164712b596f0fd22ccfac,78336,7.207961767748933,1,1787360810751
1201,LINK,1787270452646,1787313652646,12,10.707,1,0.3655793025871905,0.5835,0.5835,,,0.583,,,regime-trend-v1,286bd281dbb46111a9d164712b596f0fd22ccfac,11.275,5.304940693004573,1,1787313653455
1203,BTC,1787270452646,1787313652646,12,73069.2,1,1.5922362493743354,0.75,0.75,,,0.5,,,regime-trend-v1,286bd281dbb46111a9d164712b596f0fd22ccfac,76721,4.997728180957234,1,1787313653455
1204,LINK,1787281251567,1787324451567,12,10.887,0,3.0868288987785295,0.6,0.6,,,0.583,,,regime-trend-v1,286bd281dbb46111a9d164712b596f0fd22ccfac,11.529,5.896941306144939,1,1787324452726
1205,LINK,1787281251685,1787367651685,24,10.887,0,3.7252286585365857,0.667,0.667,,,0.68,,,regime-trend-v1,286bd281dbb46111a9d164712b596f0fd22ccfac,12.222,12.262331220721952,1,1787378451453
1207,BTC,1787281251928,1787324451928,12,74415,1,3.6002171824750446,0.6835,0.6835,,,0.5,,,regime-trend-v1,286bd281dbb46111a9d164712b596f0fd22ccfac,77377,3.9803802996707653,1,1787324452726
1206,BTC,1787281252097,1787367652097,24,74415,1,7.385601108273085,0.6165,0.6165,,,0.581,,,regime-trend-v1,286bd281dbb46111a9d164712b596f0fd22ccfac,78464,5.44110730363502,1,1787378451845
1208,LINK,1787281313139,1787367713139,24,10.913,0,3.97294207317073,0.333,0.333,,,0.84,,,regime-trend-v1,286bd281dbb46111a9d164712b596f0fd22ccfac,12.222,11.994868505452207,1,1787378451845
1211,BTC,1787281313245,1787367713245,24,74420,1,7.392816427839589,0.6835,0.6835,,,0.613,,,regime-trend-v1,286bd281dbb46111a9d164712b596f0fd22ccfac,78464,5.434023112066648,1,1787378451845
1209,LINK,1787281313564,1787324513564,12,10.913,0,3.333017706656569,0.733,0.733,,,0.708,,,regime-trend-v1,286bd281dbb46111a9d164712b596f0fd22ccfac,11.529,5.6446440025657445,1,1787328657797
1210,BTC,1787281313724,1787324513724,12,74420,0,3.607178159239304,0.95,0.95,,,0.429,,,regime-trend-v1,286bd281dbb46111a9d164712b596f0fd22ccfac,77377,3.9733942488578338,1,1787328658781
1212,BTC,1787281322882,1787367722882,24,74405,1,7.371170469140079,0.6835,0.6835,,,0.613,,,regime-trend-v1,286bd281dbb46111a9d164712b596f0fd22ccfac,78464,5.455278543108662,1,1787378451845
1213,LINK,1787281327298,1787367727298,24,10.921,0,4.049161585365843,0.95,0.95,,,0.773,,,regime-trend-v1,286bd281dbb46111a9d164712b596f0fd22ccfac,12.222,11.912828495559017,1,1787378451845
1214,LINK,1787281327550,1787324527550,12,10.921,0,3.408768109080574,0.867,0.867,,,0.867,,,regime-trend-v1,286bd281dbb46111a9d164712b596f0fd22ccfac,11.529,5.5672557458108285,1,1787328658781
1215,BTC,1787281328139,1787324528139,12,74404,0,3.5849030335936742,0.95,0.95,,,0.429,,,regime-trend-v1,286bd281dbb46111a9d164712b596f0fd22ccfac,77377,3.995752916509865,1,1787328658781
1216,BTC,1787281332503,1787367732503,24,74447,1,7.431779153498709,0.6835,0.6835,,,0.613,,,regime-trend-v1,286bd281dbb46111a9d164712b596f0fd22ccfac,78464,5.395784920816151,1,1787378451845
1217,LINK,1787281335206,1787367735206,24,10.928,0,4.115853658536589,0.8,0.8,,,0.773,,,regime-trend-v1,286bd281dbb46111a9d164712b596f0fd22ccfac,12.222,11.841142020497792,1,1787378451845
1218,LINK,1787281340690,1787324540690,12,10.921,1,3.408768109080574,0.75,0.75,,,0.833,,,regime-trend-v1,286bd281dbb46111a9d164712b596f0fd22ccfac,11.529,5.5672557458108285,1,1787328658781
1219,BTC,1787281340890,1787324540890,12,74431,0,3.6224923081206755,0.95,0.95,,,0.429,,,regime-trend-v1,286bd281dbb46111a9d164712b596f0fd22ccfac,77377,3.9580282409211214,1,1787328657797
1220,BTC,1787281341859,1787367741859,24,74431,1,7.408690130885896,0.6835,0.6835,,,0.613,,,regime-trend-v1,286bd281dbb46111a9d164712b596f0fd22ccfac,78464,5.418441240880815,1,1787378451845
1221,LINK,1787281344001,1787367744001,24,10.921,1,4.049161585365843,0.7165,0.7165,,,0.68,,,regime-trend-v1,286bd281dbb46111a9d164712b596f0fd22ccfac,12.222,11.912828495559017,1,1787378451845
1222,BTC,1787288032600,1787374432600,24,74997,1,8.225464305814105,0.75,0.75,,,0.613,,,regime-trend-v1,286bd281dbb46111a9d164712b596f0fd22ccfac,77456,3.2787978185794096,1,1787378451845
1223,LINK,1787292050992,1787378450992,24,10.943,1,4.667623146819699,0.55,0.55,,,0.4,,,regime-trend-v1,286bd281dbb46111a9d164712b596f0fd22ccfac,11.85605,8.343690030156266,1,1787378451845
1224,LINK,1787292050992,1787335250992,12,10.943,1,1.195331125031676,0.55,0.55,,,0.542,,,regime-trend-v1,286bd281dbb46111a9d164712b596f0fd22ccfac,11.63,6.2779859270766805,1,1787335252696
1225,BTC,1787292051286,1787378451286,24,75404,1,8.65286243317627,0.75,0.75,,,0.613,,,regime-trend-v1,286bd281dbb46111a9d164712b596f0fd22ccfac,77456,2.721341042915495,1,1787378451845
1226,BTC,1787292051576,1787335251576,12,75404,1,3.5811915326181025,0.75,0.75,,,0.5,,,regime-trend-v1,286bd281dbb46111a9d164712b596f0fd22ccfac,77426,2.681555355153573,1,1787335252696
1227,LINK,1787302851028,1787346051028,12,11.69,1,8.10320943540348,0.75,0.85,macro,agree,0.852,,,regime-trend-v1,286bd281dbb46111a9d164712b596f0fd22ccfac,11.882,1.6424294268605661,1,1787356851984
1228,LINK,1787302851065,1787389251065,24,11.69,1,10.858226647700327,0.75,0.85,macro,agree,0.655,,,regime-trend-v1,286bd281dbb46111a9d164712b596f0fd22ccfac,11.577,-0.966638152266891,0,1787389251885
1229,BTC,1787302851202,1787389251202,24,78658,1,12.764859362903918,0.75,0.85,macro,agree,0.657,,,regime-trend-v1,286bd281dbb46111a9d164712b596f0fd22ccfac,77214,-1.8357954689923466,0,1787389251885
1230,BTC,1787302851374,1787346051374,12,78658,1,8.31451390801432,0.75,0.85,macro,agree,0.6,,,regime-trend-v1,286bd281dbb46111a9d164712b596f0fd22ccfac,77464,-1.517963843474281,0,1787356851984
1234,LINK,1787309140688,1787352340688,12,11.442,1,7.598269700959186,0.75,0.85,macro,agree,0.852,,,regime-trend-v1,286bd281dbb46111a9d164712b596f0fd22ccfac,11.986,4.754413564062231,1,1787356851984
1233,LINK,1787309140947,1787395540947,24,11.442,1,7.912854852400268,0.75,0.85,macro,agree,0.655,,,regime-trend-v1,286bd281dbb46111a9d164712b596f0fd22ccfac,11.525,0.7253976577521428,1,1787396153050
1232,BTC,1787309142377,1787352342377,12,77896,1,7.265216193885982,0.75,0.85,macro,agree,0.6,,,regime-trend-v1,286bd281dbb46111a9d164712b596f0fd22ccfac,78336,0.564855705042621,1,1787356851984
1231,BTC,1787309145417,1787395545417,24,77896,1,8.521991111606459,0.75,0.85,macro,agree,0.657,,,regime-trend-v1,286bd281dbb46111a9d164712b596f0fd22ccfac,76967,-1.1926157954195338,0,1787396152304
1235,BTC,1787309158338,1787395558338,24,77934,1,8.574931386617255,0.75,0.85,macro,agree,0.657,,,regime-trend-v1,286bd281dbb46111a9d164712b596f0fd22ccfac,76967,-1.2407934919290682,0,1787396153050
1236,LINK,1787309213458,1787352413458,12,11.442,0,7.598269700959186,0.95,0.95,,,0.9,,,regime-trend-v1,286bd281dbb46111a9d164712b596f0fd22ccfac,11.986,4.754413564062231,1,1787356851984
1237,LINK,1787313651629,1787356851629,12,11.275,1,5.304940693004573,0.4165,0.3165,macro,agree,0.667,,,regime-trend-v1,286bd281dbb46111a9d164712b596f0fd22ccfac,11.986,6.3059866962306,1,1787356851984
1238,LINK,1787313651783,1787400051783,24,11.275,1,5.6899137607799135,0.7165,0.8165,macro,agree,0.655,,,regime-trend-v1,286bd281dbb46111a9d164712b596f0fd22ccfac,11.689,3.6718403547671814,1,1787410852671
1239,BTC,1787313652086,1787356852086,12,76721,1,4.997728180957234,0.75,0.85,macro,agree,0.6,,,regime-trend-v1,286bd281dbb46111a9d164712b596f0fd22ccfac,78336,2.1050299135829826,1,1787356852126
1240,BTC,1787313653312,1787400053312,24,76721,1,6.6695400700739675,0.75,0.85,macro,agree,0.657,,,regime-trend-v1,286bd281dbb46111a9d164712b596f0fd22ccfac,77143.2,0.5503056529502967,1,1787410852671
1241,LINK,1787324451339,1787367651339,12,11.529,1,5.896941306144939,0.3165,0.2165,macro,agree,0.667,,,regime-trend-v1,286bd281dbb46111a9d164712b596f0fd22ccfac,12.222,6.010928961748631,1,1787367651650
1242,LINK,1787324451368,1787410851368,24,11.529,1,9.165798693305558,0.7165,0.8165,macro,agree,0.655,,,regime-trend-v1,286bd281dbb46111a9d164712b596f0fd22ccfac,11.657,1.1102437331945538,1,1787410852671
1244,BTC,1787324451916,1787410851916,24,77377,1,7.723899817622409,0.75,0.85,macro,agree,0.657,,,regime-trend-v1,286bd281dbb46111a9d164712b596f0fd22ccfac,77044,-0.4303604430257053,0,1787410852671
1243,BTC,1787324452687,1787367652687,12,77377,1,3.9803802996707653,0.75,0.85,macro,agree,0.6,,,regime-trend-v1,286bd281dbb46111a9d164712b596f0fd22ccfac,78464,1.4048102149217467,1,1787378451974
1248,LINK,1787328655672,1787415055672,24,11.556,1,9.421456301486595,0.6835,0.7835,macro,agree,0.793,,,regime-trend-v1,286bd281dbb46111a9d164712b596f0fd22ccfac,11.657,0.8740048459674703,1,1787421652873
1246,BTC,1787328656787,1787415056787,24,77128.7,1,7.378217711509275,0.75,0.85,macro,agree,0.657,,,regime-trend-v1,286bd281dbb46111a9d164712b596f0fd22ccfac,77044,-0.10981644964844098,0,1787421651234
1247,LINK,1787328657151,1787371857151,12,11.556,1,5.814485852943868,0.2835,0.18349999999999997,macro,agree,0.667,,,regime-trend-v1,286bd281dbb46111a9d164712b596f0fd22ccfac,12.222,5.763239875389411,1,1787378451974
1245,BTC,1787328657568,1787371857568,12,77128.7,1,3.6244306807647315,0.75,0.85,macro,agree,0.6,,,regime-trend-v1,286bd281dbb46111a9d164712b596f0fd22ccfac,78464,1.7312621631117897,1,1787378451974
1249,BTC,1787328678967,1787415078967,24,77102,1,7.341046095588133,0.75,0.85,macro,agree,0.657,,,regime-trend-v1,286bd281dbb46111a9d164712b596f0fd22ccfac,77044,-0.07522502658815595,0,1787421652873
1251,LINK,1787335251651,1787378451651,12,11.63,1,6.2779859270766805,0.6165,0.7165,macro,agree,0.519,,,regime-trend-v1,286bd281dbb46111a9d164712b596f0fd22ccfac,11.85605,1.9436801375752277,1,1787378451974
1253,BTC,1787335251651,1787421651651,24,77426,1,6.358778521092902,0.75,0.85,macro,agree,0.657,,,regime-trend-v1,286bd281dbb46111a9d164712b596f0fd22ccfac,77332,-0.12140624596388809,0,1787421652873
1250,LINK,1787335251732,1787421651732,24,11.63,1,7.548359771919813,0.75,0.85,macro,agree,0.655,,,regime-trend-v1,286bd281dbb46111a9d164712b596f0fd22ccfac,11.741,0.954428202923464,1,1787421652873
1252,BTC,1787335252483,1787378452483,12,77426,1,2.681555355153573,0.75,0.85,macro,agree,0.6,,,regime-trend-v1,286bd281dbb46111a9d164712b596f0fd22ccfac,77456,0.03874667424379408,1,1787389251885
1254,BTC,1787356851485,1787400051485,12,78336,1,2.1050299135829826,0.75,0.75,,,0.6,,,regime-trend-v1,286bd281dbb46111a9d164712b596f0fd22ccfac,77143.2,-1.5226715686274548,0,1787400051672
1255,LINK,1787356851627,1787443251627,24,11.986,1,11.945456243578965,0.7165,0.7165,,,0.655,,,regime-trend-v1,286bd281dbb46111a9d164712b596f0fd22ccfac,11.672,-2.619723010178542,0,1787454049434
1257,BTC,1787356851832,1787443251832,24,78336,1,7.207961767748933,0.75,0.75,,,0.657,,,regime-trend-v1,286bd281dbb46111a9d164712b596f0fd22ccfac,77172,-1.485906862745098,0,1787454049434
1256,LINK,1787356851843,1787400051843,12,11.986,1,6.3059866962306,0.3165,0.3165,,,0.667,,,regime-trend-v1,286bd281dbb46111a9d164712b596f0fd22ccfac,11.689,-2.477890872684804,0,1787410852671
1258,BTC,1787360810105,1787447210105,24,78124,1,6.917825841804759,0.75,0.75,,,0.657,,,regime-trend-v1,286bd281dbb46111a9d164712b596f0fd22ccfac,77172,-1.2185755977676513,0,1787454049434
1259,LINK,1787360826739,1787404026739,12,12.128,1,7.565410199556538,0.3165,0.3165,,,0.667,,,regime-trend-v1,286bd281dbb46111a9d164712b596f0fd22ccfac,11.689,-3.6197229551451193,0,1787410852671
1260,LINK,1787360827324,1787447227324,24,12.128,1,13.271691416830103,0.75,0.75,,,0.655,,,regime-trend-v1,286bd281dbb46111a9d164712b596f0fd22ccfac,11.672,-3.7598944591028984,0,1787454049434
1261,BTC,1787360827556,1787404027556,12,78096,1,1.7922081307595052,0.75,0.75,,,0.6,,,regime-trend-v1,286bd281dbb46111a9d164712b596f0fd22ccfac,77143.2,-1.2200368776890018,0,1787410852671
1262,BTC,1787360829404,1787447229404,24,78096,1,6.879506002529114,0.75,0.75,,,0.657,,,regime-trend-v1,286bd281dbb46111a9d164712b596f0fd22ccfac,77172,-1.1831591886908421,0,1787454049434
1263,LINK,1787360837924,1787447237924,24,12.12882,1,13.279349957971407,0.75,0.75,,,0.655,,,regime-trend-v1,286bd281dbb46111a9d164712b596f0fd22ccfac,11.672,-3.76640101840079,0,1787454049434
1264,LINK,1787360849385,1787447249385,24,12.134,1,13.327729522742127,0.75,0.75,,,0.655,,,regime-trend-v1,286bd281dbb46111a9d164712b596f0fd22ccfac,11.672,-3.807483105323881,0,1787454049434
1267,LINK,1787360850481,1787404050481,12,12.134,1,7.618625277161863,0.40825,0.40825,,,0.667,,,regime-trend-v1,286bd281dbb46111a9d164712b596f0fd22ccfac,11.689,-3.6673809131366433,0,1787410852572
1265,BTC,1787360850687,1787404050687,12,78119,1,1.822186884946755,0.75,0.75,,,0.6,,,regime-trend-v1,286bd281dbb46111a9d164712b596f0fd22ccfac,77143.2,-1.2491199324108129,0,1787410852671
1266,BTC,1787360851417,1787447251417,24,78119,1,6.91098301336268,0.75,0.75,,,0.657,,,regime-trend-v1,286bd281dbb46111a9d164712b596f0fd22ccfac,77172,-1.2122531010381596,0,1787454049434
1268,LINK,1787367650975,1787454050975,24,12.222,0,12.262331220721952,0.733,0.733,,,0.655,,,regime-trend-v1,286bd281dbb46111a9d164712b596f0fd22ccfac,11.552,-5.481917853051874,0,1787462523232
1269,LINK,1787367651119,1787410851119,12,12.222,0,6.010928961748631,0.8,0.8,,,0.852,,,regime-trend-v1,286bd281dbb46111a9d164712b596f0fd22ccfac,11.657,-4.622811323842248,0,1787410852572
1270,BTC,1787367651321,1787454051321,24,78464,1,5.44110730363502,0.75,0.75,,,0.657,,,regime-trend-v1,286bd281dbb46111a9d164712b596f0fd22ccfac,77129,-1.701417210440457,0,1787462523232
1271,BTC,1787367651336,1787410851336,12,78464,1,1.4048102149217467,0.75,0.75,,,0.6,,,regime-trend-v1,286bd281dbb46111a9d164712b596f0fd22ccfac,77044,-1.809747145187602,0,1787410852572
1272,LINK,1787378451212,1787421651212,12,11.85605,1,1.9436801375752277,0.55,0.55,,,0.667,,,regime-trend-v1,286bd281dbb46111a9d164712b596f0fd22ccfac,11.741,-0.9703906444389159,0,1787421652873
1273,LINK,1787378451350,1787464851350,24,11.85605,1,8.343690030156266,0.55,0.55,,,0.793,,,regime-trend-v1,286bd281dbb46111a9d164712b596f0fd22ccfac,11.145,-5.997359997638338,0,1787470233828
1274,BTC,1787378451491,1787464851491,24,77456,1,2.721341042915495,0.5835,0.5835,,,0.657,,,regime-trend-v1,286bd281dbb46111a9d164712b596f0fd22ccfac,76106,-1.742925015492667,0,1787470234995
1275,BTC,1787378451674,1787421651674,12,77456,1,0.03874667424379408,0.5835,0.5835,,,0.56,,,regime-trend-v1,286bd281dbb46111a9d164712b596f0fd22ccfac,77332,-0.160090890311919,0,1787421652873
1276,LINK,1787389250859,1787475650859,24,11.577,0,-0.966638152266891,0.2,0.2,,,0.871,,,regime-trend-v1,286bd281dbb46111a9d164712b596f0fd22ccfac,11.324,-2.18536753908612,0,1787486428908
1277,LINK,1787389251786,1787432451786,12,11.577,0,-2.566907927958254,0.333,0.333,,,0.679,,,regime-trend-v1,286bd281dbb46111a9d164712b596f0fd22ccfac,11.702,1.0797270450030232,1,1787432452352
1278,BTC,1787389252172,1787475652172,24,77214,1,-1.8357954689923466,0.6165,0.6165,,,0.667,,,regime-trend-v1,286bd281dbb46111a9d164712b596f0fd22ccfac,76528,-0.8884399202217215,0,1787486428908
1279,BTC,1787389252900,1787432452900,12,77214,1,-0.32273055871114326,0.6165,0.6165,,,0.63,,,regime-trend-v1,286bd281dbb46111a9d164712b596f0fd22ccfac,77338,0.160592638640661,1,1787438505228
1280,LINK,1787396151107,1787439351107,12,11.525,0,-3.0045446894462153,0.867,0.867,,,0.893,,,regime-trend-v1,286bd281dbb46111a9d164712b596f0fd22ccfac,11.602,0.6681127982646416,1,1787442448102
1281,LINK,1787396151411,1787482551411,24,11.525,0,0.6901974488904475,0.533,0.533,,,0.806,,,regime-trend-v1,286bd281dbb46111a9d164712b596f0fd22ccfac,11.417,-0.9370932754880742,0,1787486428908
1282,BTC,1787396152253,1787482552253,24,76967,1,-1.3332136859512609,0.65,0.65,,,0.667,,,regime-trend-v1,286bd281dbb46111a9d164712b596f0fd22ccfac,77341,0.4859225382306703,1,1787486428908
1283,BTC,1787396152391,1787439352391,12,76967,1,-0.6415883507177528,0.65,0.65,,,0.63,,,regime-trend-v1,286bd281dbb46111a9d164712b596f0fd22ccfac,77042,0.09744435927085635,1,1787442448102
1284,BTC,1787396163007,1787482563007,24,76964,1,-1.3370594946607357,0.7165,0.7165,,,0.718,,,regime-trend-v1,286bd281dbb46111a9d164712b596f0fd22ccfac,77341,0.4898394054363079,1,1787486428908
1285,LINK,1787400050867,1787486450867,24,11.689,0,3.6718403547671814,0.467,0.467,,,0.903,,,regime-trend-v1,286bd281dbb46111a9d164712b596f0fd22ccfac,11.417,-2.3269740781931754,0,1787497228835
1286,LINK,1787400051074,1787443251074,12,11.689,0,-2.477890872684804,0.933,0.933,,,0.893,,,regime-trend-v1,286bd281dbb46111a9d164712b596f0fd22ccfac,11.672,-0.14543587988706871,0,1787454049434
1287,BTC,1787400051074,1787443251074,12,77143.2,1,-1.5226715686274548,0.6165,0.6165,,,0.63,,,regime-trend-v1,286bd281dbb46111a9d164712b596f0fd22ccfac,77172,0.037333167408148626,1,1787454049434
1288,BTC,1787400051391,1787486451391,24,77143.2,1,0.5503056529502967,0.65,0.65,,,0.667,,,regime-trend-v1,286bd281dbb46111a9d164712b596f0fd22ccfac,77341,0.25640626782399867,1,1787497228835
1292,BTC,1787410851382,1787497251382,24,77044,1,-0.4303604430257053,0.6835,0.6835,,,0.718,,,regime-trend-v1,286bd281dbb46111a9d164712b596f0fd22ccfac,77180,0.176522506619594,1,1787508030114
1289,LINK,1787410852449,1787497252449,24,11.657,0,1.1102437331945538,0.2,0.2,,,0.871,,,regime-trend-v1,286bd281dbb46111a9d164712b596f0fd22ccfac,11.493,-1.406879986274339,0,1787508028945
1290,LINK,1787410852449,1787454052449,12,11.657,0,-4.622811323842248,0.5165,0.5165,,,0.679,,,regime-trend-v1,286bd281dbb46111a9d164712b596f0fd22ccfac,11.552,-0.9007463326756492,0,1787462523232
1291,BTC,1787410852449,1787454052449,12,77044,1,-1.809747145187602,0.6835,0.6835,,,0.556,,,regime-trend-v1,286bd281dbb46111a9d164712b596f0fd22ccfac,77129,0.11032656663724624,1,1787462523232
1293,LINK,1787421651100,1787464851100,12,11.741,0,-0.9703906444389159,0.2,0.2,,,0.679,,,regime-trend-v1,286bd281dbb46111a9d164712b596f0fd22ccfac,11.145,-5.076228600630271,0,1787470234995
1294,LINK,1787421651100,1787508051100,24,11.741,0,0.954428202923464,0.067,0.067,,,0.871,,,regime-trend-v1,286bd281dbb46111a9d164712b596f0fd22ccfac,11.487,-2.1633591687249774,0,1787518828953
1295,BTC,1787421651412,1787464851412,12,77332,1,-0.160090890311919,0.5165,0.5165,,,0.704,,,regime-trend-v1,286bd281dbb46111a9d164712b596f0fd22ccfac,76106,-1.585372161588993,0,1787470234995
1296,BTC,1787421652684,1787508052684,24,77332,1,-0.12140624596388809,0.7165,0.7165,,,0.718,,,regime-trend-v1,286bd281dbb46111a9d164712b596f0fd22ccfac,77213.7,-0.15297677546164964,0,1787518828953
1297,LINK,1787432451035,1787475651035,12,11.702,0,1.0797270450030232,0.333,0.333,,,0.679,,,regime-trend-v1,286bd281dbb46111a9d164712b596f0fd22ccfac,11.324,-3.230217056913349,0,1787486429294
1298,LINK,1787432451170,1787518851170,24,11.702,0,-1.5148964820737225,0.733,0.733,,,0.742,,,regime-trend-v1,286bd281dbb46111a9d164712b596f0fd22ccfac,11.518,-1.5723807896086077,0,1787527956294
1300,BTC,1787432452161,1787475652161,12,77338,0,0.160592638640661,0.5,0.5,,,0.704,,,regime-trend-v1,286bd281dbb46111a9d164712b596f0fd22ccfac,76528,-1.0473505909126173,0,1787486429294
1299,BTC,1787432452253,1787518852253,24,77338,0,-0.1626562015904162,0.333,0.333,,,0.744,,,regime-trend-v1,286bd281dbb46111a9d164712b596f0fd22ccfac,77449,0.143525821717655,1,1787527956294
1301,LINK,1787438503930,1787481703930,12,11.602,0,0.2159454090006077,0.533,0.533,,,0.679,,,regime-trend-v1,286bd281dbb46111a9d164712b596f0fd22ccfac,11.417,-1.5945526633339122,0,1787486429294
1302,LINK,1787438504436,1787524904436,24,11.602,0,-2.3565056387813446,0.933,0.933,,,0.839,,,regime-trend-v1,286bd281dbb46111a9d164712b596f0fd22ccfac,11.566,-0.31029132908118934,0,1787527958074
1304,BTC,1787438504588,1787481704588,12,77042,1,-0.22275753101769108,0.3165,0.3165,,,0.741,,,regime-trend-v1,286bd281dbb46111a9d164712b596f0fd22ccfac,77341,0.3880999974040134,1,1787486429294
1303,BTC,1787438504681,1787524904681,24,77042,1,-0.5447691831044098,0.48350000000000004,0.48350000000000004,,,0.667,,,regime-trend-v1,286bd281dbb46111a9d164712b596f0fd22ccfac,77859,1.0604605280236754,1,1787527958074
1305,BTC,1787438513532,1787524913532,24,77042,1,-0.5447691831044098,0.5165,0.5165,,,0.564,,,regime-trend-v1,286bd281dbb46111a9d164712b596f0fd22ccfac,77859,1.0604605280236754,1,1787527958074
1306,BTC,1787442447482,1787528847482,24,77096,1,-0.4750593824228029,0.48350000000000004,0.48350000000000004,,,0.667,,,regime-trend-v1,787f3abbdb11773b72adf893abbab4523a02e77b,77605,0.6602158348033621,1,1787529199204
1307,LINK,1787442473066,1787528873066,24,11.664,0,-1.834707961622622,0.8,0.8,,,0.839,,,regime-trend-v1,787f3abbdb11773b72adf893abbab4523a02e77b,11.527,-1.174554183813447,0,1787529199204
1309,BTC,1787442473274,1787528873274,24,77096,1,-0.4750593824228029,0.48350000000000004,0.48350000000000004,,,0.667,,,regime-trend-v1,787f3abbdb11773b72adf893abbab4523a02e77b,77605,0.6602158348033621,1,1787529199204
1308,LINK,1787442473402,1787485673402,12,11.664,0,1.206073752711491,0.8,0.8,,,0.893,,,regime-trend-v1,787f3abbdb11773b72adf893abbab4523a02e77b,11.417,-2.1176268861454037,0,1787486429294
1310,BTC,1787442473539,1787485673539,12,77096,1,0.17150875734109453,0.35,0.35,,,0.556,,,regime-trend-v1,787f3abbdb11773b72adf893abbab4523a02e77b,77341,0.31778561793089133,1,1787486429294
1311,LINK,1787442481074,1787485681074,12,11.666,0,1.2234273318872018,0.933,0.933,,,0.893,,,regime-trend-v1,787f3abbdb11773b72adf893abbab4523a02e77b,11.417,-2.134407680438887,0,1787486429294
1312,LINK,1787442481301,1787528881301,24,11.666,0,-1.817875778488464,0.8,0.8,,,0.839,,,regime-trend-v1,787f3abbdb11773b72adf893abbab4523a02e77b,11.527,-1.1914966569518353,0,1787529199204
1313,BTC,1787442483060,1787528883060,24,77096,1,-0.4750593824228029,0.48350000000000004,0.48350000000000004,,,0.667,,,regime-trend-v1,787f3abbdb11773b72adf893abbab4523a02e77b,77605,0.6602158348033621,1,1787529199204
1314,BTC,1787442483305,1787485683305,12,77096,1,0.17150875734109453,0.35,0.35,,,0.556,,,regime-trend-v1,787f3abbdb11773b72adf893abbab4523a02e77b,77341,0.31778561793089133,1,1787486429294
1315,LINK,1787442489456,1787485689456,12,11.665,1,1.2147505422993388,0.75,0.75,,,0.893,,,regime-trend-v1,787f3abbdb11773b72adf893abbab4523a02e77b,11.417,-2.1260180025717905,0,1787486429294
1316,LINK,1787442489597,1787528889597,24,11.665,1,-1.8262918700555506,0.7165,0.7165,,,0.742,,,regime-trend-v1,787f3abbdb11773b72adf893abbab4523a02e77b,11.527,-1.1830261465923695,0,1787529199204
1317,BTC,1787442757242,1787529157242,24,77148,1,-0.4079314262108851,0.48350000000000004,0.48350000000000004,,,0.667,,,regime-trend-v1,787f3abbdb11773b72adf893abbab4523a02e77b,77605,0.5923679162129932,1,1787529199204
1318,LINK,1787442824106,1787529224106,24,11.67736,1,-1.7222689782864797,0.7165,0.7165,,,0.742,,,regime-trend-v1,787f3abbdb11773b72adf893abbab4523a02e77b,11.527,-1.2876198044763623,0,1787532631806
1319,LINK,1787442824518,1787486024518,12,11.67736,1,1.3219956616052047,0.75,0.75,,,0.893,,,regime-trend-v1,787f3abbdb11773b72adf893abbab4523a02e77b,11.417,-2.2296135427870714,0,1787486429294
1320,BTC,1787442825192,1787486025192,12,77174,1,0.27285484122446857,0.3835,0.3835,,,0.556,,,regime-trend-v1,787f3abbdb11773b72adf893abbab4523a02e77b,77341,0.21639412237281988,1,1787486429294
1321,BTC,1787442825811,1787529225811,24,77174,1,-0.3743674481049261,0.48350000000000004,0.48350000000000004,,,0.667,,,regime-trend-v1,787f3abbdb11773b72adf893abbab4523a02e77b,77603,0.5558866975924533,1,1787532631806
1322,LINK,1787442832129,1787529232129,24,11.678,1,-1.7168826796835452,0.75,0.75,,,0.742,,,regime-trend-v1,787f3abbdb11773b72adf893abbab4523a02e77b,11.527,-1.293029628361034,0,1787532631806
1324,LINK,1787442842541,1787486042541,12,11.683,1,1.3709327548806896,0.75,0.75,,,0.893,,,regime-trend-v1,787f3abbdb11773b72adf893abbab4523a02e77b,11.417,-2.2768124625524266,0,1787486429294
1323,LINK,1787442842874,1787529242874,24,11.683,1,-1.6748022218481724,0.75,0.75,,,0.742,,,regime-trend-v1,787f3abbdb11773b72adf893abbab4523a02e77b,11.527,-1.3352734742788717,0,1787532631806
1325,BTC,1787442843430,1787486043430,12,77183,1,0.28454862013408866,0.3835,0.3835,,,0.556,,,regime-trend-v1,787f3abbdb11773b72adf893abbab4523a02e77b,77341,0.2047082906857728,1,1787486429294
1326,BTC,1787442843742,1787529243742,24,77183,1,-0.36274914799132496,0.48350000000000004,0.48350000000000004,,,0.667,,,regime-trend-v1,787f3abbdb11773b72adf893abbab4523a02e77b,77603,0.5441612790381302,1,1787532631806
1327,LINK,1787443249114,1787486449114,12,11.672,0,1.2754880694143187,0.533,0.533,,,0.679,,,regime-trend-v1,787f3abbdb11773b72adf893abbab4523a02e77b,11.417,-2.1847155586017886,0,1787497228835
1329,BTC,1787443249258,1787529649258,24,77172,1,-0.3769492925746153,0.3835,0.3835,,,0.564,,,regime-trend-v1,787f3abbdb11773b72adf893abbab4523a02e77b,77792,0.803400196962629,1,1787532631806
1328,LINK,1787443249456,1787529649456,24,11.672,0,-1.7673792290860049,0.933,0.933,,,0.839,,,regime-trend-v1,787f3abbdb11773b72adf893abbab4523a02e77b,11.553,-1.0195339273474961,0,1787532631806
1330,BTC,1787443249659,1787486449659,12,77172,0,0.27025622368899743,0.267,0.267,,,0.741,,,regime-trend-v1,787f3abbdb11773b72adf893abbab4523a02e77b,77341,0.21899134401078113,1,1787497228835
1331,LINK,1787454048822,1787497248822,12,11.552,1,-1.1720420908546536,0.65,0.65,,,0.75,,,regime-trend-v1,787f3abbdb11773b72adf893abbab4523a02e77b,11.493,-0.5107340720221544,0,1787508030164
1333,BTC,1787454049031,1787540449031,24,77129,1,-1.3077247891901576,0.5165,0.5165,,,0.564,,,regime-trend-v1,787f3abbdb11773b72adf893abbab4523a02e77b,77555,0.5523214355171207,1,1787551248098
1332,BTC,1787454049047,1787497249047,12,77129,0,-0.01840732559706765,0.467,0.467,,,0.667,,,regime-trend-v1,787f3abbdb11773b72adf893abbab4523a02e77b,77180,0.06612298875909191,1,1787508030164
1334,LINK,1787454049047,1787540449047,24,11.552,1,-4.7964397560573655,0.5835,0.5835,,,0.548,,,regime-trend-v1,787f3abbdb11773b72adf893abbab4523a02e77b,11.472,-0.6925207756232694,0,1787551248098
1336,LINK,1787462522363,1787548922363,24,11.211,1,-8.271968581246925,0.75,0.75,,,0.742,,,regime-trend-v1,787f3abbdb11773b72adf893abbab4523a02e77b,11.526,2.8097404335028053,1,1787551249170
1338,BTC,1787462522453,1787548922453,24,76203,1,-2.881576264274062,0.5835,0.5835,,,0.538,,,regime-trend-v1,787f3abbdb11773b72adf893abbab4523a02e77b,77225,1.3411545477212183,1,1787551249170
1335,LINK,1787462522456,1787505722456,12,11.211,1,-3.826027279746073,0.6835,0.6835,,,0.679,,,regime-trend-v1,787f3abbdb11773b72adf893abbab4523a02e77b,11.487,2.4618678084024603,1,1787508030164
1337,BTC,1787462522594,1787505722594,12,76203,0,-1.0915840299049895,0.733,0.733,,,0.556,,,regime-trend-v1,787f3abbdb11773b72adf893abbab4523a02e77b,77213.7,1.3263257352072715,1,1787508030164
1339,BTC,1787462533110,1787548933110,24,76164,1,-2.9312805872756935,0.5835,0.5835,,,0.538,,,regime-trend-v1,787f3abbdb11773b72adf893abbab4523a02e77b,77225,1.3930465836878314,1,1787551249170
1340,LINK,1787464849106,1787508049106,12,11.145,1,-4.392210688856485,0.6835,0.6835,,,0.679,,,regime-trend-v1,787f3abbdb11773b72adf893abbab4523a02e77b,11.487,3.0686406460296145,1,1787518830064
1342,BTC,1787464849265,1787508049265,12,76106,1,-1.2174861118321998,0.6835,0.6835,,,0.556,,,regime-trend-v1,787f3abbdb11773b72adf893abbab4523a02e77b,77213.7,1.4554700023651186,1,1787518830064
1341,LINK,1787464849488,1787551249488,24,11.145,1,-8.811978399607266,0.75,0.75,,,0.742,,,regime-trend-v1,787f3abbdb11773b72adf893abbab4523a02e77b,11.526,3.4185733512786025,1,1787552103923
1343,BTC,1787464850680,1787551250680,24,76106,1,-1.742925015492667,0.55,0.55,,,0.538,,,regime-trend-v1,787f3abbdb11773b72adf893abbab4523a02e77b,77225,1.470317714766247,1,1787552103923
1344,LINK,1787470233316,1787513433316,12,11.314,1,-3.636828208840811,0.6835,0.6835,macro,na,0.69,,,regime-trend-v1,2d30dd1ccc8f8eee50632d809fc492716e8ee61f,11.518,1.8030758352483702,1,1787518830064
1345,LINK,1787470233487,1787556633487,24,11.314,1,-4.57192741258682,0.75,0.75,macro,na,0.727,,,regime-trend-v1,2d30dd1ccc8f8eee50632d809fc492716e8ee61f,11.573,2.289199222202584,1,1787560912343
1347,BTC,1787470234319,1787513434319,12,76266,1,-1.3784720426214245,0.6835,0.6835,macro,na,0.571,,,regime-trend-v1,2d30dd1ccc8f8eee50632d809fc492716e8ee61f,77449,1.5511499226391838,1,1787518830064
1346,BTC,1787470234612,1787556634612,24,76266,1,-1.53635612476761,0.55,0.55,macro,na,0.525,,,regime-trend-v1,2d30dd1ccc8f8eee50632d809fc492716e8ee61f,77110,1.1066530301838302,1,1787560912343
1348,BTC,1787470244614,1787556644614,24,76266,1,-1.53635612476761,0.65,0.65,macro,na,0.65,,,regime-trend-v1,2d30dd1ccc8f8eee50632d809fc492716e8ee61f,77110,1.1066530301838302,1,1787560912343
1349,BTC,1787475566600,1787561966600,24,76534,1,-1.1903532328031399,0.48350000000000004,0.48350000000000004,macro,na,0.7,,,regime-trend-v1,2d30dd1ccc8f8eee50632d809fc492716e8ee61f,77087,0.7225546815794287,1,1787562312309
1350,BTC,1787475594983,1787561994983,24,76546,1,-1.1748605659987605,0.45,0.45,macro,na,0.8,,,regime-trend-v1,2d30dd1ccc8f8eee50632d809fc492716e8ee61f,77087,0.706764559872495,1,1787562312309
1351,LINK,1787475628717,1787562028717,24,11.324,1,-4.487582289210993,0.7165,0.7165,macro,na,0.727,,,regime-trend-v1,2d30dd1ccc8f8eee50632d809fc492716e8ee61f,11.494,1.5012363122571524,1,1787562312309
1352,LINK,1787486428851,1787572828851,24,11.417,1,-0.9370932754880742,0.5835,0.5835,macro,na,0.606,,,regime-trend-v1,7e2296f85642cd63c90282b9d291c2720ec70e23,11.703,2.5050363493036665,1,1787572850154
1353,LINK,1787486428866,1787529628866,12,11.417,1,-2.2517123287671224,0.5575,0.5575,macro,na,0.655,,,regime-trend-v1,7e2296f85642cd63c90282b9d291c2720ec70e23,11.553,1.1912060961723834,1,1787532631806
1354,BTC,1787486429199,1787572829199,24,77341,1,0.4898394054363079,0.5165,0.5165,macro,na,0.55,,,regime-trend-v1,7e2296f85642cd63c90282b9d291c2720ec70e23,78408,1.3796046081638458,1,1787572850154
1355,BTC,1787486429199,1787529629199,12,77341,0,0.24367166539214288,0.733,0.733,,,0.571,,,regime-trend-v1,7e2296f85642cd63c90282b9d291c2720ec70e23,77792,0.5831318446878111,1,1787532631806
1356,LINK,1787497228793,1787540428793,12,11.493,1,-1.533584647018508,0.673,0.673,macro,na,0.69,,,regime-trend-v1,7e2296f85642cd63c90282b9d291c2720ec70e23,11.472,-0.18271991647090224,0,1787540447289
1357,LINK,1787497228793,1787583628793,24,11.493,1,-1.6767901445803726,0.6835,0.6835,macro,na,0.727,,,regime-trend-v1,7e2296f85642cd63c90282b9d291c2720ec70e23,11.72564,2.024188636561385,1,1787585900007
1358,BTC,1787497229143,1787540429143,12,77180,0,0.010366454154356502,0.733,0.733,,,0.571,,,regime-trend-v1,7e2296f85642cd63c90282b9d291c2720ec70e23,77555,0.4858771702513604,1,1787540447289
1359,BTC,1787497229197,1787583629197,24,77180,1,0.04770349168818887,0.5165,0.5165,macro,na,0.55,,,regime-trend-v1,7e2296f85642cd63c90282b9d291c2720ec70e23,79529,3.043534594454522,1,1787585900007
1363,LINK,1787508028883,1787594428883,24,11.487,1,-1.458351205284378,0.5835,0.5835,macro,na,0.606,,,regime-trend-v1,7e2296f85642cd63c90282b9d291c2720ec70e23,11.526,0.33951423348132415,1,1787605222667
1360,BTC,1787508029073,1787594429073,24,77213.7,0,0.2202637453922396,0.733,0.733,,,0.725,,,regime-trend-v1,7e2296f85642cd63c90282b9d291c2720ec70e23,78837,2.102347122337102,1,1787605221591
1362,BTC,1787508029073,1787551229073,12,77213.7,0,1.3782101780368639,0.733,0.733,,,0.571,,,regime-trend-v1,7e2296f85642cd63c90282b9d291c2720ec70e23,77225,0.014634708607414114,1,1787551249170
1361,LINK,1787508030114,1787551230114,12,11.487,1,2.4618678084024603,0.5575,0.5575,macro,na,0.655,,,regime-trend-v1,7e2296f85642cd63c90282b9d291c2720ec70e23,11.526,0.33951423348132415,1,1787551249170
1364,LINK,1787518828833,1787562028833,12,11.518,0,1.713175556340523,0.6,0.6,,,0.586,,,regime-trend-v1,7e2296f85642cd63c90282b9d291c2720ec70e23,11.494,-0.2083695085952501,0,1787562312309
1366,BTC,1787518828887,1787605228887,24,77449,0,0.15129571199503442,0.667,0.667,,,0.65,,,regime-trend-v1,7e2296f85642cd63c90282b9d291c2720ec70e23,78928,1.9096437655747656,1,1787615730549
1367,LINK,1787518829132,1787605229132,24,11.518,0,-1.8993271441955455,0.6,0.6,,,0.606,,,regime-trend-v1,7e2296f85642cd63c90282b9d291c2720ec70e23,11.612,0.8161139086646936,1,1787615730549
1365,BTC,1787518830081,1787562030081,12,77449,0,1.203481078820824,0.867,0.867,,,0.478,,,regime-trend-v1,7e2296f85642cd63c90282b9d291c2720ec70e23,77087,-0.46740435641518935,0,1787562312309
1368,LINK,1787527955774,1787571155774,12,11.566,0,2.137054044507249,0.533,0.533,,,0.655,,,regime-trend-v1,be223a025cca5aa3ef7a73bcb9b1ae0371b96099,11.703,1.1845063116029628,1,1787572850154
1369,LINK,1787527955986,1787614355986,24,11.566,0,-0.31029132908118934,0.6,0.6,,,0.606,,,regime-trend-v1,be223a025cca5aa3ef7a73bcb9b1ae0371b96099,11.612,0.39771744769150413,1,1787615730549
1370,BTC,1787527957218,1787614357218,24,77859,0,1.0604605280236754,0.533,0.533,,,0.525,,,regime-trend-v1,be223a025cca5aa3ef7a73bcb9b1ae0371b96099,78843,1.263823064770932,1,1787615730549
1371,BTC,1787527957444,1787571157444,12,77859,0,1.7392326991427973,0.867,0.867,,,0.478,,,regime-trend-v1,be223a025cca5aa3ef7a73bcb9b1ae0371b96099,78408,0.7051207952837822,1,1787572851519
1372,BTC,1787527968333,1787614368333,24,77842,0,1.0383946418836478,0.6,0.6,,,0.525,,,regime-trend-v1,be223a025cca5aa3ef7a73bcb9b1ae0371b96099,78843,1.2859381824721872,1,1787615730549
1373,LINK,1787529197828,1787572397828,12,11.527,0,1.7926527728717716,0.533,0.533,,,0.655,,,regime-trend-v1,be223a025cca5aa3ef7a73bcb9b1ae0371b96099,11.703,1.5268500043376436,1,1787572851519
1376,BTC,1787529198537,1787572398537,12,77605,0,1.4073280367969894,0.733,0.733,,,0.571,,,regime-trend-v1,be223a025cca5aa3ef7a73bcb9b1ae0371b96099,78408,1.034727143869596,1,1787572851519
1375,LINK,1787529198688,1787615598688,24,11.527,0,-1.293029628361034,0.6,0.6,,,0.606,,,regime-trend-v1,be223a025cca5aa3ef7a73bcb9b1ae0371b96099,11.612,0.7373991498221641,1,1787615734247
1374,BTC,1787529198841,1787615598841,24,77605,0,0.5923679162129932,0.6,0.6,,,0.525,,,regime-trend-v1,be223a025cca5aa3ef7a73bcb9b1ae0371b96099,78843,1.595258037497584,1,1787615730549
1377,BTC,1787529210516,1787615610516,24,77603,0,0.5897754964483849,0.533,0.533,,,0.525,,,regime-trend-v1,be223a025cca5aa3ef7a73bcb9b1ae0371b96099,78843,1.5978763707588624,1,1787615734247
1378,BTC,1787532631100,1787619031100,24,77465.9,0,0.3808376094956645,0.6,0.6,,,0.525,,,regime-trend-v1,c5c02ae54c65b1db1aa925671435d2ef2e9c643e,79594,2.747144227331001,1,1787619413317
1379,BTC,1787533115181,1787619515181,24,77646.1,0,0.6143419893225598,0.533,0.533,,,0.525,,,regime-trend-v1,c5c02ae54c65b1db1aa925671435d2ef2e9c643e,79816,2.7946026909271606,1,1787620385244
1380,LINK,1787533128899,1787619528899,24,11.537,0,-1.1566141192597652,0.467,0.467,,,0.909,,,regime-trend-v1,c5c02ae54c65b1db1aa925671435d2ef2e9c643e,11.765,1.9762503250411696,1,1787620385883
1381,LINK,1787533129042,1787576329042,12,11.537,0,1.051064202505045,0.467,0.467,,,0.655,,,regime-trend-v1,c5c02ae54c65b1db1aa925671435d2ef2e9c643e,11.739,1.7508884458698095,1,1787576851338
1382,BTC,1787533130248,1787619530248,24,77650.4,1,0.6199139584305113,0.48350000000000004,0.48350000000000004,,,0.7,,,regime-trend-v1,c5c02ae54c65b1db1aa925671435d2ef2e9c643e,79816,2.7889102953751763,1,1787620385883
1383,BTC,1787533130319,1787576330319,12,77650.4,1,0.4000465471095463,0.7165,0.7165,,,0.571,,,regime-trend-v1,c5c02ae54c65b1db1aa925671435d2ef2e9c643e,79077,1.8372088231354968,1,1787576851338
1384,BTC,1787535471420,1787621871420,24,77269,1,0.1256932566215726,0.75,0.75,,,0.725,,,regime-trend-v1,c5c02ae54c65b1db1aa925671435d2ef2e9c643e,79749,3.2095665790938153,1,1787626840180
1385,BTC,1787535485988,1787621885988,24,77251,1,0.10236873477427046,0.7165,0.7165,,,0.725,,,regime-trend-v1,c5c02ae54c65b1db1aa925671435d2ef2e9c643e,79749,3.233615098833672,1,1787626840180
1386,LINK,1787538713829,1787625113829,24,11.488,1,-1.576422206991099,0.6835,0.6835,,,0.727,,,regime-trend-v1,c5c02ae54c65b1db1aa925671435d2ef2e9c643e,11.832,2.994428969359342,1,1787626840180
1387,BTC,1787538719888,1787625119888,24,77477,1,0.3952210646348417,0.7165,0.7165,,,0.725,,,regime-trend-v1,c5c02ae54c65b1db1aa925671435d2ef2e9c643e,80715,4.179304825948346,1,1787626842077
1388,LINK,1787540445785,1787583645785,12,11.472,1,-0.18271991647090224,0.5165,0.5165,,,0.655,,,regime-trend-v1,c5c02ae54c65b1db1aa925671435d2ef2e9c643e,11.72564,2.2109483960948464,1,1787585900007
1389,LINK,1787540445992,1787626845992,24,11.472,1,-1.7135023989033673,0.55,0.55,,,0.727,,,regime-trend-v1,c5c02ae54c65b1db1aa925671435d2ef2e9c643e,11.832,3.1380753138075423,1,1787633554206
1391,BTC,1787540445992,1787626845992,24,77555,1,0.49629399263981755,0.6835,0.6835,,,0.65,,,regime-trend-v1,c5c02ae54c65b1db1aa925671435d2ef2e9c643e,80715,4.074527754496809,1,1787633554206
1390,BTC,1787540447290,1787583647290,12,77555,1,0.4858771702513604,0.75,0.75,,,0.679,,,regime-trend-v1,c5c02ae54c65b1db1aa925671435d2ef2e9c643e,79529,2.5452904390432596,1,1787585900007
1392,LINK,1787551247842,1787637647842,24,11.526,1,2.8097404335028053,0.6165,0.6165,,,0.606,,,regime-trend-v1,c5c02ae54c65b1db1aa925671435d2ef2e9c643e,11.824,2.5854589623460007,1,1787646696593
1393,LINK,1787551248001,1787594448001,12,11.526,1,0.33951423348132415,0.65,0.65,,,0.759,,,regime-trend-v1,c5c02ae54c65b1db1aa925671435d2ef2e9c643e,11.526,0,0,1787605222667
1394,BTC,1787551248617,1787594448617,12,77225,1,0.014634708607414114,0.75,0.75,,,0.679,,,regime-trend-v1,c5c02ae54c65b1db1aa925671435d2ef2e9c643e,78837,2.0874069278083525,1,1787605222667
1395,BTC,1787551248823,1787637648823,24,77225,1,1.470317714766247,0.7165,0.7165,,,0.725,,,regime-trend-v1,c5c02ae54c65b1db1aa925671435d2ef2e9c643e,80727,4.534800906442214,1,1787646696593
1396,BTC,1787552103234,1787638503234,24,77454,0,1.771213833337713,0.867,0.867,,,0.2,,,regime-trend-v1,c5c02ae54c65b1db1aa925671435d2ef2e9c643e,80727,4.225733984042141,1,1787646696593
1397,BTC,1787560911597,1787647311597,24,77110,0,1.1066530301838302,0.733,0.733,,,0.786,,,regime-trend-v1,c5c02ae54c65b1db1aa925671435d2ef2e9c643e,80200,4.007262352483465,1,1787648438417
1398,BTC,1787562311642,1787648711642,24,77210,0,0.8911770855111854,0.733,0.733,,,0.786,,,regime-trend-v1,c5c02ae54c65b1db1aa925671435d2ef2e9c643e,79930,3.522859733195182,1,1787648857732
1399,LINK,1787572849968,1787616049968,12,11.703,0,1.2983640612827714,0.95,0.95,,,0.808,,,regime-trend-v1,c5c02ae54c65b1db1aa925671435d2ef2e9c643e,11.636,-0.5725027770657112,0,1787617645517
1400,LINK,1787572850081,1787659250081,24,11.703,0,2.5050363493036665,0.933,0.933,,,0.606,,,regime-trend-v1,c5c02ae54c65b1db1aa925671435d2ef2e9c643e,11.563,-1.1962744595402786,0,1787659593414
1402,BTC,1787572851117,1787616051117,12,78408,0,0.7918552036199095,0.867,0.867,,,0.448,,,regime-trend-v1,c5c02ae54c65b1db1aa925671435d2ef2e9c643e,79005,0.7614018977655341,1,1787617645234
1401,BTC,1787572851337,1787659251337,24,78408,0,1.3796046081638458,0.733,0.733,,,0.786,,,regime-trend-v1,c5c02ae54c65b1db1aa925671435d2ef2e9c643e,79102,0.8851137639016426,1,1787659593414
1403,LINK,1787576850957,1787663250957,24,11.739,0,2.820355610055189,0.933,0.933,,,0.606,,,regime-trend-v1,c5c02ae54c65b1db1aa925671435d2ef2e9c643e,11.589,-1.2777919754663971,0,1787667758493
1404,LINK,1787576861166,1787663261166,24,11.735,0,2.7853201366383433,0.8,0.8,,,0.606,,,regime-trend-v1,c5c02ae54c65b1db1aa925671435d2ef2e9c643e,11.589,-1.2441414571793696,0,1787667758493
1405,BTC,1787578089646,1787664489646,24,79066,0,2.230382332785974,0.867,0.867,,,0.184,,,regime-trend-v1,d23a30d7df227a7bf21d015cb1f869f92e315a76,79013,-0.06703260567121139,0,1787667758493
1406,BTC,1787578430066,1787664830066,24,78846,1,1.9459277744016759,0.5835,0.5835,,,0.571,,,regime-trend-v1,a0b2aeb2b045bc4ab746be9922bb97b7f9f06970,79013,0.21180529132739773,1,1787667758301
1407,BTC,1787578522215,1787664922215,24,78860,0,1.9640294281170403,0.867,0.867,,,0.184,,,regime-trend-v1,a0b2aeb2b045bc4ab746be9922bb97b7f9f06970,79013,0.1940147096119706,1,1787667758106
1408,LINK,1787583133042,1787626333042,12,11.724,0,2.054317548746524,0.6,0.6,,,0.645,,,regime-trend-v1,a0b2aeb2b045bc4ab746be9922bb97b7f9f06970,11.832,0.9211873080859821,1,1787626842067
1409,LINK,1787583133237,1787669533237,24,11.724,0,2.6889725847420545,0.733,0.733,,,0.676,,,regime-trend-v1,a0b2aeb2b045bc4ab746be9922bb97b7f9f06970,11.59,-1.1429546229955674,0,1787700209198
1410,BTC,1787583134705,1787626334705,12,79473,1,2.576248435019425,0.7165,0.7165,,,0.586,,,regime-trend-v1,a0b2aeb2b045bc4ab746be9922bb97b7f9f06970,80715,1.5627949114793704,1,1787626842067
1411,BTC,1787583134896,1787669534896,24,79473,1,2.756623265796925,0.75,0.75,,,0.786,,,regime-trend-v1,a0b2aeb2b045bc4ab746be9922bb97b7f9f06970,79172,-0.3787449825726976,0,1787700209198
1412,LINK,1787585899579,1787672299579,24,11.664,1,1.487862176977285,0.5835,0.5835,,,0.559,,,regime-trend-v1,a0b2aeb2b045bc4ab746be9922bb97b7f9f06970,11.59,-0.6344307270233183,0,1787700209198
1413,LINK,1787585967524,1787629167524,12,11.641,1,1.4731520223152064,0.65,0.65,,,0.677,,,regime-trend-v1,a0b2aeb2b045bc4ab746be9922bb97b7f9f06970,11.832,1.640752512670739,1,1787633554206
1414,LINK,1787585967911,1787672367911,24,11.641,1,1.2877403636996405,0.5835,0.5835,,,0.559,,,regime-trend-v1,a0b2aeb2b045bc4ab746be9922bb97b7f9f06970,11.59,-0.43810669186496143,0,1787700209198
1415,BTC,1787585968098,1787672368098,24,79572,1,3.099248509976678,0.75,0.75,,,0.786,,,regime-trend-v1,a0b2aeb2b045bc4ab746be9922bb97b7f9f06970,79172,-0.5026893882270145,0,1787700209198
1416,BTC,1787585969241,1787629169241,12,79572,1,2.60073496228483,0.7165,0.7165,,,0.586,,,regime-trend-v1,a0b2aeb2b045bc4ab746be9922bb97b7f9f06970,80715,1.436434926858694,1,1787633554206
1417,LINK,1787585978920,1787672378920,24,11.627,1,1.1659270860523827,0.5165,0.5165,,,0.941,,,regime-trend-v1,a0b2aeb2b045bc4ab746be9922bb97b7f9f06970,11.59,-0.3182248215360868,0,1787700209198
1418,BTC,1787585983629,1787672383629,24,79543,1,3.0616740088105727,0.75,0.75,,,0.786,,,regime-trend-v1,a0b2aeb2b045bc4ab746be9922bb97b7f9f06970,79172,-0.4664143922155312,0,1787700209198
1419,LINK,1787585984735,1787629184735,12,11.627,1,1.351115760111586,0.65,0.65,,,0.677,,,regime-trend-v1,a0b2aeb2b045bc4ab746be9922bb97b7f9f06970,11.832,1.7631375247269294,1,1787633554206
1420,BTC,1787585986411,1787629186411,12,79544,1,2.564631551801947,0.7165,0.7165,,,0.586,,,regime-trend-v1,a0b2aeb2b045bc4ab746be9922bb97b7f9f06970,80715,1.472141204867746,1,1787633554206
1421,LINK,1787585988576,1787672388576,24,11.626,1,1.157226137648996,0.5835,0.5835,,,0.559,,,regime-trend-v1,a0b2aeb2b045bc4ab746be9922bb97b7f9f06970,11.59,-0.30965078272836394,0,1787700209198
1422,LINK,1787586013561,1787672413561,24,11.631,1,1.2007308796658827,0.5165,0.5165,,,0.941,,,regime-trend-v1,a0b2aeb2b045bc4ab746be9922bb97b7f9f06970,11.59,-0.3525062333419342,0,1787700209198
1423,LINK,1787586014444,1787629214444,12,11.631,1,1.3859832635983325,0.65,0.65,,,0.677,,,regime-trend-v1,a0b2aeb2b045bc4ab746be9922bb97b7f9f06970,11.832,1.7281403146763006,1,1787633554206
1424,BTC,1787586015542,1787629215542,12,79586,1,2.6187866675262716,0.75,0.75,,,0.828,,,regime-trend-v1,a0b2aeb2b045bc4ab746be9922bb97b7f9f06970,80715,1.4185912095092101,1,1787633554206
1425,BTC,1787586015728,1787672415728,24,79586,1,3.1173879243327285,0.75,0.75,,,0.786,,,regime-trend-v1,a0b2aeb2b045bc4ab746be9922bb97b7f9f06970,79172,-0.5201919935667076,0,1787700209198
1426,LINK,1787605220116,1787691620116,24,11.612,0,1.0881866457734832,0.667,0.667,,,0.706,,,regime-trend-v1,a0b2aeb2b045bc4ab746be9922bb97b7f9f06970,11.289,-2.7816052359628007,0,1787700209198
1427,LINK,1787605220610,1787648420610,12,11.612,0,0.3369912727901123,0.867,0.867,,,0.808,,,regime-trend-v1,a0b2aeb2b045bc4ab746be9922bb97b7f9f06970,11.605,-0.060282466414051605,0,1787648857732
1428,BTC,1787605221591,1787691621591,24,78928,1,2.2202018553702296,0.75,0.75,,,0.786,,,regime-trend-v1,a0b2aeb2b045bc4ab746be9922bb97b7f9f06970,78194,-0.9299614838840462,0,1787700209198
1429,BTC,1787605221974,1787648421974,12,78928,0,2.35767085981066,0.95,0.95,,,0.448,,,regime-trend-v1,a0b2aeb2b045bc4ab746be9922bb97b7f9f06970,79930,1.2695114534765861,1,1787648438417
1430,BTC,1787615729830,1787702129830,24,78843,1,1.5978763707588624,0.75,0.75,,,0.786,,,regime-trend-v1,cb4a05123f9357931eb9c0ba73519ee20a7d7782,78452,-0.4959222759154268,0,1787702781574
1431,BTC,1787615733541,1787702133541,24,78840,1,1.594010540829607,0.75,0.75,,,0.786,,,regime-trend-v1,cb4a05123f9357931eb9c0ba73519ee20a7d7782,78452,-0.4921359715880264,0,1787702781574
1433,BTC,1787615832868,1787659032868,12,78883,1,2.166817769718948,0.75,0.75,,,0.828,,,regime-trend-v1,cb4a05123f9357931eb9c0ba73519ee20a7d7782,79102,0.27762635802390884,1,1787659593414
1432,LINK,1787615833332,1787659033332,12,11.63,1,1.1832260309726903,0.393,0.393,,,0.677,,,regime-trend-v1,cb4a05123f9357931eb9c0ba73519ee20a7d7782,11.563,-0.5760963026655216,0,1787659593414
1434,LINK,1787615833724,1787702233724,24,11.63,1,0.8935542639021563,0.35,0.35,,,0.882,,,regime-trend-v1,cb4a05123f9357931eb9c0ba73519ee20a7d7782,11.281,-3.0008598452278603,0,1787702781574
1435,BTC,1787615833881,1787702233881,24,78883,1,1.6494207698155998,0.7165,0.7165,,,0.786,,,regime-trend-v1,cb4a05123f9357931eb9c0ba73519ee20a7d7782,78452,-0.5463788141931721,0,1787702781574
1436,BTC,1787617645465,1787704045465,24,78798,1,1.2931921020156314,0.6835,0.6835,,,0.619,,,regime-trend-v1,ff4e23b900812e5fdc3dbe703586469202430dad,78429,-0.4682859971065255,0,1787706715703
1437,BTC,1787617651211,1787704051211,24,78798,1,1.2931921020156314,0.75,0.75,,,0.786,,,regime-trend-v1,ff4e23b900812e5fdc3dbe703586469202430dad,78429,-0.4682859971065255,0,1787706716600
1438,BTC,1787618769707,1787705169707,24,79514,0,2.2135952283011107,0.95,0.95,,,0.184,,,regime-trend-v1,ff4e23b900812e5fdc3dbe703586469202430dad,78750,-0.9608370852931558,0,1787706716600
1439,LINK,1787618776199,1787705176199,24,11.768,0,1.8609884878386551,0.933,0.933,,,0.606,,,regime-trend-v1,ff4e23b900812e5fdc3dbe703586469202430dad,11.256,-4.350781781101295,0,1787706716600
1440,BTC,1787618780016,1787705180016,24,79604,0,2.3292883587001234,0.867,0.867,,,0.184,,,regime-trend-v1,ff4e23b900812e5fdc3dbe703586469202430dad,78750,-1.0728104115371087,0,1787706716600
1441,LINK,1787618785585,1787705185585,24,11.781,0,1.973513373149829,0.933,0.933,,,0.606,,,regime-trend-v1,ff4e23b900812e5fdc3dbe703586469202430dad,11.256,-4.456327985739753,0,1787706716600
1442,BTC,1787618793313,1787705193313,24,79662,0,2.403846153846154,0.867,0.867,,,0.184,,,regime-trend-v1,ff4e23b900812e5fdc3dbe703586469202430dad,78750,-1.1448369360548316,0,1787706716600
1443,LINK,1787618800301,1787705200301,24,11.78123,0,1.9755041980437975,0.933,0.933,,,0.606,,,regime-trend-v1,ff4e23b900812e5fdc3dbe703586469202430dad,11.256,-4.458193244678191,0,1787706716600
1444,LINK,1787618946716,1787705346716,24,11.766,0,1.8436769670215458,0.933,0.933,,,0.606,,,regime-trend-v1,ff4e23b900812e5fdc3dbe703586469202430dad,11.256,-4.33452320244773,0,1787706716600
1445,LINK,1787618946987,1787662146987,12,11.766,0,0.5383235067931352,0.867,0.867,,,0.808,,,regime-trend-v1,ff4e23b900812e5fdc3dbe703586469202430dad,11.589,-1.5043345232024443,0,1787700209198
1446,BTC,1787618947693,1787705347693,24,79573,0,2.289438502673797,0.867,0.867,,,0.184,,,regime-trend-v1,ff4e23b900812e5fdc3dbe703586469202430dad,78750,-1.0342704183579858,0,1787706716600
1447,BTC,1787618947935,1787662147935,12,79573,0,1.4858177736965616,0.95,0.95,,,0.448,,,regime-trend-v1,ff4e23b900812e5fdc3dbe703586469202430dad,78801,-0.9701783268193984,0,1787700216135
1448,LINK,1787618955790,1787705355790,24,11.766,0,1.8436769670215458,0.95,0.95,,,0.606,,,regime-trend-v1,ff4e23b900812e5fdc3dbe703586469202430dad,11.256,-4.33452320244773,0,1787706716600
1449,LINK,1787618955996,1787662155996,12,11.766,0,0.5383235067931352,0.95,0.95,,,0.808,,,regime-trend-v1,ff4e23b900812e5fdc3dbe703586469202430dad,11.589,-1.5043345232024443,0,1787700216135
1450,BTC,1787618957799,1787705357799,24,79587,0,2.3074352118469763,0.867,0.867,,,0.184,,,regime-trend-v1,ff4e23b900812e5fdc3dbe703586469202430dad,78750,-1.0516792943571187,0,1787706716600
1451,BTC,1787618958012,1787662158012,12,79587,0,1.5036730945821855,0.95,0.95,,,0.448,,,regime-trend-v1,ff4e23b900812e5fdc3dbe703586469202430dad,78801,-0.9875984771382261,0,1787700216135
1452,BTC,1787618998217,1787705398217,24,79594,1,2.3164335664335662,0.75,0.75,,,0.786,,,regime-trend-v1,ff4e23b900812e5fdc3dbe703586469202430dad,78750,-1.060381435786617,0,1787706716600
1453,BTC,1787619412657,1787705812657,24,79778,1,2.9846680926704603,0.75,0.75,,,0.786,,,regime-trend-v1,ff4e23b900812e5fdc3dbe703586469202430dad,78750,-1.2885757978390031,0,1787706716600
1454,LINK,1787619434220,1787705834220,24,11.765,0,1.8350212066129985,0.95,0.95,,,0.606,,,regime-trend-v1,ff4e23b900812e5fdc3dbe703586469202430dad,11.256,-4.326391840203998,0,1787706716600
1455,BTC,1787619460204,1787705860204,24,79816,1,3.0337219344253485,0.75,0.75,,,0.786,,,regime-trend-v1,ff4e23b900812e5fdc3dbe703586469202430dad,78750,-1.3355718151749023,0,1787706716600
1456,LINK,1787620383941,1787706783941,24,11.742,1,1.7768917396203523,0.65,0.65,,,0.765,,,regime-trend-v1,9e7fcaa4d017260bdf10e05b28fb0775a3964e1b,11.387,-3.0233350366206815,0,1787713222989
1457,LINK,1787620384108,1787663584108,12,11.742,1,0,0.6785,0.6785,,,0.677,,,regime-trend-v1,9e7fcaa4d017260bdf10e05b28fb0775a3964e1b,11.589,-1.3030148185999018,0,1787700216135
1458,BTC,1787620385173,1787706785173,24,79693,1,2.6305080205639713,0.75,0.75,,,0.786,,,regime-trend-v1,9e7fcaa4d017260bdf10e05b28fb0775a3964e1b,78765,-1.1644686484383822,0,1787713222989
1459,BTC,1787620385200,1787663585200,12,79693,0,0.687311273673704,0.95,0.95,,,0.448,,,regime-trend-v1,9e7fcaa4d017260bdf10e05b28fb0775a3964e1b,78801,-1.1192952956972382,0,1787700216135
1460,BTC,1787620563497,1787706963497,24,79524,1,2.41286587062012,0.75,0.75,,,0.786,,,regime-trend-v1,9e7fcaa4d017260bdf10e05b28fb0775a3964e1b,78765,-0.9544288516674212,0,1787713222989
1461,LINK,1787620579437,1787706979437,24,11.723,0,1.612204212533587,0.933,0.933,,,0.606,,,regime-trend-v1,9e7fcaa4d017260bdf10e05b28fb0775a3964e1b,11.387,-2.8661605391111515,0,1787716269477
1462,LINK,1787620598464,1787706998464,24,11.718,0,1.5688653896160107,0.95,0.95,,,0.606,,,regime-trend-v1,9e7fcaa4d017260bdf10e05b28fb0775a3964e1b,11.387,-2.8247141150366915,0,1787716269477
1463,BTC,1787620615646,1787707015646,24,79584,1,2.4901352729670494,0.75,0.75,,,0.786,,,regime-trend-v1,9e7fcaa4d017260bdf10e05b28fb0775a3964e1b,78765,-1.0291013268998794,0,1787716269477
1464,LINK,1787620677668,1787707077668,24,11.746,0,1.8115627979544042,0.933,0.933,,,0.606,,,regime-trend-v1,9e7fcaa4d017260bdf10e05b28fb0775a3964e1b,11.387,-3.0563596117827343,0,1787716269477
1465,LINK,1787620797289,1787707197289,24,11.735,0,1.7162173875357425,0.95,0.95,,,0.606,,,regime-trend-v1,9e7fcaa4d017260bdf10e05b28fb0775a3964e1b,11.387,-2.965487856838509,0,1787716269477
1466,LINK,1787620797541,1787663997541,12,11.735,0,-0.05961505706013838,0.867,0.867,,,0.808,,,regime-trend-v1,9e7fcaa4d017260bdf10e05b28fb0775a3964e1b,11.589,-1.2441414571793696,0,1787700216135
1467,BTC,1787620798381,1787663998381,12,79749,0,0.7580639047871736,0.95,0.95,,,0.448,,,regime-trend-v1,9e7fcaa4d017260bdf10e05b28fb0775a3964e1b,78801,-1.1887296392431252,0,1787700216135
1468,BTC,1787620798629,1787707198629,24,79749,1,2.7026261294211054,0.75,0.75,,,0.786,,,regime-trend-v1,9e7fcaa4d017260bdf10e05b28fb0775a3964e1b,78765,-1.2338712711131175,0,1787716269477
1469,LINK,1787626840042,1787713240042,24,11.832,0,2.994428969359342,0.533,0.533,,,0.706,,,regime-trend-v1,9e7fcaa4d017260bdf10e05b28fb0775a3964e1b,11.427,-3.4229208924949384,0,1787716269477
1470,LINK,1787626840115,1787670040115,12,11.832,0,0.9070720233607755,0.714,0.714,,,0.806,,,regime-trend-v1,9e7fcaa4d017260bdf10e05b28fb0775a3964e1b,11.59,-2.0453008789722857,0,1787700216135
1472,BTC,1787626842023,1787670042023,12,80715,1,1.4912799104729093,0.75,0.75,,,0.828,,,regime-trend-v1,9e7fcaa4d017260bdf10e05b28fb0775a3964e1b,79172,-1.9116644985442608,0,1787700216135
1471,BTC,1787626842036,1787713242036,24,80715,1,4.179304825948346,0.7165,0.7165,,,0.786,,,regime-trend-v1,9e7fcaa4d017260bdf10e05b28fb0775a3964e1b,79066,-2.042990769993186,0,1787716269477
1473,BTC,1787633553531,1787719953531,24,80322,1,3.5677906002191992,0.75,0.75,,,0.786,,,regime-trend-v1,9e7fcaa4d017260bdf10e05b28fb0775a3964e1b,79023,-1.6172406065586016,0,1787722566348
1474,BTC,1787633569870,1787676769870,12,80323,1,0.9260422687407334,0.75,0.75,,,0.828,,,regime-trend-v1,9e7fcaa4d017260bdf10e05b28fb0775a3964e1b,79208,-1.388145363096498,0,1787700216135
1475,BTC,1787633569947,1787719969947,24,80323,1,3.569080007736445,0.7165,0.7165,,,0.786,,,regime-trend-v1,9e7fcaa4d017260bdf10e05b28fb0775a3964e1b,79023,-1.6184654457627328,0,1787722566348
1476,LINK,1787633571404,1787719971404,24,11.781,1,2.6935146443514735,0.6165,0.6165,,,0.559,,,regime-trend-v1,9e7fcaa4d017260bdf10e05b28fb0775a3964e1b,11.427,-3.004838298955954,0,1787722566348
1477,LINK,1787633571567,1787676771567,12,11.781,1,1.2548345509239434,0.6835,0.6835,,,0.806,,,regime-trend-v1,9e7fcaa4d017260bdf10e05b28fb0775a3964e1b,11.545,-2.0032255326373027,0,1787700216135
1478,BTC,1787633813947,1787720213947,24,80261.3,1,3.489523563922382,0.75,0.75,,,0.786,,,regime-trend-v1,9e7fcaa4d017260bdf10e05b28fb0775a3964e1b,79023,-1.5428357128528978,0,1787722566348
1479,LINK,1787633816187,1787720216187,24,11.742,1,2.3535564853556603,0.75,0.75,,,0.676,,,regime-trend-v1,9e7fcaa4d017260bdf10e05b28fb0775a3964e1b,11.427,-2.682677567705683,0,1787722566348
1480,BTC,1787633840230,1787720240230,24,80253,1,3.4788214815292373,0.75,0.75,,,0.786,,,regime-trend-v1,9e7fcaa4d017260bdf10e05b28fb0775a3964e1b,79023,-1.5326529849351427,0,1787722566348
1481,BTC,1787634004125,1787720404125,24,80382,1,3.645155051253949,0.75,0.75,,,0.786,,,regime-trend-v1,9e7fcaa4d017260bdf10e05b28fb0775a3964e1b,79023,-1.6906770172426662,0,1787722566348
1482,LINK,1787634032654,1787720432654,24,11.758,0,2.4930264993026463,0.733,0.733,,,0.676,,,regime-trend-v1,9e7fcaa4d017260bdf10e05b28fb0775a3964e1b,11.427,-2.815104609627484,0,1787722566348
1483,BTC,1787634519533,1787720919533,24,80555,1,3.868222551737477,0.75,0.75,,,0.786,,,regime-trend-v1,9e7fcaa4d017260bdf10e05b28fb0775a3964e1b,79023,-1.901806219353237,0,1787722566348
1484,LINK,1787634973716,1787721373716,24,11.78858,0,2.7595885634588573,0.733,0.733,,,0.676,,,regime-trend-v1,9e7fcaa4d017260bdf10e05b28fb0775a3964e1b,11.427,-3.0672057194335536,0,1787722566348
1485,LINK,1787634973926,1787678173926,12,11.78858,1,1.3199828104856024,0.6165,0.6165,,,0.645,,,regime-trend-v1,9e7fcaa4d017260bdf10e05b28fb0775a3964e1b,11.545,-2.066236985285757,0,1787700216135
1486,BTC,1787634974781,1787678174781,12,80524.4,0,1.1791018520845302,0.95,0.95,,,0.448,,,regime-trend-v1,9e7fcaa4d017260bdf10e05b28fb0775a3964e1b,79208,-1.634783990939385,0,1787700216135
1487,BTC,1787634975082,1787721375082,24,80524.4,1,3.828766681709747,0.75,0.75,,,0.786,,,regime-trend-v1,9e7fcaa4d017260bdf10e05b28fb0775a3964e1b,79023,-1.8645280188365194,0,1787722566348
1488,LINK,1787635160818,1787721560818,24,11.79135,0,2.7837343096234313,0.6,0.6,,,0.559,,,regime-trend-v1,9e7fcaa4d017260bdf10e05b28fb0775a3964e1b,11.427,-3.0899769746466688,0,1787722566348
1489,LINK,1787635161685,1787678361685,12,11.79135,0,1.3437902879243642,0.636,0.636,,,0.677,,,regime-trend-v1,9e7fcaa4d017260bdf10e05b28fb0775a3964e1b,11.545,-2.0892433860414594,0,1787700216135
1490,BTC,1787635161897,1787678361897,12,80587,0,1.2577589023195035,0.95,0.95,,,0.448,,,regime-trend-v1,9e7fcaa4d017260bdf10e05b28fb0775a3964e1b,79208,-1.7111941131944357,0,1787700216135
1491,BTC,1787635162526,1787721562526,24,80587,1,3.909483592289343,0.75,0.75,,,0.786,,,regime-trend-v1,9e7fcaa4d017260bdf10e05b28fb0775a3964e1b,79023,-1.9407596758782435,0,1787722566348
1492,LINK,1787635200457,1787721600457,24,11.798,0,2.841701534170158,0.6,0.6,,,0.559,,,regime-trend-v1,9e7fcaa4d017260bdf10e05b28fb0775a3964e1b,11.427,-3.144600779793189,0,1787722566348
1493,BTC,1787637638453,1787680838453,12,80727,0,2.397351497393356,0.95,0.95,,,0.448,,,regime-trend-v1,9e7fcaa4d017260bdf10e05b28fb0775a3964e1b,79208,-1.8816505010715128,0,1787700216135
1494,LINK,1787637638605,1787680838605,12,11.824,0,2.5854589623460007,0.5,0.5,,,0.613,,,regime-trend-v1,9e7fcaa4d017260bdf10e05b28fb0775a3964e1b,11.545,-2.359607577807848,0,1787700216135
1495,LINK,1787637638667,1787724038667,24,11.824,0,3.0683403068340334,0.533,0.533,,,0.706,,,regime-trend-v1,9e7fcaa4d017260bdf10e05b28fb0775a3964e1b,11.391,-3.6620433017591325,0,1787739820121
1496,BTC,1787637638754,1787724038754,24,80727,0,4.090000644703759,0.95,0.95,,,0.184,,,regime-trend-v1,9e7fcaa4d017260bdf10e05b28fb0775a3964e1b,79075,-2.046403309921092,0,1787739820121
1497,BTC,1787646695885,1787733095885,24,80200,0,3.5453301314328507,0.95,0.95,,,0.205,,,regime-trend-v1,9e7fcaa4d017260bdf10e05b28fb0775a3964e1b,78659,-1.9214463840399,0,1787739820121
1498,BTC,1787648438334,1787734838334,24,79930,0,3.657113214887823,0.95,0.95,,,0.205,,,regime-trend-v1,9e7fcaa4d017260bdf10e05b28fb0775a3964e1b,78659,-1.5901413737019894,0,1787739820121
1499,BTC,1787648438361,1787691638361,12,79930,0,1.2695114534765861,0.95,0.95,,,0.5,,,regime-trend-v1,9e7fcaa4d017260bdf10e05b28fb0775a3964e1b,78194,-2.1719004128612536,0,1787700216135
1500,LINK,1787648857363,1787735257363,24,11.605,0,0.9657212458674147,0.867,0.867,,,0.629,,,regime-trend-v1,9e7fcaa4d017260bdf10e05b28fb0775a3964e1b,11.302,-2.6109435588108645,0,1787739820121
1501,BTC,1787657072916,1787743472916,24,79264,0,2.6602771661701854,0.95,0.95,,,0.205,,,regime-trend-v1,9e7fcaa4d017260bdf10e05b28fb0775a3964e1b,78507,-0.955036334275333,0,1787745626534
1502,LINK,1787659591692,1787745991692,24,11.519,0,-1.5722464325386591,0.867,0.867,,,0.629,,,regime-trend-v1,9ace9bedd93627ea15cbadb68cff4c31fdc48612,11.39729,-1.0566021356020507,0,1787752775753
1505,BTC,1787659592745,1787745992745,24,78778,1,0.4718906234057749,0.75,0.75,,,0.795,,,regime-trend-v1,9ace9bedd93627ea15cbadb68cff4c31fdc48612,78507,-0.34400467135494683,0,1787752775753
1504,BTC,1787659592852,1787702792852,12,78778,1,-0.28732358711473954,0.75,0.75,,,0.677,,,regime-trend-v1,9ace9bedd93627ea15cbadb68cff4c31fdc48612,78429,-0.44301708598847395,0,1787703002487
1503,LINK,1787659592865,1787702792865,12,11.519,0,-1.0055001718803636,0.692,0.692,,,0.813,,,regime-trend-v1,9ace9bedd93627ea15cbadb68cff4c31fdc48612,11.261,-2.2397777584859875,0,1787703002487
1506,LINK,1787659886314,1787746286314,24,11.567,1,-1.1620951892677027,0.7165,0.7165,,,0.714,,,regime-trend-v1,9ace9bedd93627ea15cbadb68cff4c31fdc48612,11.39729,-1.4671911472291885,0,1787752775753
1507,LINK,1787659911332,1787746311332,24,11.572,0,-1.1193711014269865,0.867,0.867,,,0.629,,,regime-trend-v1,9ace9bedd93627ea15cbadb68cff4c31fdc48612,11.39729,-1.509764949879012,0,1787752775753
1508,BTC,1787660307205,1787746707205,24,78933,0,0.6695745332108969,0.95,0.95,,,0.205,,,regime-trend-v1,9ace9bedd93627ea15cbadb68cff4c31fdc48612,78507,-0.539698225076964,0,1787752775753
1509,BTC,1787660500798,1787746900798,24,78858,0,0.573921028466483,0.95,0.95,,,0.205,,,regime-trend-v1,9ace9bedd93627ea15cbadb68cff4c31fdc48612,78507,-0.44510385756676557,0,1787752775753
1510,BTC,1787660634936,1787747034936,24,78801,0,0.5012243648607284,0.95,0.95,,,0.205,,,regime-trend-v1,9ace9bedd93627ea15cbadb68cff4c31fdc48612,78507,-0.37309171203411123,0,1787752775753
1511,BTC,1787700208533,1787786608533,24,78706,1,-0.2812690046624772,0.5165,0.5165,,,0.636,,,regime-trend-v1,9ace9bedd93627ea15cbadb68cff4c31fdc48612,78851.5,0.1848651945213834,1,1787787022317
1512,LINK,1787700215819,1787786615819,24,11.35,1,-2.256286600068898,0.25,0.25,,,0.8,,,regime-trend-v1,9ace9bedd93627ea15cbadb68cff4c31fdc48612,11.3032,-0.41233480176210824,0,1787787022317
1513,LINK,1787700232935,1787786632935,24,11.348,1,-2.2735101619014757,0.25,0.25,,,0.8,,,regime-trend-v1,9ace9bedd93627ea15cbadb68cff4c31fdc48612,11.3032,-0.39478322171308067,0,1787787022317
1514,BTC,1787700233156,1787786633156,24,78705,1,-0.2825359821609568,0.55,0.55,,,0.636,,,regime-trend-v1,9ace9bedd93627ea15cbadb68cff4c31fdc48612,78851.5,0.18613811066641256,1,1787787022317
1515,BTC,1787700242914,1787786642914,24,78698.3,1,-0.2910247314007666,0.55,0.55,,,0.636,,,regime-trend-v1,9ace9bedd93627ea15cbadb68cff4c31fdc48612,78851.5,0.19466748328743705,1,1787787022317
1516,BTC,1787702780817,1787789180817,24,78429,1,-0.7290677805202203,0.5165,0.5165,,,0.636,,,regime-trend-v1,9ace9bedd93627ea15cbadb68cff4c31fdc48612,78951,0.6655701334965383,1,1787799624149
1517,LINK,1787703001843,1787789401843,24,11.261,1,-3.2227569611550364,0.25,0.25,,,0.8,,,regime-trend-v1,9ace9bedd93627ea15cbadb68cff4c31fdc48612,11.615,3.1435929313560167,1,1787799624149
1518,LINK,1787703040007,1787789440007,24,11.256,1,-3.265727053970428,0.25,0.25,,,0.8,,,regime-trend-v1,9ace9bedd93627ea15cbadb68cff4c31fdc48612,11.615,3.1894100923951667,1,1787799624149
1519,BTC,1787706714824,1787793114824,24,78753,1,-1.331813170291671,0.3165,0.3165,,,0.75,,,regime-trend-v1,a01ba6629584b7f00edea1e9161074d00be36beb,78951,0.25141899356215,1,1787799624149
1521,BTC,1787706715039,1787793115039,24,78753,1,-1.331813170291671,0.3165,0.3165,,,0.75,,,regime-trend-v1,a01ba6629584b7f00edea1e9161074d00be36beb,78951,0.25141899356215,1,1787799624149
1520,ETH,1787706716331,1787793116331,24,2454.5,0,-1.642957323181727,0.6,0.6,,,0.6,,,regime-trend-v1,a01ba6629584b7f00edea1e9161074d00be36beb,2503.1,1.980036667345688,1,1787799624149
1522,BTC,1787716268747,1787802668747,24,78987,1,-2.1408660100353094,0.45,0.45,,,0.705,,,regime-trend-v1,a01ba6629584b7f00edea1e9161074d00be36beb,78692,-0.3734791801182473,0,1787810425413
1523,BTC,1787722565660,1787808965660,24,79023,1,-1.9407596758782435,0.48350000000000004,0.48350000000000004,,,0.659,,,regime-trend-v1,a01ba6629584b7f00edea1e9161074d00be36beb,78692,-0.4188653936195791,0,1787810425413
1524,LINK,1787722588594,1787808988594,24,11.394,1,-3.424309204949991,0.4165,0.4165,,,0.886,,,regime-trend-v1,a01ba6629584b7f00edea1e9161074d00be36beb,11.547,1.3428120063191193,1,1787810425413
1525,ETH,1787722604454,1787809004454,24,2462.2,0,-1.2473428789155079,0.733,0.733,,,0.733,,,regime-trend-v1,a01ba6629584b7f00edea1e9161074d00be36beb,2493.3,1.2630980424011196,1,1787810425413
1526,BTC,1787739819287,1787826219287,24,78523,1,-1.7602902539722256,0.25,0.25,,,0.417,,,regime-trend-v1,a01ba6629584b7f00edea1e9161074d00be36beb,79686,1.4810947111037531,1,1787830744252
1527,LINK,1787739838312,1787826238312,24,11.347,0,-2.2231796639379655,0.267,0.267,,,0.789,,,regime-trend-v1,a01ba6629584b7f00edea1e9161074d00be36beb,11.855,4.476954261038168,1,1787830744252
1528,ETH,1787740050923,1787826450923,24,2453.4,0,-1.2199541007367931,0.533,0.533,,,0.533,,,regime-trend-v1,a01ba6629584b7f00edea1e9161074d00be36beb,2530.2,3.1303497187576315,1,1787830744252
1529,BTC,1787752774981,1787839174981,24,78430.9,1,-0.4696640905572338,0.3165,0.3165,,,0.75,,,regime-trend-v1,a01ba6629584b7f00edea1e9161074d00be36beb,79518,1.3860608510166348,1,1787842855174
1530,LINK,1787752787786,1787839187786,24,11.337,0,-2.1744757960134664,0.2,0.2,,,0.789,,,regime-trend-v1,a01ba6629584b7f00edea1e9161074d00be36beb,11.757,3.704683778777454,1,1787842855174
1531,ETH,1787752794244,1787839194244,24,2456.1,0,-0.7676457516868005,0.533,0.533,,,0.533,,,regime-trend-v1,a01ba6629584b7f00edea1e9161074d00be36beb,2501.8,1.860673425349142,1,1787842855174
1532,LINK,1787752863076,1787839263076,24,11.33,1,-2.2348779014582822,0.3835,0.3835,,,0.895,,,regime-trend-v1,a01ba6629584b7f00edea1e9161074d00be36beb,11.757,3.768755516328328,1,1787842855174
1533,BTC,1787753049557,1787839449557,24,78512,1,-0.36674661489067395,0.3165,0.3165,,,0.75,,,regime-trend-v1,a01ba6629584b7f00edea1e9161074d00be36beb,79518,1.281332789891991,1,1787842855174
1534,BTC,1787787021601,1787873421601,24,78851.5,1,0.19466748328743705,0.25,0.25,,,0.417,,,regime-trend-v1,a01ba6629584b7f00edea1e9161074d00be36beb,80018,1.4793631065991135,1,1787875253464
1535,LINK,1787787055416,1787873455416,24,11.576,1,2.009164610504051,0.35,0.35,,,0.895,,,regime-trend-v1,a01ba6629584b7f00edea1e9161074d00be36beb,11.889,2.7038700760193404,1,1787875253464
1536,ETH,1787787075590,1787873475590,24,2500.4,0,2.048812341849656,0.467,0.467,,,0.467,,,regime-trend-v1,a01ba6629584b7f00edea1e9161074d00be36beb,2504.3,0.15597504399296475,1,1787875253464
1537,ETH,1787788822986,1787875222986,24,2503.1,0,2.1590074279650677,0.267,0.267,,,0.267,,,regime-trend-v1,135925d3dc1c0bfa3ea647046579bf8737a53b6e,2504.3,0.047940553713406296,1,1787875253464
1538,LINK,1787788823170,1787832023170,12,11.615,1,2.3257862743370565,0.2835,0.2835,,,0.636,,,regime-trend-v1,135925d3dc1c0bfa3ea647046579bf8737a53b6e,11.757,1.2225570383125222,1,1787836942801
1539,LINK,1787810427124,1787853627124,12,11.625,0,3.443673251468237,0.533,0.533,,,0.576,,,regime-trend-v1,135925d3dc1c0bfa3ea647046579bf8737a53b6e,11.891,2.2881720430107526,1,1787853654718
1541,ETH,1787821236510,1787864436510,12,2530.2,0,2.3626506998947985,0.467,0.467,,,0.467,,,regime-trend-v1,135925d3dc1c0bfa3ea647046579bf8737a53b6e,2504.3,-1.0236344952968002,0,1787873281859
1540,ETH,1787821236634,1787907636634,24,2530.2,0,3.1093361587676647,0.2,0.2,,,0.2,,,regime-trend-v1,135925d3dc1c0bfa3ea647046579bf8737a53b6e,2495.9,-1.355624061339014,0,1787907653225
1542,ETH,1787875255453,1787961655453,24,2510.5,0,0.2956334145659419,0.533,0.533,,,0.533,,,regime-trend-v1,40d5cf1fb83adca9cf06824d4284d367d9df3689,2442.59,-2.705038836885077,0,1787972453179
1543,ETH,1787886054058,1787929254058,12,2490.1,0,-0.46766328243665645,0.133,0.133,,,0.133,,,regime-trend-v1,40d5cf1fb83adca9cf06824d4284d367d9df3689,2517.06,1.0826874422713963,1,1787931636671
1544,ETH,1787907654236,1787994054236,24,2486.89,0,-1.711722393486679,0.6,0.6,,,0.6,,,regime-trend-v1,40d5cf1fb83adca9cf06824d4284d367d9df3689,2434,-2.1267526911121872,0,1788004853276
1545,ETH,1787907654452,1787950854452,12,2486.89,0,-1.1884138588684166,0.667,0.667,,,0.667,,,regime-trend-v1,40d5cf1fb83adca9cf06824d4284d367d9df3689,2427.4,-2.392144405261181,0,1787950961837
1546,ETH,1787961654198,1788004854198,12,2442.59,0,-1.7813413540606833,0.667,0.667,,,0.667,,,regime-trend-v1,40d5cf1fb83adca9cf06824d4284d367d9df3689,2435.2,-0.3025477055093293,0,1788006539432
1547,LINK,1787972454375,1788015654375,12,11.386,1,-4.069424551352267,0.5165,0.5165,,,0.576,,,regime-trend-v1,40d5cf1fb83adca9cf06824d4284d367d9df3689,11.453,0.588441946249782,1,1788026453216
1548,ETH,1787972454476,1788058854476,24,2438.98,1,-2.0529296012208302,0.65,0.65,,,0.65,,,regime-trend-v1,40d5cf1fb83adca9cf06824d4284d367d9df3689,2454.4,0.6322315066134234,1,1788059166128
1549,ETH,1787983254048,1788026454048,12,2438.42,0,-0.24464081165112167,0.733,0.733,,,0.733,,,regime-trend-v1,40d5cf1fb83adca9cf06824d4284d367d9df3689,2450.18,0.4822795088622864,1,1788037253198
1550,ETH,1787983254154,1788069654154,24,2438.42,0,-2.302976882086623,0.867,0.867,,,0.867,,,regime-trend-v1,40d5cf1fb83adca9cf06824d4284d367d9df3689,2454.8,0.6717464587724883,1,1788072028145
1551,ETH,1788004854452,1788048054452,12,2435.2,0,-0.3025477055093293,0.643,0.643,,,0.643,,,regime-trend-v1,40d5cf1fb83adca9cf06824d4284d367d9df3689,2457.1,0.899310118265444,1,1788050248781
1552,ETH,1788015653874,1788102053874,24,2447.07,0,-2.780625014898325,0.467,0.467,,,0.467,,,regime-trend-v1,40d5cf1fb83adca9cf06824d4284d367d9df3689,2477,1.223095375285539,1,1788112803510
1553,ETH,1788048054126,1788091254126,12,2457.1,0,0.899310118265444,0.714,0.714,,,0.714,,,regime-trend-v1,40d5cf1fb83adca9cf06824d4284d367d9df3689,2460.1,0.12209515282243295,1,1788102003525
1554,ETH,1788048054126,1788134454126,24,2457.1,0,0.5940415706278894,0.933,0.933,,,0.933,,,regime-trend-v1,40d5cf1fb83adca9cf06824d4284d367d9df3689,2418.1,-1.5872369866916283,0,1788138843880
1555,ETH,1788058853936,1788102053936,12,2454.4,0,0.29954190113073703,0.95,0.95,,,0.95,0.95,0,regime-trend-v1,de3ae03f12deda484b9d59c12d876cf0006027fc,2477,0.920795306388523,1,1788112803500
1556,LINK,1788112803923,1788156003923,12,11.654,0,2.2729267222466025,0.467,0.467,,,0.727,0.467,0,regime-trend-v1,9e6ad008d37c937306bffe5b40ea7dd0bb26a179,11.261,-3.3722327097992166,0,1788163512518
1557,LINK,1788134403408,1788177603408,12,11.135,0,-2.1270985321262272,0.429,0.429,,,0.727,0.429,0,regime-trend-v1,9e6ad008d37c937306bffe5b40ea7dd0bb26a179,11.242,0.9609339919173876,1,1788181807956
1558,ETH,1788156003127,1788199203127,12,2436.3,0,-1.643116673395229,0.533,0.533,,,0.533,0.533,0,regime-trend-v1,9e6ad008d37c937306bffe5b40ea7dd0bb26a179,2476,1.629520174034389,1,1788204875308
1559,LINK,1788166803178,1788210003178,12,11.2685,0,-3.3078771237343436,0.667,0.667,,,0.647,0.667,0,regime-trend-v1,9e6ad008d37c937306bffe5b40ea7dd0bb26a179,11.378,0.9717353685051302,1,1788220803489
1560,ETH,1788220803879,1788264003879,12,2467.7,0,0.8578867131780955,0.333,0.333,,,0.333,0.333,0,regime-trend-v1,9e6ad008d37c937306bffe5b40ea7dd0bb26a179,2458.6,-0.36876443651983265,0,1788273658639
1561,ETH,1788242407191,1788285607191,12,2485.16,0,0.3699515347334351,0.533,0.533,,,0.533,0.533,0,regime-trend-v1,650b2b5f4398e4c333b225f8c95f5fee3cf00759,2418.5,-2.6823222649648257,0,1788296406497
1562,LINK,1788242407247,1788285607247,12,11.508,0,1.0714913051115396,0.615,0.615,,,0.676,0.615,0,regime-trend-v1,650b2b5f4398e4c333b225f8c95f5fee3cf00759,11.31611,-1.667448731317336,0,1788296406497
1563,ETH,1788253207047,1788296407047,12,2448.4,0,-1.002749474365184,0.667,0.667,,,0.667,0.667,0,regime-trend-v1,650b2b5f4398e4c333b225f8c95f5fee3cf00759,2421.7,-1.090508086913914,0,1788307206394
1564,BTC,1788307207512,1788350407512,12,77452,1,-0.8166249838326913,0.6165,0.7165,macro,agree,0.563,0.617,0,regime-trend-v1,561c5c470dfc93ce7da7fb60a3e35ebdf6ba5f40,,,,
1565,BTC,1788307207745,1788393607745,24,77452,1,-1.4259460064857308,0.4165,0.3165,macro,agree,0.56,0.416,0,regime-trend-v1,561c5c470dfc93ce7da7fb60a3e35ebdf6ba5f40,77316.1,-0.17546351288539247,0,1788404411256
1566,BTC,1788318007355,1788361207355,12,77314,0,-1.0760667903525045,0.8,0.8,,,0.531,0.8,0,regime-trend-v1,561c5c470dfc93ce7da7fb60a3e35ebdf6ba5f40,,,,
1567,BTC,1788318007547,1788404407547,24,77314,0,-1.6015801986448093,0.867,0.867,,,0.182,0.867,0,regime-trend-v1,561c5c470dfc93ce7da7fb60a3e35ebdf6ba5f40,77316.1,0.0027161962904594518,1,1788404411256
1568,BTC,1788328807334,1788415207334,24,77646,1,-1.9311651405115249,0.4165,0.3165,macro,agree,0.56,0.416,0,regime-trend-v1,561c5c470dfc93ce7da7fb60a3e35ebdf6ba5f40,77776.7,0.16832805295829417,1,1788415215955
1569,BTC,1788328807525,1788372007525,12,77646,1,0.5027337116348348,0.55,0.525,macro,disagree,0.438,0.55,0,regime-trend-v1,561c5c470dfc93ce7da7fb60a3e35ebdf6ba5f40,,,,
1570,BTC,1788415217843,1788458417843,12,77761,0,0.14810808026170055,0.533,0.533,,,0.438,0.533,0,regime-trend-v1,7d79fa76e61c19e65f9830f83efd72fa583b72f5,,,,
1571,BTC,1788415218129,1788501618129,24,77761,0,0.14810808026170055,0.4,0.4,,,0.56,0.4,0,regime-trend-v1,7d79fa76e61c19e65f9830f83efd72fa583b72f5,,,,
