id,ts,target_ts,link_price_at_prediction,p_up,n_analogs,median_analog_return,return_p25,return_p75,horizon_hours,k_used,volatility_percentile,closest_analog_dist,is_regime_anomaly,p_up_experimental,median_return_experimental,trend_strength,calibrated_p_up,model_version,git_commit_sha,realized_link_price,realized_return,realized_up,resolved_ts
1,1785641900856,1785728300856,8.2842,0.3333333333333333,6,-1.046963446224705,-2.3858022523471627,0.47161919103193073,24,,,,,,,,,legacy,unknown,8.2544,-0.3597209145119604,0,1785736838490
2,1785641913162,1785728313162,8.29062,0.6,5,0.5092442814862581,-1.5950112165305022,0.711797100363396,24,,,,,,,,,legacy,unknown,8.2544,-0.43687926837799995,0,1785736838511
3,1785642800251,1785729200251,8.2791,0.5714285714285714,14,1.2252271120768576,-1.5141362722645102,2.966260241274765,24,,,,,,,,,legacy,unknown,8.2544,-0.29834160717951563,0,1785736838534
4,1785645321281,1785731721281,8.3576,0.5714285714285714,7,0.22220075355037858,-1.5224262574781606,4.448411892365753,24,,,,,,,,,legacy,unknown,8.261,-1.1558342107782194,0,1785736838554
5,1785650175956,1785736575956,8.3856,0.625,8,0.8315479094631026,-1.2969936675572802,1.9639380343689061,24,,,,,,,,,legacy,unknown,8.261,-1.485880557145594,0,1785736838565
6,1785650438533,1785736838533,8.3839,0.7142857142857143,7,1.046313262146961,-0.7313279309566223,1.9639380343689061,24,,,,,,,,,legacy,unknown,8.261,-1.4659048891327584,0,1785749978515
7,1785661477205,1785747877205,8.3209,0.6666666666666666,6,2.3449334698055346,-1.5141362722645102,4.448411892365753,24,,,,,,,,,legacy,unknown,8.2228,-1.178959006838209,0,1785749978776
8,1785663303767,1785749703767,8.3824,0.8,5,1.810541721178807,0.16992259081973624,2.966260241274765,24,,,,,,,,,legacy,unknown,8.2228,-1.9039893109372146,0,1785749979025
9,1785687628437,1785774028437,8.2528,0.2857142857142857,7,-0.7794751805852143,-2.9614290070129115,0.5222622133850153,24,,,,,,,,,legacy,unknown,8.2485,-0.052103528499426094,0,1785780038508
10,1785713857918,1785800257918,8.3748,0.875,8,1.3199124091123529,1.2109346675368111,1.810541721178807,24,,,,,,,,,legacy,unknown,8.1762,-2.3713999140278066,0,1785801605478
11,1785715238439,1785801638439,8.37736,0.75,8,1.494795231062918,0.47161919103193073,1.9639380343689061,24,,,,,,,,,legacy,unknown,8.1855,-2.2902203080684145,0,1785801688595
12,1785719862323,1785806262323,8.3498,0.8,10,1.017457686584311,0.16992259081973624,1.0688131695212766,24,,,,,,,,,legacy,unknown,8.134,-2.5844930417495005,0,1785806327241
13,1785721145162,1785807545162,8.3368,0.7777777777777778,9,0.7880615083753397,0.751697967273351,0.9102353055098359,24,,,,,,,,,legacy,unknown,8.1443,-2.3090394395931386,0,1785811454390
14,1785722845046,1785766045046,8.31755,0.2222222222222222,9,-0.07020431877601091,-0.2030800473853435,-0.03269358842403628,12,,,,,,,,,legacy,unknown,8.1865,-1.575584156392208,0,1785780038549
15,1785722949372,1785766149372,8.3125,0.2222222222222222,9,-0.07020431877601091,-0.2030800473853435,-0.03269358842403628,12,,,,,,,,,legacy,unknown,8.1865,-1.515789473684204,0,1785780038573
16,1785736838626,1785780038626,8.261,0.7142857142857143,14,0.4952385498460701,-1.7009979843665486,3.249782851470415,12,,,,,,,,,legacy,unknown,8.2485,-0.1513134003147233,0,1785799575499
17,1785736838629,1785823238629,8.261,1,14,2.9033294844477244,2.3650216111938627,3.883821770334929,24,,,,,,,,,legacy,unknown,8.1829,-0.9454061251664347,0,1785829363291
18,1785749979810,1785836379810,8.2228,0.7272727272727273,11,3.883821770334929,-0.22000338466745903,3.8937833478099084,24,,,,,,,,,legacy,unknown,8.14593,-0.9348397139660403,0,1785843240995
19,1785749988462,1785793188462,8.2229,0.7142857142857143,14,3.249782851470415,-0.016957775139905155,4.687421855463858,12,,,,,,,,,legacy,unknown,8.17492,-0.583492441839242,0,1785799575772
20,1785750015281,1785793215281,8.2232,0.8461538461538461,13,1.58005790274302,1.0998983855123246,3.7729266347687336,12,,,,,,,,,legacy,unknown,8.17492,-0.5871193695884825,0,1785799576034
21,1785758438584,1785801638584,8.1865,0.8181818181818182,11,3.249782851470415,0.01938735944164191,3.7729266347687336,12,,,,,,,,,legacy,unknown,8.1855,-0.012215232394811239,0,1785801688859
22,1785758438585,1785844838585,8.1865,0.8,10,3.883821770334929,2.2443767196811804,3.8937833478099084,24,,,,,,,,,legacy,unknown,8.2116,0.30660233310938884,1,1785855605353
23,1785780038608,1785823238608,8.2485,0.2857142857142857,14,-0.6615678317144271,-0.9310229285338167,0.11452567283831531,12,,,,,,,,,legacy,unknown,8.1829,-0.7952961144450491,0,1785829363569
24,1785780038663,1785866438663,8.2485,0.16666666666666666,12,-1.0980816645619145,-1.2829981892690303,-0.7838303575702468,24,,,,,,,,,legacy,unknown,8.17055,-0.9450203067224285,0,1785877205375
25,1785799576838,1785885976838,8.17492,0.6,10,1.8958559393326098,-0.08842268465806766,2.1808392402874923,24,,,,,,,,,legacy,unknown,8.1525,-0.27425344835179216,0,1785886783676
26,1785799630438,1785842830438,8.1762,0.5,14,0.01938735944164191,-0.5871193695884825,1.9914370673806612,12,,,,,,,,,legacy,unknown,8.1805,0.05259166850126755,1,1785843241286
27,1785801605533,1785888005533,8.1855,0.6,10,2.1277122145525693,-1.0361883672511532,2.2384266113907936,24,,,,,,,,,legacy,unknown,8.1468,-0.47278724573940045,0,1785889361145
28,1785801605556,1785844805556,8.1855,0.6666666666666666,12,0.7541042756629928,-0.47255947093080103,2.4159429971053163,12,,,,,,,,,legacy,unknown,8.2116,0.31885651456846065,1,1785855605385
29,1785801689664,1785888089664,8.1813,0.5555555555555556,9,2.1277122145525693,-1.0361883672511532,2.2384266113907936,24,,,,,,,,,legacy,unknown,8.1468,-0.42169337391367545,0,1785889361404
30,1785801701700,1785844901700,8.1788,0.7,10,0.9952703597174142,-0.47255947093080103,2.4159429971053163,12,,,,,,,,,legacy,unknown,8.2116,0.40103682691837356,1,1785855605412
31,1785801860399,1785888260399,8.1868,0.875,8,2.2384266113907936,2.1277122145525693,3.585637557191159,24,,,,,,,,,legacy,unknown,8.1468,-0.48859139101967985,0,1785889361668
32,1785802015596,1785888415596,8.1778,0.8571428571428571,7,2.2384266113907936,2.1277122145525693,3.585637557191159,24,,,,,,,,,legacy,unknown,8.1468,-0.37907505686124393,0,1785889361922
33,1785802017145,1785845217145,8.17792,0.7142857142857143,7,2.4159429971053163,-0.47255947093080103,3.908891983290222,12,,,,,,,,,legacy,unknown,8.2116,0.41184066364063693,1,1785855605441
34,1785802256977,1785888656977,8.181,0.8333333333333334,6,2.2384266113907936,2.1277122145525693,3.585637557191159,24,,,,,,,,,legacy,unknown,8.1468,-0.41804180418039916,0,1785889362177
35,1785802352537,1785888752537,8.1705,0.8,5,2.1277122145525693,2.1277122145525693,3.585637557191159,24,,,,,,,,,legacy,unknown,8.1386,-0.390428982314427,0,1785889362447
36,1785805491916,1785891891916,8.1124,0.9,10,2.2991487837119915,1.8958559393326098,2.8233286339689947,24,,,,,,,,,legacy,unknown,8.1415,0.3587101227750291,1,1785893782597
37,1785805494789,1785848694789,8.1124,0.375,8,-0.31287873166629143,-0.32126529099221307,0.7079055631740815,12,,,,,,,,,legacy,unknown,8.2116,1.2228193876041804,1,1785855605462
38,1785806488140,1785892888140,8.1391,0.4,15,-0.22000338466745903,-1.0980816645619145,2.2384266113907936,24,21,0.14971428571428572,0.7766989656052334,1,0.3041136896431018,-0.7838303575702468,,,legacy,unknown,8.1415,0.029487289749499483,1,1785893782867
39,1785806505429,1785892905429,8.1395,0.4,15,-0.22000338466745903,-1.0980816645619145,2.2384266113907936,24,21,0.14857142857142858,0.7765723330158004,1,0.3043029306385103,-0.7838303575702468,,,legacy,unknown,8.1415,0.02457153387801054,1,1785893783121
40,1785806852715,1785893252715,8.1443,0.4,15,-0.7838303575702468,-1.0980816645619145,2.2384266113907936,24,21,0.15085714285714286,0.8305295830985323,1,0.36416803408749004,-0.24412056171898472,,,legacy,unknown,8.1415,-0.034379873040025585,0,1785893783394
41,1785811455185,1785897855185,8.2072,0.3333333333333333,15,-0.7838303575702468,-1.1558342107782194,2.1277122145525693,24,21,0.28278221208665905,0.8891079715494633,1,0.3047379995254781,-0.7838303575702468,,,legacy,unknown,8.16929,-0.4619114923481834,0,1785898805610
42,1785811464731,1785854664731,8.2073,0.3333333333333333,15,-0.651116199198634,-0.9310229285338167,0.11452567283831531,12,21,0.2976588628762542,0.2857354675441577,0,0.4617516294122402,-0.002417035264538877,,,legacy,unknown,8.2383,0.3777125242162536,1,1785855605474
43,1785812405423,1785898805423,8.1966,0,15,-1.0980816645619145,-1.2829981892690303,-0.24412056171898472,24,21,0.15813424345847554,0.29975435824219376,0,0,-1.134003188251771,,,legacy,unknown,8.16929,-0.3331869311665806,0,1785898805632
44,1785812405423,1785855605423,8.1966,0.3333333333333333,15,-0.651116199198634,-0.9310229285338167,0.11452567283831531,12,21,0.16499442586399107,0.2856589081288987,0,0.4614704748367369,-0.002417035264538877,,,legacy,unknown,8.2383,0.5087475294634423,1,1785866405399
45,1785823205433,1785909605433,8.1829,0.06666666666666667,15,-1.9673228393512388,-2.0194193564008844,-1.8272868367445767,24,21,0.1755379388448471,1.5734564859841467,1,0.08076763275925525,-1.9673228393512388,,,legacy,unknown,8.1744,-0.10387515428515234,0,1785920405351
46,1785823205433,1785866405433,8.1829,0,15,-2.087614926987542,-2.1884374962649504,-1.2986225628091848,12,21,0.18283166109253066,1.5734564859841467,1,0.03895371048115108,-2.087614926987542,,,legacy,unknown,8.17055,-0.15092448887313348,0,1785877205399
47,1785829364380,1785915764380,8.1553,0.26666666666666666,15,-1.9060823437217342,-2.074477747502276,0.6063772906236228,24,21,0.21846846846846846,1.0796026058911117,1,0.2548932260658807,-1.84090688886737,,,legacy,unknown,8.1768,0.2636322391573533,1,1785920405372
48,1785829375739,1785872575739,8.1545,0.06666666666666667,15,-1.7668789189714724,-2.1281179681141325,-1.3378618557203201,12,21,0.22408026755852842,1.0197508910335242,1,0.0848737976628389,-1.5275182349749787,,,legacy,unknown,8.2038,0.604574161505902,1,1785877205431
49,1785834005437,1785877205437,8.14593,0,15,-1.7668789189714724,-2.1281179681141325,-1.2986225628091848,12,21,0.22580645161290322,1.1032253473768991,1,0.06680991638351491,-1.5275182349749787,,,legacy,unknown,8.2038,0.7104161219160908,1,1785886783928
50,1785834005461,1785920405461,8.14593,0.13333333333333333,15,-1.9060823437217342,-2.074477747502276,-1.8272868367445767,24,21,0.2202247191011236,1.1032253473768991,1,0.20905776524598016,-1.9060823437217342,,,legacy,unknown,8.1768,0.3789622547701757,1,1785928990634
51,1785843242142,1785929642142,8.1805,0.06666666666666667,15,-1.9673228393512388,-2.0194193564008844,-1.8272868367445767,24,21,0.25112107623318386,1.5447272021394465,1,0.21290380079284404,-1.9060823437217342,,,legacy,unknown,8.1687,-0.14424546176885178,0,1785931238201
52,1785843266837,1785886466837,8.1817,0,15,-2.087614926987542,-2.1884374962649504,-1.2986225628091848,12,21,0.25472747497219134,1.500923730147374,1,0.03911762795492759,-2.087614926987542,,,legacy,unknown,8.1525,-0.35689404402507363,0,1785886784182
53,1785843323016,1785886523016,8.1814,0,15,-2.087614926987542,-2.1884374962649504,-1.2986225628091848,12,21,0.25472747497219134,1.500135908439383,1,0.03917587375669403,-2.087614926987542,,,legacy,unknown,8.1525,-0.35324027672525665,0,1785886784439
54,1785844805421,1785931205421,8.2116,0.06666666666666667,15,-1.9673228393512388,-2.0194193564008844,-1.8272868367445767,24,21,0.1210762331838565,1.50637131862365,1,0.08115749382235067,-1.9673228393512388,,,legacy,unknown,8.1459,-0.8000876808417533,0,1785931238378
55,1785844805504,1785888005504,8.2116,0,15,-2.087614926987542,-2.1884374962649504,-1.2986225628091848,12,21,0.12013348164627363,1.50637131862365,1,0.039543212352801636,-2.087614926987542,,,legacy,unknown,8.1468,-0.7891275756247256,0,1785889362698
56,1785855605535,1785898805535,8.2383,0,15,-2.087614926987542,-2.1884374962649504,-1.2986225628091848,12,21,0.15494505494505495,1.4921625659936606,1,0.07973752637065411,-1.5275182349749787,,,legacy,unknown,8.16929,-0.837672820848967,0,1785898805655
57,1785855605547,1785942005547,8.2383,0.06666666666666667,15,-1.9673228393512388,-2.0194193564008844,-1.8272868367445767,24,21,0.15754189944134078,1.4921625659936606,1,0.08130159958017018,-1.9673228393512388,,,legacy,unknown,8.1514,-1.0548292730296294,0,1785942038022
58,1785866405466,1785909605466,8.17055,0,15,-2.087614926987542,-2.1884374962649504,-1.2986225628091848,12,21,0.32216216216216215,1.7148540125111573,1,0.040194580437735675,-2.087614926987542,,,legacy,unknown,8.1744,0.04712045088763803,1,1785920405396
59,1785866405475,1785952805475,8.17055,0,15,-1.9673228393512388,-2.0194193564008844,-1.8272868367445767,24,21,0.31549609810479373,1.7148540125111573,1,0.08321590873422038,-1.9673228393512388,,,legacy,unknown,8.23721,0.8158569496545377,1,1785952838556
60,1785877205485,1785920405485,8.2038,0.6666666666666666,15,0.6040376974960604,-0.368381394347511,1.8112086807057701,12,21,0.3268608414239482,0,0,0.6814335853069656,0.33283936678194376,,,legacy,unknown,8.1768,-0.3291157756161687,0,1785928990896
61,1785877205524,1785963605524,8.2038,0.8,15,0.7939384726915547,0.6896229827652486,1.2536757142684287,24,21,0.3188405797101449,0,0,0.7744193914151487,0.7939384726915547,,,legacy,unknown,8.1895,-0.1743094663448481,0,1785963638611
62,1785886785263,1785973185263,8.1525,0,15,-1.9673228393512388,-2.0194193564008844,-1.8272868367445767,24,15,0.41490545050055616,1.887554962463793,1,0,-1.9673228393512388,,,legacy,unknown,8.1551,0.03189205765101833,1,1785974438215
63,1785886787636,1785929987636,8.1525,0.26666666666666666,15,-1.5275182349749787,-2.1281179681141325,0.5947052836805375,12,15,0.42857142857142855,0.3819690438347088,1,0.2174256673121022,-0.15092448887313348,,,legacy,unknown,8.1687,0.19871205151793372,1,1785931238556
64,1785886790421,1785973190421,8.1527,0,15,-1.9673228393512388,-2.0194193564008844,-1.8272868367445767,24,15,0.36262513904338156,1.6332306959541567,1,0,-1.9673228393512388,,,legacy,unknown,8.1551,0.0294381002612599,1,1785974438481
65,1785886792930,1785929992930,8.15284,0.26666666666666666,15,-1.5275182349749787,-2.1281179681141325,0.5947052836805375,12,15,0.3748657357679914,0.3785778530612229,0,0.21683660412807979,-0.15092448887313348,,,legacy,unknown,8.1687,0.1945334386545055,1,1785931238735
66,1785888005463,1785974405463,8.1468,0,15,-1.9673228393512388,-2.0194193564008844,-1.8272868367445767,24,21,0.3236929922135706,1.6118781558633328,1,0.12054188869967636,-1.9673228393512388,,,legacy,unknown,8.1551,0.1018804929542694,1,1785974438657
67,1785888005463,1785931205463,8.1468,0.26666666666666666,15,-1.5275182349749787,-2.1281179681141325,0.5947052836805375,12,15,0.3351235230934479,0.35162378128542787,0,0.21551878163108903,-0.15092448887313348,,,legacy,unknown,8.1459,-0.0110472823685552,0,1785931238911
68,1785889363503,1785975763503,8.1386,0,15,-1.9673228393512388,-2.0194193564008844,-1.8272868367445767,24,21,0.3236929922135706,1.599989137453124,1,0.1213225003067552,-1.9673228393512388,,,legacy,unknown,8.1551,0.20273757157249217,1,1785985222422
69,1785893784213,1785980184213,8.1415,0,15,-1.970124958107894,-2.074477747502276,-1.84090688886737,24,21,0.29699666295884314,1.570406949304716,1,0.12439939742098406,-1.9060823437217342,,,legacy,unknown,8.1077,-0.415156912116946,0,1785985222521
70,1785898805716,1785985205716,8.16929,0.06666666666666667,15,-1.970124958107894,-2.074477747502276,-1.84090688886737,24,21,0.3270300333704116,1.638557773940982,1,0.12756225714098776,-1.9060823437217342,,,legacy,unknown,8.1077,-0.7539210873894879,0,1785985222617
71,1785909605409,1785952805409,8.1744,0.26666666666666666,15,-0.35324027672525665,-0.837672820848967,0.5947052836805375,12,21,0.21321961620469082,0.7946743772819653,1,0.15544142236926126,-0.35689404402507363,,,legacy,unknown,8.23721,0.7683744372675538,1,1785952838723
72,1785909605414,1785996005414,8.1744,0.13333333333333333,15,-1.9060823437217342,-1.970124958107894,-1.3793847296957202,24,21,0.20065789473684212,2.103168031779011,1,0.18256595706334294,-1.9060823437217342,,,legacy,unknown,8.189,0.17860638089645384,1,1785996029723
73,1785920405452,1786006805452,8.1768,0.06666666666666667,15,-1.9673228393512388,-2.0194193564008844,-1.8272868367445767,24,21,0.12864864864864864,2.364573006099627,1,0.18235438956098074,-1.9060823437217342,,,legacy,unknown,8.18649,0.11850601702376343,1,1786006832237
74,1785928991705,1786015391705,8.1687,0,15,-1.9060823437217342,-1.970124958107894,-1.3793847296957202,24,21,0.13052858683926646,1.1269329662365462,1,0.16182409236528095,-1.8272868367445767,,,legacy,unknown,8.1568,-0.14567801486159257,0,1786017624819
75,1785931239345,1785974439345,8.1459,0.4,15,-0.15092448887313348,-0.7891275756247256,0.5947052836805375,12,21,0.037154989384288746,0.7723308489150625,1,0.33523601908577566,-0.3291157756161687,,,legacy,unknown,8.1551,0.1129402521513875,1,1785985222712
76,1785931239348,1786017639348,8.1459,0.13333333333333333,15,-1.84090688886737,-1.970124958107894,-0.10387515428515234,24,21,0.037756202804746494,1.091605101206051,1,0.16596629572597515,-1.9060823437217342,,,legacy,unknown,8.1568,0.1338096465706827,1,1786028426686
77,1785936341169,1786022741169,8.1375,0.26666666666666666,15,-1.9060823437217342,-2.074477747502276,0.2636322391573533,24,21,0.04198062432723358,2.0290898068098735,1,0.2133749487782631,-1.84090688886737,,,legacy,unknown,8.1568,0.23717357910907783,1,1786028426820
78,1785942038533,1786028438533,8.1514,0.26666666666666666,15,-1.3793847296957202,-1.970124958107894,0.2636322391573533,24,21,0.050483351235230935,0.3496417508036332,0,0.23215968662979397,-0.10387515428515234,,,legacy,unknown,8.2117,0.7397502269548764,1,1786039225248
79,1785942038539,1785985238539,8.1514,0.26666666666666666,15,-0.15092448887313348,-0.7891275756247256,0.08969601651388413,12,21,0.04952581664910432,0.31990193580807375,0,0.3258786883915722,-0.15092448887313348,,,legacy,unknown,8.1077,-0.536104227494678,0,1785996029822
80,1785952839178,1785996039178,8.23721,0.26666666666666666,15,-0.15092448887313348,-0.7891275756247256,0.08969601651388413,12,15,0.3333333333333333,0.23032005014532259,0,0.30156486447476083,-0.04913099551681307,,,legacy,unknown,8.189,-0.5852709837432724,0,1786006832371
81,1785952839186,1786039239186,8.23721,0.2,15,-0.15889118398376745,-1.3793847296957202,-0.10387515428515234,24,15,0.3333333333333333,0.2630643029572654,0,0.08733556237933607,-0.1552301562079913,,,legacy,unknown,8.32827,1.1054713914055925,1,1786050061858
82,1785963638889,1786050038889,8.1895,0.9333333333333333,15,1.904864270956487,0.5864961081276826,2.414105529195782,24,15,0.3997867803837953,0,0,0.9333333333333333,1.904864270956487,,,legacy,unknown,8.2108,0.26008913853104704,1,1786050062110
83,1785963638902,1786006838902,8.1895,0.6428571428571429,14,0.2782654389547608,-0.16914396932237824,1.314164965098053,12,15,0.40713536201469047,0,0,0.6428571428571429,0.2782654389547608,,,legacy,unknown,8.18649,-0.03675438060933526,0,1786017624931
84,1785970972522,1786057372522,8.1358,0.4,15,-0.10387515428515234,-0.8000876808417533,0.3789622547701757,24,15,0.5191489361702127,0.7649644697326535,1,0.3037636246639894,-0.14424546176885178,,,legacy,unknown,8.1897,0.6625039946901412,1,1786060862745
85,1785974439110,1786060839110,8.1551,0.4,15,-0.10387515428515234,-0.8000876808417533,0.3789622547701757,24,15,0.5287234042553192,0.7477184141520321,1,0.333743746740115,-0.14424546176885178,,,legacy,unknown,8.1897,0.42427438044905735,1,1786060862990
86,1785974439115,1786017639115,8.1551,0.4666666666666667,15,-0.0110472823685552,-0.34227736690911886,0.19625400174175445,12,15,0.5356394129979035,0.370204706602423,0,0.5490530376168625,0.08969601651388413,,,legacy,unknown,8.1568,0.020845851062542057,1,1786028426906
87,1785985222983,1786071622983,8.1077,0.4,15,-0.10387515428515234,-0.8000876808417533,0.3789622547701757,24,15,0.5658174097664543,0.47384356112105724,1,0.3077668712589364,-0.14424546176885178,,,legacy,unknown,8.1769,0.8535096266512128,1,1786071668515
88,1785985222987,1786028422987,8.1077,0.3333333333333333,15,-0.04913099551681307,-0.35324027672525665,0.1129402521513875,12,15,0.5726227795193313,0.47384356112105724,1,0.36685217878266385,-0.04913099551681307,,,legacy,unknown,8.2117,1.282731230805296,1,1786028427035
89,1785996030073,1786039230073,8.189,0.26666666666666666,15,-0.15092448887313348,-0.35689404402507363,0.08969601651388413,12,9,0.6635416666666667,0.3643879978461577,0,0.3716137053337157,-0.35324027672525665,,,legacy,unknown,8.32827,1.700696055684452,1,1786050062357
90,1785996030079,1786082430079,8.189,0.4,15,-0.10387515428515234,-0.8000876808417533,0.03189205765101833,24,15,0.6596417281348789,0.45585740320438867,1,0.38117542621751105,-0.10387515428515234,,,legacy,unknown,8.152,-0.45182561973379914,0,1786082466077
91,1786006832619,1786093232619,8.18649,0.4,15,-0.10387515428515234,-0.8000876808417533,0.03189205765101833,24,9,0.6603575184016824,0.4285491516057835,1,0.3988130754197241,-0.10387515428515234,,,legacy,unknown,8.2167,0.3690226214165081,1,1786093272869
92,1786006832627,1786050032627,8.18649,0.26666666666666666,15,-0.15092448887313348,-0.536104227494678,0.08969601651388413,12,9,0.6642411642411642,0.2197876726007059,0,0,-0.536104227494678,,,legacy,unknown,8.2108,0.296952662252096,1,1786050062610
93,1786017625188,1786104025188,8.1568,0.5333333333333333,15,0.027720401725039454,-0.1743094663448481,0.1018804929542694,24,15,0.5624344176285414,0.17791100854139977,0,0.5360421517250848,0.027720401725039454,,,legacy,unknown,8.2154,0.7184189878383704,1,1786104073334
94,1786017625206,1786060825206,8.1568,0.26666666666666666,15,-0.15092448887313348,-0.5852709837432724,0.08969601651388413,12,15,0.5674273858921162,0.17791100854139977,0,0.28380328620187945,-0.15092448887313348,,,legacy,unknown,8.1897,0.4033444488034488,1,1786060863239
95,1786028427262,1786071627262,8.2117,0.26666666666666666,15,-0.3291157756161687,-0.5852709837432724,0.04712045088763803,12,15,0.5853154084798345,0.903927260517559,1,0.254087208237466,-0.3291157756161687,,,legacy,unknown,8.1769,-0.4237855742416382,0,1786071668605
96,1786028427262,1786114827262,8.2117,0.5333333333333333,15,0.027720401725039454,-0.1743094663448481,0.1018804929542694,24,15,0.5796645702306079,0.903927260517559,1,0.5134702685088433,0.027720401725039454,,,legacy,unknown,8.23166,0.24306781786961668,1,1786114864597
97,1786039225511,1786082425511,8.32827,0.4,15,-0.03675438060933526,-0.5852709837432724,0.1945334386545055,12,9,0.6821465428276574,0.9829916334050932,1,0.33583806414539613,-0.03675438060933526,,,legacy,unknown,8.152,-2.1165260011983356,0,1786082466171
98,1786039225522,1786125625522,8.32827,0.5333333333333333,15,0.027720401725039454,-0.1743094663448481,0.1018804929542694,24,9,0.6781609195402298,0.9829916334050932,1,0.4375855025505066,-0.1743094663448481,,,legacy,unknown,8.2063,-1.4645298483358398,0,1786125668633
99,1786050063297,1786136463297,8.2108,0.2,15,-0.1743094663448481,-1.3793847296957202,-0.10387515428515234,24,9,0.7708333333333334,1.1920266526247705,1,0.33459215719902574,-0.1743094663448481,,,legacy,unknown,8.19651,-0.1740390704925318,0,1786136466030
100,1786050063323,1786093263323,8.2108,0.2,15,-0.5852709837432724,-2.1884374962649504,-0.15092448887313348,12,9,0.7734294541709578,1.1920266526247705,1,0.33459215719902574,-0.3291157756161687,,,legacy,unknown,8.2167,0.07185657913965367,1,1786093272963
101,1786060863953,1786147263953,8.1897,0.13333333333333333,15,-1.2829981892690303,-1.9673228393512388,-0.3331869311665806,24,9,0.735966735966736,0.8377504257534224,1,0.2770630287772845,-1.3793847296957202,,,legacy,unknown,8.1829,-0.08303112446121517,0,1786147272295
102,1786060863958,1786104063958,8.1897,0.26666666666666666,15,-0.6814066520537492,-2.248411902373787,0.296952662252096,12,9,0.7389516957862282,0.8377504257534224,1,0,-2.1884374962649504,,,legacy,unknown,8.2154,0.31380880862547467,1,1786104073428
103,1786071668823,1786158068823,8.1769,0.3333333333333333,15,-0.1552301562079913,-1.3793847296957202,0.08764873269538764,24,9,0.7375518672199171,0.9348673169473259,1,0.2306186010329987,-0.1552301562079913,,,legacy,unknown,8.1764,-0.006114786777392546,0,1786163519682
104,1786071668829,1786114868829,8.1769,0.13333333333333333,15,-0.6615678317144271,-2.1884374962649504,-0.15092448887313348,12,9,0.7405128205128205,0.9173708340690515,1,0.23009818727794232,-0.6615678317144271,,,legacy,unknown,8.23166,0.6696914478592122,1,1786125668768
105,1786082466513,1786125666513,8.152,0.26666666666666666,15,-0.35689404402507363,-0.5852709837432724,0.296952662252096,12,9,0.7400204708290685,0.3510844648614525,0,0.297509336599774,-0.4237855742416382,,,legacy,unknown,8.2063,0.6660942100098302,1,1786125668861
106,1786082466513,1786168866513,8.152,0.4666666666666667,15,-0.10387515428515234,-0.8000876808417533,0.7397502269548764,24,9,0.7373319544984488,0.5228624906232116,1,0.46687341169704305,-0.10387515428515234,,,legacy,unknown,8.2641,1.37512266928361,1,1786168872074
107,1786093273246,1786136473246,8.2167,0.26666666666666666,15,-0.6615678317144271,-0.9310229285338167,0.3777125242162536,12,9,0.7681307456588355,0.4911891888523653,1,0.3080072821267053,-0.6615678317144271,,,legacy,unknown,8.19651,-0.2457190843039114,0,1786142705125
108,1786093273571,1786179673571,8.2167,0.13333333333333333,15,-1.178959006838209,-1.4659048891327584,-0.3331869311665806,24,9,0.7450980392156863,0.5743632846283234,1,0.2217546940938429,-0.7838303575702468,,,legacy,unknown,8.2667,0.6085168011488884,1,1786190431985
109,1786104073710,1786147273710,8.2154,0.3333333333333333,15,-0.35324027672525665,-0.7891275756247256,0.04712045088763803,12,9,0.746177370030581,0.293096664501446,0,0,-0.5852709837432724,,,legacy,unknown,8.1829,-0.39559851011515734,0,1786158059345
110,1786104074660,1786190474660,8.2154,0.5333333333333333,15,0.03189205765101833,-0.1552301562079913,0.7397502269548764,24,15,0.6179196704428425,0.30264411652976014,0,0.4346954962628565,-0.10387515428515234,,,legacy,unknown,8.3319,1.4180685054896716,1,1786201231849
111,1786114864917,1786201264917,8.23166,0,15,-1.970124958107894,-2.074477747502276,-1.84090688886737,24,21,0.24871531346351491,0.4033220793791147,1,0,-1.970124958107894,,,legacy,unknown,8.3596,1.5542430080931502,1,1786212033138
112,1786114865050,1786158065050,8.23166,0.06666666666666667,15,-1.5275182349749787,-2.1281179681141325,-1.2615317562168638,12,21,0.2461851475076297,0.4033220793791147,1,0.03948574561654363,-1.5275182349749787,,,legacy,unknown,8.1764,-0.6713105254590268,0,1786163519923
113,1786125669122,1786168869122,8.2063,0.4,15,-0.15092448887313348,-2.1884374962649504,0.6696914478592122,12,21,0.25380710659898476,0.3084233659397299,0,0.2649985825197729,-0.7891275756247256,,,legacy,unknown,8.2641,0.7043369118847533,1,1786168872157
114,1786125669129,1786212069129,8.2063,0.06666666666666667,15,-1.0548292730296294,-1.3837649390498692,-0.1552301562079913,24,21,0.2564102564102564,0.3084233659397299,0,0.14054566390848575,-1.3793847296957202,,,legacy,unknown,8.3298,1.5049413255669417,1,1786222832006
115,1786136466305,1786222866305,8.19651,0.4,15,-1.639276012448096,-2.8760007624856887,1.2090078870900818,24,21,0.2548618219037871,0,0,0.47418752125297337,-1.046963446224705,,,legacy,unknown,8.3396,1.7457430052546856,1,1786244403545
116,1786136466311,1786179666311,8.19651,0.5,12,0.2912782956058769,-1.2634545476074885,0.8872187672581469,12,21,0.25227963525835867,0,0,0.5532187747951356,0.4284610521879606,,,legacy,unknown,8.2667,0.8563400764471732,1,1786190432230
117,1786142705930,1786229105930,8.1619,0.2,15,-0.1743094663448481,-1.0548292730296294,-0.10387515428515234,24,21,0.28863868986693964,0.6668998641756868,1,0.4159922803322718,-0.10387515428515234,,,legacy,unknown,8.3396,2.177189134882828,1,1786244403653
118,1786142711350,1786185911350,8.1619,0.3333333333333333,15,-0.15092448887313348,-0.7891275756247256,0.19625400174175445,12,21,0.2674772036474164,0.5903938046280983,1,0.35212718753293665,-0.15092448887313348,,,legacy,unknown,8.3319,2.082848356387605,1,1786190432477
119,1786142723199,1786229123199,8.1621,0.13333333333333333,15,-0.8000876808417533,-1.970124958107894,-0.10387515428515234,24,21,0.27021494370522003,0.6101484481587216,1,0.3394045114125262,-0.14424546176885178,,,legacy,unknown,8.3396,2.174685436346041,1,1786244403761
120,1786147272634,1786190472634,8.1829,0.3333333333333333,15,-0.2457190843039114,-0.5852709837432724,0.296952662252096,12,21,0.08695652173913043,0.3171424709597215,0,0.3077257923738756,-0.2457190843039114,,,legacy,unknown,8.3319,1.8208703515868352,1,1786201232113
121,1786147272761,1786233672761,8.1829,0.6,15,0.1018804929542694,-0.1552301562079913,0.7397502269548764,24,21,0.08784473953013279,0.44132530335308073,1,0.5206016650870741,0.027720401725039454,,,legacy,unknown,8.2924,1.3381563993205416,1,1786244403859
122,1786158059627,1786244459627,8.1764,0.5333333333333333,15,0.027720401725039454,-0.15889118398376745,0.1018804929542694,24,21,0.08868501529051988,0.07815306634569644,0,0.4667173961476002,-0.10387515428515234,,,legacy,unknown,8.2924,1.4187172838902382,1,1786254982690
123,1786158059741,1786201259741,8.1764,0.26666666666666666,15,-0.15092448887313348,-0.5852709837432724,0.08969601651388413,12,21,0.08779011099899092,0.07815306634569644,0,0.18219787550731548,-0.35324027672525665,,,legacy,unknown,8.3596,2.240594882833535,1,1786212033389
124,1786163520747,1786249920747,8.2516,0.5333333333333333,15,0.027720401725039454,-0.415156912116946,0.1018804929542694,24,21,0.3211009174311927,0.15092590015798438,0,0.6342156701232785,0.0294381002612599,,,legacy,unknown,8.2698,0.22056328469630396,1,1786254982944
125,1786168872420,1786255272420,8.2641,0.6666666666666666,15,0.03189205765101833,-0.7539210873894879,0.26008913853104704,24,21,0.2980671414038657,0.16904387600914786,0,0.6558211645665417,0.0294381002612599,,,legacy,unknown,8.2774,0.16093706513717138,1,1786256754828
126,1786168872426,1786212072426,8.2641,0.26666666666666666,15,-0.03675438060933526,-0.5852709837432724,0.08969601651388413,12,21,0.29607250755287007,0.16904387600914786,0,0.3703095432132713,-0.0110472823685552,,,legacy,unknown,8.3298,0.7950049007151587,1,1786222832396
127,1786179659384,1786266059384,8.2667,0.7333333333333333,15,0.3690226214165081,-0.14424546176885178,0.8535096266512128,24,21,0.2954314720812183,0.1604760235273238,0,0.6431036264692364,0.17860638089645384,,,legacy,unknown,8.3132,0.5624977318639842,1,1786274411055
128,1786190433033,1786233633033,8.3319,0.3333333333333333,15,-0.34227736690911886,-2.1884374962649504,0.6660942100098302,12,15,0.3981945837512538,0.6261092196392052,1,0.312113641602779,-0.34227736690911886,,,legacy,unknown,8.2924,-0.4740815420252108,0,1786244403968
129,1786190433045,1786276833045,8.3319,0.26666666666666666,15,-0.08303112446121517,-1.3793847296957202,0.08764873269538764,24,15,0.3971631205673759,0.6261092196392052,1,0.31301011678569224,-0.08303112446121517,,,legacy,unknown,8.2977,-0.4104706009433437,0,1786277334376
130,1786201232923,1786244432923,8.3596,0.6,15,0.04712045088763803,-0.3291157756161687,0.7043369118847533,12,15,0.3343313373253493,0.6558684720988593,1,0.6176011747834486,0.04712045088763803,,,legacy,unknown,8.2924,-0.8038662136944316,0,1786254983205
131,1786212034197,1786255234197,8.3298,0.9166666666666666,12,1.6045715376447893,0.3479596366821438,2.7700032432822113,12,15,0.39243027888446214,0.9014304430501775,1,0.9179874769794183,1.3682374301344447,,,legacy,unknown,8.2774,-0.6290667242911048,0,1786256755078
132,1786222833208,1786309233208,8.3396,0.4666666666666667,15,-0.026450891515277814,-0.7284676900450575,0.12992135118205858,24,15,0.3766364551863041,0,0,0.32362395811467776,-0.5452312354365803,,,legacy,unknown,8.3321,-0.08993237085711886,0,1786309253680
133,1786244404278,1786287604278,8.2924,0.6666666666666666,15,0.07185657913965367,-0.2457190843039114,0.8563400764471732,12,15,0.5188118811881188,0.6034459600673778,1,0.6515324422207981,0.07185657913965367,0.17915856668295152,0.6666666666666666,legacy,unknown,8.3025,0.12179827311754803,1,1786287654668
134,1786244404427,1786330804427,8.2924,0.6,15,0.6085168011488884,-0.1743094663448481,1.5049413255669417,24,15,0.5125376128385155,0.6034459600673778,1,0.6031650189303711,0.6085168011488884,0.17915856668295152,0.6,legacy,unknown,8.2186,-0.889971540205493,0,1786331913131
135,1786254984308,1786341384308,8.2698,0.6666666666666666,15,0.26008913853104704,-0.1743094663448481,1.4180685054896716,24,15,0.530938123752495,0.4948107276484428,1,0.6616777221021649,0.26008913853104704,0.17269966375933196,0.6666666666666666,legacy,unknown,8.2256,-0.534474836150814,0,1786352403117
136,1786255010389,1786298210389,8.2694,0.6,15,0.04712045088763803,-0.39559851011515734,0.19871205151793372,12,15,0.5351137487636004,0.38471779125197864,0,0.6011144239034979,0.04712045088763803,0.14527544651290875,0.6,legacy,unknown,8.3139,0.5381285220209581,1,1786298456931
137,1786255033152,1786298233152,8.271,0.6,15,0.04712045088763803,-0.39559851011515734,0.8563400764471732,12,15,0.34619188921859545,0.23037313687978977,0,0.5491570399317668,0.04712045088763803,0.11817319607612564,0.6,legacy,unknown,8.3139,0.5186797243380424,1,1786298457188
138,1786255203903,1786341603903,8.2774,0.7333333333333333,15,0.8158569496545377,-0.10387515428515234,1.7457430052546856,24,15,0.3383233532934132,0.272435624443898,0,0.7556875242220344,0.8158569496545377,0.07989712564058503,0.7333333333333333,legacy,unknown,8.2256,-0.6258003720975194,0,1786352403132
139,1786255204468,1786298404468,8.2774,0.6,15,0.04712045088763803,-0.39559851011515734,1.8208703515868352,12,15,0.34223541048466866,0.2724339293369278,0,0.5418608595036478,0.04712045088763803,0.050685660754341125,0.6,legacy,unknown,8.3139,0.4409597216517288,1,1786298457470
140,1786256756130,1786343156130,8.2948,0.7333333333333333,15,0.8158569496545377,-0.10387515428515234,1.7457430052546856,24,15,0.34930139720558884,0.2724330223814941,0,0.7555896407688101,0.8158569496545377,0.02182754997769047,0.7333333333333333,legacy,unknown,8.2256,-0.8342576071755844,0,1786352403144
142,1786257298318,1786300498318,8.3114,0.4666666666666667,15,-0.2457190843039114,-0.39559851011515734,0.8563400764471732,12,21,0.218595450049456,0.34145853877808097,0,0.5001774894105587,0.04712045088763803,0.003716382261391713,0.4666666666666667,legacy,unknown,8.3139,0.030079168371146887,1,1786309253947
141,1786257298323,1786343698323,8.3114,0.6666666666666666,15,0.8158569496545377,-0.1743094663448481,1.5049413255669417,24,21,0.218562874251497,0.34145853877808097,0,0.6026935590871904,0.6085168011488884,0.003716382261391713,0.6666666666666666,legacy,unknown,8.2256,-1.0323170584979757,0,1786352403155
143,1786263296297,1786306496297,8.3277,0.6,15,0.04712045088763803,-0.3291157756161687,0.7043369118847533,12,21,0.142433234421365,0.6726026358785703,1,0.6190487268364285,0.07185657913965367,0.003988245292579072,0.6,legacy,unknown,8.3321,0.05283571694465944,1,1786309254200
144,1786263296492,1786349696492,8.3277,0.6666666666666666,15,0.8158569496545377,-0.1740390704925318,1.5049413255669417,24,21,0.14342629482071714,0.6726026358785703,1,0.573633623452894,0.6085168011488884,0.003988245292579072,0.6666666666666666,legacy,unknown,8.213,-1.3773310758072568,0,1786352403169
145,1786266015771,1786352415771,8.3132,0.6666666666666666,15,0.03189205765101833,-0.1743094663448481,0.26008913853104704,24,21,0.037848605577689244,0.3119571033236375,0,0.7024975221713571,0.03189205765101833,0.014772946239324384,0.6666666666666666,legacy,unknown,8.213,-1.2053120338738506,0,1786354462519
146,1786266015809,1786309215809,8.3132,0.5333333333333333,15,0.04712045088763803,-0.3291157756161687,0.19871205151793372,12,21,0.037549407114624504,0.3119571033236375,0,0.5420383789900037,0.04712045088763803,0.014772946239324384,0.5333333333333333,legacy,unknown,8.3321,0.22734927585045905,1,1786309254449
147,1786274412155,1786360812155,8.2957,0.6,15,0.03189205765101833,-0.8000876808417533,0.26008913853104704,24,21,0.028798411122144985,0.5467697238003619,1,0.6255263572609199,0.03189205765101833,0.013598313167082177,0.6,legacy,unknown,8.3081,0.149475029232006,1,1786363203518
148,1786274412323,1786317612323,8.2957,0.4,15,-0.03675438060933526,-0.8038662136944316,0.19871205151793372,12,21,0.02865612648221344,0.5467697238003619,1,0.5293692943633,0.04712045088763803,0.013598313167082177,0.4,legacy,unknown,8.2517,-0.5303952650168218,0,1786320053648
149,1786276815813,1786320015813,8.2977,0.4666666666666667,15,-0.2457190843039114,-0.39559851011515734,0.07185657913965367,12,21,0.028627838104639685,0.0243571029720977,0,0.3217965676154251,-0.31656194541705407,0.013199323258678959,0.4666666666666667,legacy,unknown,8.1751,-1.4775178663967155,0,1786320053893
150,1786276815862,1786363215862,8.2977,0.4666666666666667,15,-0.1740390704925318,-0.8000876808417533,0.8158569496545377,24,21,0.028798411122144985,0.5988500080679483,1,0.4190390059884129,-0.08303112446121517,0.013199323258678959,0.4666666666666667,legacy,unknown,8.3081,0.12533593646430763,1,1786374003375
151,1786277335361,1786363735361,8.2856,0.5333333333333333,15,0.6085168011488884,-0.1743094663448481,1.4180685054896716,24,21,0.03277060575968222,0.5246124721732084,1,0.4464752040365747,-0.006114786777392546,0.0014060516462894726,0.5333333333333333,legacy,unknown,8.3081,0.2715554697306058,1,1786374003386
152,1786277335532,1786320535532,8.2856,0.4666666666666667,15,-0.2457190843039114,-0.39559851011515734,0.07185657913965367,12,21,0.03257650542941757,0.28845359717659935,0,0.5423547233430187,0.04712045088763803,0.0014060516462894726,0.4666666666666667,legacy,unknown,8.1978,-1.0596697885488033,0,1786326020151
153,1786277341222,1786363741222,8.2857,0.5333333333333333,15,0.6085168011488884,-0.1740390704925318,1.4180685054896716,24,21,0.021847070506454815,0.5299393031155426,1,0.45188352532048565,-0.006114786777392546,-0.0006931970246708449,0.5333333333333333,legacy,unknown,8.3081,0.2703452936987739,1,1786374003413
154,1786285257116,1786328457116,8.3337,0.4666666666666667,15,-0.15092448887313348,-0.7891275756247256,0.19871205151793372,12,21,0.1125370187561698,0.18275444125204884,0,0.34436901350736004,-0.3291157756161687,0.0007432524728286107,0.4666666666666667,legacy,unknown,8.2186,-1.3811392298738852,0,1786331913394
155,1786285258883,1786371658883,8.3336,0.6666666666666666,15,0.03189205765101833,-0.1743094663448481,0.8158569496545377,24,21,0.1130952380952381,0.2902472972371927,0,0.6261641412931166,0.03189205765101833,0.007432202135248109,0.6666666666666666,legacy,unknown,8.3006,-0.395987328405506,0,1786374003428
156,1786285274361,1786328474361,8.33393,0.5333333333333333,15,0.04712045088763803,-0.39559851011515734,0.7950049007151587,12,21,0.10365251727541955,0.2899176651857454,0,0.4725361701989829,-0.0110472823685552,0.011585008861738043,0.5333333333333333,legacy,unknown,8.2186,-1.3838609155584478,0,1786331913637
157,1786285277664,1786371677664,8.33394,0.6666666666666666,15,0.03189205765101833,-0.1743094663448481,0.8158569496545377,24,21,0.10416666666666667,0.27897904361554177,0,0.6199292307526881,0.03189205765101833,0.01508866736883042,0.6666666666666666,legacy,unknown,8.3006,-0.40005087629621544,0,1786374003461
158,1786285283777,1786371683777,8.334,0.6,15,0.7397502269548764,-0.1552301562079913,1.3381563993205416,24,21,0.09424603174603174,0.14579112559789056,0,0.6298937041189951,0.3690226214165081,0.018784490391224068,0.6,legacy,unknown,8.3006,-0.40076793856491866,0,1786374003499
159,1786287655565,1786374055565,8.3025,0.5333333333333333,15,0.5624977318639842,-0.08303112446121517,1.3381563993205416,24,21,0.12003968253968254,0.2854048286394571,0,0.5796590663450604,0.5624977318639842,0.02319412285099052,0.5333333333333333,legacy,unknown,8.3006,-0.022884673291188207,0,1786384803331
160,1786287655797,1786330855797,8.3025,0.5333333333333333,15,0.31380880862547467,-0.2457190843039114,0.8818512828577381,12,21,0.1194471865745311,0.2854048286394571,0,0.5686446929494656,0.296952662252096,0.02319412285099052,0.5333333333333333,legacy,unknown,8.2186,-1.01053899427883,0,1786331913882
161,1786288513781,1786331713781,8.3164,0.5333333333333333,15,0.296952662252096,-0.35689404402507363,1.700696055684452,12,21,0.13129318854886476,0.21182672140345515,0,0.6158417940593249,0.31380880862547467,0.024173149134369215,0.5333333333333333,legacy,unknown,8.1969,-1.4369198210764318,0,1786331914142
162,1786288513980,1786374913980,8.3164,0.6666666666666666,15,0.5624977318639842,-0.1552301562079913,1.3381563993205416,24,21,0.13194444444444445,0.21182672140345515,0,0.5483897741047886,0.3690226214165081,0.024173149134369215,0.6666666666666666,legacy,unknown,8.3006,-0.18998605165697272,0,1786384803375
163,1786298458367,1786384858367,8.3139,0.4666666666666667,15,-0.08303112446121517,-0.1552301562079913,1.4180685054896716,24,21,0.1198019801980198,0.21416434679807025,0,0.47448171936416844,-0.006114786777392546,0.013518680209670486,0.4666666666666667,legacy,unknown,8.2465,-0.8106905303167107,0,1786395603271
164,1786298458614,1786341658614,8.3139,0.3333333333333333,15,-0.2457190843039114,-0.39559851011515734,0.31380880862547467,12,21,0.11921182266009853,0.21416434679807025,0,0.4351531530546944,-0.15092448887313348,0.013518680209670486,0.3333333333333333,legacy,unknown,8.2256,-1.0620767630113457,0,1786352403181
165,1786309255255,1786352455255,8.3321,0.7333333333333333,15,0.04712045088763803,-0.31656194541705407,0.4409597216517288,12,21,0.1348973607038123,0.16653774497599091,0,0.7466368937415033,0.12179827311754803,0.009722388596844286,0.7333333333333333,legacy,unknown,8.213,-1.4294115529098463,0,1786354462990
166,1786309255434,1786395655434,8.3321,0.4,15,-0.08303112446121517,-0.1743094663448481,0.8158569496545377,24,21,0.13649851632047477,0.5701745105941413,1,0.5595728014726898,0.6085168011488884,0.009722388596844286,0.4,legacy,unknown,8.2888,-0.519676912183007,0,1786404751296
167,1786316394836,1786402794836,8.2581,0.4666666666666667,15,-0.1740390704925318,-0.8000876808417533,0.8158569496545377,24,21,0.26877470355731226,0.6397098687908745,1,0.506611690090882,0.03189205765101833,-0.006367533044369594,0.4666666666666667,legacy,unknown,8.2893,0.377810876593891,1,1786404751550
168,1786316395085,1786359595085,8.2581,0.9333333333333333,15,0.12179827311754803,0.04712045088763803,0.4409597216517288,12,21,0.26926829268292685,0.2076672843419129,0,0.8333368850770968,0.12179827311754803,-0.006367533044369594,0.9333333333333333,legacy,unknown,8.3081,0.6054661483876307,1,1786363203537
169,1786316434117,1786359634117,8.2517,0.4,15,-0.15092448887313348,-0.39559851011515734,0.8818512828577381,12,21,0.26926829268292685,0.2118485298394575,0,0.45538254191469196,-0.15092448887313348,-0.035007679220378965,0.4,legacy,unknown,8.3081,0.683495522134833,1,1786363203566
170,1786316434363,1786402834363,8.2517,0.6666666666666666,15,0.5624977318639842,-0.10387515428515234,1.3381563993205416,24,21,0.26877470355731226,0.2118485298394575,0,0.6731370551092282,0.6085168011488884,-0.035007679220378965,0.6666666666666666,legacy,unknown,8.2893,0.4556636814232363,1,1786404751790
171,1786320449410,1786406849410,8.1978,0.8666666666666667,15,0.9945684086905316,0.42227049720521703,1.822955184144356,24,15,0.43280632411067194,0.4175362280721957,1,0.8607768199351896,0.9945684086905316,-0.15292729195064036,0.8666666666666667,legacy,unknown,8.3007,1.2552148137305128,1,1786417207533
172,1786320449881,1786363649881,8.1978,1,8,0.9162752006263397,0.6681242442378916,1.8278854212887514,12,15,0.4371957156767283,0.4175362280721957,1,1,0.9162752006263397,-0.15292729195064036,1,legacy,unknown,8.3081,1.3454829344458112,1,1786374003518
173,1786320453024,1786406853024,8.1978,0.6,15,0.5222622133850153,-2.435058335704697,1.5438596491228018,24,15,0.4367588932806324,0.4164491953243873,1,0.6002037183013278,0.5222622133850153,-0.15833368212947566,0.6,legacy,unknown,8.3007,1.2552148137305128,1,1786417207661
174,1786326021030,1786369221030,8.1835,0.7692307692307693,13,0.7683744372675538,0.296952662252096,1.282731230805296,12,15,0.4079844206426485,0.7308767616585089,1,0.7788933772584605,0.8818512828577381,-0.16520389084143353,0.7692307692307693,legacy,unknown,8.3006,1.4309280870043242,1,1786374003526
175,1786326021215,1786412421215,8.1835,0.6666666666666666,15,0.3690226214165081,-0.4104706009433437,0.8535096266512128,24,15,0.4031620553359684,0.7308767616585089,1,0.6356775319999807,0.3690226214165081,-0.16520389084143353,0.6666666666666666,legacy,unknown,8.4118,2.7897598826907686,1,1786417207789
176,1786331915196,1786375115196,8.1969,0.7333333333333333,15,0.296952662252096,-0.34227736690911886,1.282731230805296,12,21,0.32978723404255317,0.4178062387054003,1,0.7222112260007907,0.296952662252096,-0.09067604646887156,0.7333333333333333,legacy,unknown,8.3006,1.2651124205492308,1,1786384803419
177,1786331915398,1786418315398,8.1969,0.8,15,0.3690226214165081,0.11850601702376343,0.7397502269548764,24,21,0.32379072063178677,0.4178062387054003,1,0.7630402919833406,0.3690226214165081,-0.09067604646887156,0.8,legacy,unknown,8.405,2.5387646549305223,1,1786419040022
178,1786340834107,1786384034107,8.21436,0.8,15,0.296952662252096,0.020845851062542057,1.282731230805296,12,21,0.09683604985618409,0.8965820344153773,1,0.7317560652245685,0.296952662252096,-0.057381720527817294,0.8,legacy,unknown,8.2465,0.3912660268115844,1,1786384803455
179,1786340834418,1786427234418,8.21436,0.8,15,0.3690226214165081,0.11850601702376343,0.6625039946901412,24,21,0.09180651530108588,0.8965820344153773,1,0.7841987459416613,0.3690226214165081,-0.057381720527817294,0.8,legacy,unknown,8.41408,2.431351925165211,1,1786428007828
180,1786340839102,1786384039102,8.2143,0.8,15,0.296952662252096,0.020845851062542057,1.282731230805296,12,21,0.07574304889741132,0.895056648282549,1,0.7317673618919778,0.296952662252096,-0.013512728774912346,0.8,legacy,unknown,8.2465,0.39199931826204987,1,1786384803494
181,1786340839211,1786427239211,8.2143,0.8,15,0.3690226214165081,0.11850601702376343,0.6625039946901412,24,21,0.0700888450148075,0.895056648282549,1,0.7842215052913768,0.3690226214165081,-0.013512728774912346,0.8,legacy,unknown,8.41408,2.4321001180867574,1,1786428007955
182,1786352403227,1786395603227,8.213,0.8,15,0.296952662252096,0.020845851062542057,1.282731230805296,12,21,0.08899521531100478,0.6272289883799181,1,0.721875486230518,0.2581184394896728,0.01700264880805785,0.8,legacy,unknown,8.2888,0.9229270668452574,1,1786404752027
183,1786352403319,1786438803319,8.213,0.8,15,0.3690226214165081,0.11850601702376343,0.7397502269548764,24,21,0.06995073891625615,0.7468109432932554,1,0.793015973668006,0.3690226214165081,0.026402922560216126,0.8,legacy,unknown,8.5224,3.7671983440886416,1,1786438807599
184,1786354463861,1786440863861,8.2061,0.8,15,0.3690226214165081,0.11850601702376343,0.7397502269548764,24,21,0.0187192118226601,0.9279331352194572,1,0.7940136014985728,0.3690226214165081,0.023066429529591197,0.8,legacy,unknown,8.5224,3.8544497386090844,1,1786449620599
185,1786354464076,1786397664076,8.2061,0.8,15,0.296952662252096,0.020845851062542057,1.282731230805296,12,21,0.01818181818181818,0.9279331352194572,1,0.7078663064459465,0.2581184394896728,0.023066429529591197,0.8,legacy,unknown,8.2888,1.007786890240198,1,1786404752293
186,1786363203688,1786406403688,8.3081,0.8,15,0.296952662252096,0.020845851062542057,1.282731230805296,12,15,0.4164278892072588,0.9265463508196949,1,0.8254560611413789,0.296952662252096,0.051911769001206566,0.8,legacy,unknown,8.3007,-0.08906970306085317,0,1786406407830
187,1786363203726,1786449603726,8.3081,0.8,15,0.3690226214165081,0.11850601702376343,0.7397502269548764,24,15,0.4027370478983382,0.9265463508196949,1,0.7803030341754797,0.3690226214165081,0.051911769001206566,0.8,legacy,unknown,8.687,4.560609525643647,1,1786449620640
188,1786374003704,1786460403704,8.3006,0.6666666666666666,15,0.5624977318639842,-0.006114786777392546,1.3381563993205416,24,15,0.4079844206426485,0.35492491266727483,0,0.6190369833078468,0.5624977318639842,0.07363166178822382,0.6666666666666666,legacy,unknown,8.5556,3.0720670794882396,1,1786460420613
189,1786374003704,1786417203704,8.3006,0.5384615384615384,13,0.6660942100098302,-1.01053899427883,0.683495522134833,12,15,0.41911069063386946,0.35492491266727483,0,0.536997094537369,0.6660942100098302,0.07363166178822382,0.5384615384615384,legacy,unknown,8.4118,1.3396621930944774,1,1786417207916
190,1786384803591,1786471203591,8.2465,0.6666666666666666,15,0.5092442814862581,-1.5950112165305022,1.0128234568945733,24,15,0.5386847195357833,0,0,0.6666666666666664,0.09850504114033759,0.08100866990198095,0.6666666666666666,legacy,unknown,8.5875,4.13508761292671,1,1786471220711
191,1786384803701,1786428003701,8.2465,0.25,12,-0.12747892388544202,-0.3045384524232788,0.16819967536286934,12,15,0.5512699905926622,0,0,0.19868660149760195,-0.16108471433537583,0.08100866990198095,0.25,legacy,unknown,8.41408,2.0321348450858054,1,1786428008082
192,1786395603513,1786482003513,8.2888,0.6666666666666666,15,4.448411892365753,-2.036338306147324,4.619360396252836,24,15,0.576222435282838,0,0,0.632776086440175,4.520954130202517,0.11082299433818567,0.6666666666666666,legacy,unknown,8.6969,4.9235112440884,1,1786482020652
193,1786395603513,1786438803513,8.2888,0.6,10,2.3736884294653158,-0.8837439443977817,2.878716942173572,12,15,0.5865294667913938,0,0,0.6,2.3736884294653158,0.11082299433818567,0.6,legacy,unknown,8.5224,2.8182607856384414,1,1786438807819
194,1786404753355,1786491153355,8.2893,0.4,15,-0.395987328405506,-0.889971540205493,0.2703452936987739,24,15,0.5712918660287082,0.22592768639947147,0,0.3426315952807026,-0.39993136491428644,0.08048947689114476,0.4,legacy,unknown,8.7782,5.897964846247563,1,1786492840283
195,1786404753487,1786447953487,8.2893,0.4666666666666667,15,-0.31656194541705407,-1.4294115529098463,0.5332656170645027,12,15,0.5816993464052288,0.22592768639947147,0,0.5438940094687836,0.030079168371146887,0.08048947689114476,0.4666666666666667,legacy,unknown,8.687,4.797751317964105,1,1786449620670
196,1786404755047,1786447955047,8.2893,0.6,15,0.030079168371146887,-1.0596697885488033,0.5381285220209581,12,15,0.5798319327731093,0.24102368860898726,0,0.654145986171202,0.12179827311754803,0.05426480797168488,0.6,legacy,unknown,8.687,4.797751317964105,1,1786449620702
197,1786404755177,1786491155177,8.2893,0.4,15,-0.395987328405506,-0.889971540205493,0.2703452936987739,24,15,0.569377990430622,0.24102368860898726,0,0.33203700093451805,-0.39993136491428644,0.05426480797168488,0.4,legacy,unknown,8.7782,5.897964846247563,1,1786492840374
198,1786404776298,1786491176298,8.2874,0.4,15,-0.395987328405506,-0.889971540205493,0.2703452936987739,24,21,0.22200956937799043,0.24091985801389698,0,0.25784517834305337,-0.5296635789779087,0.06212407872815352,0.4,legacy,unknown,8.7782,5.922243405651955,1,1786492840465
199,1786404776771,1786447976771,8.2874,0.6,15,0.030079168371146887,-1.0596697885488033,0.5381285220209581,12,21,0.2250233426704015,0.24091985801389698,0,0.5789241191269804,0.030079168371146887,0.06212407872815352,0.6,legacy,unknown,8.687,4.821777638342539,1,1786449620733
200,1786404779916,1786491179916,8.2874,0.4,15,-0.395987328405506,-0.889971540205493,0.149475029232006,24,21,0.22200956937799043,0.2387709057511518,0,0.3436566594530115,-0.40005087629621544,0.053252709727374004,0.4,legacy,unknown,8.7782,5.922243405651955,1,1786492840553
201,1786404804333,1786491204333,8.2866,0.4,15,-0.395987328405506,-0.889971540205493,0.149475029232006,24,21,0.22009569377990432,0.2387305794577459,0,0.3436917813519291,-0.40005087629621544,0.03768878210073829,0.4,legacy,unknown,8.7782,5.932469287765791,1,1786492840643
202,1786404804463,1786448004463,8.2866,0.4,15,-1.0596697885488033,-1.4294115529098463,0.5332656170645027,12,21,0.223155929038282,0.2387305794577459,0,0.5000754802573074,0.030079168371146887,0.03768878210073829,0.4,legacy,unknown,8.687,4.83189727994593,1,1786449620762
203,1786405809297,1786492209297,8.2911,0.3333333333333333,15,-0.5296635789779087,-0.8342576071755844,0.2715554697306058,24,21,0.04688995215311005,0.32698390321464854,0,0.3141270407124166,-0.5296635789779087,0.0207749820273259,0.3333333333333333,legacy,unknown,8.7782,5.874974370107704,1,1786492840737
204,1786405809410,1786449009410,8.2911,0.7333333333333333,15,0.23026474417707352,-0.31656194541705407,0.5381285220209581,12,21,0.0457516339869281,0.32698390321464854,0,0.6465178492634649,0.12179827311754803,0.0207749820273259,0.7333333333333333,legacy,unknown,8.687,4.774999698471846,1,1786449620792
205,1786406408311,1786492808311,8.3007,0.4,15,-0.395987328405506,-0.889971540205493,0.2703452936987739,24,21,0,0.33598228478623565,0,0.34614566976905115,-0.40005087629621544,0.006463132568328483,0.4,legacy,unknown,8.7782,5.75252689532207,1,1786492840830
206,1786406408481,1786449608481,8.3007,0.4,15,-1.0596697885488033,-1.4294115529098463,0.5332656170645027,12,21,0,0.33598228478623565,0,0.45914378233246134,-0.31656194541705407,0.006463132568328483,0.4,legacy,unknown,8.687,4.653824376257406,1,1786449620819
207,1786417208494,1786460408494,8.4118,0.4,15,-0.6290667242911048,-1.4294115529098463,0.5332656170645027,12,15,0.4641860465116279,0.4029128559309897,1,0.33663945533168255,-1.0596697885488033,0.057605484772044135,0.4,legacy,unknown,8.5556,1.7095033167693074,1,1786460420646
208,1786417208494,1786503608494,8.4118,0.3333333333333333,15,-0.395987328405506,-0.5296635789779087,0.12533593646430763,24,15,0.45176695319961796,0.4029128559309897,1,0.45211563501084895,-0.08993237085711886,0.057605484772044135,0.3333333333333333,legacy,unknown,8.7483,4.0003328657362385,1,1786503640150
209,1786419040934,1786462240934,8.405,0.4666666666666667,15,-0.31656194541705407,-1.0596697885488033,0.22734927585045905,12,15,0.4762790697674419,0.6444375931875704,1,0.4806573940003697,-0.31656194541705407,0.10485418419490114,0.4666666666666667,legacy,unknown,8.5556,1.7917906008328464,1,1786471220736
210,1786419041121,1786505441121,8.405,0.4666666666666667,15,-0.08993237085711886,-0.889971540205493,0.149475029232006,24,15,0.46418338108882523,0.6444375931875704,1,0.45483552087858115,-0.08993237085711886,0.10485418419490114,0.4666666666666667,legacy,unknown,8.7483,4.0844735276621185,1,1786511154374
211,1786419043784,1786462243784,8.4048,0.5333333333333333,15,0.12179827311754803,-1.0596697885488033,0.5332656170645027,12,15,0.47348837209302325,0.497996783103454,1,0.5464995875890576,0.12179827311754803,0.1367386167954849,0.5333333333333333,legacy,unknown,8.5556,1.7942128307633765,1,1786471220767
212,1786419043999,1786505443999,8.4048,0.4666666666666667,15,-0.08993237085711886,-0.889971540205493,0.149475029232006,24,15,0.46131805157593125,0.497996783103454,1,0.4453771067312191,-0.08993237085711886,0.1367386167954849,0.4666666666666667,legacy,unknown,8.7483,4.086950314106232,1,1786511154617
213,1786419721978,1786506121978,8.4066,0.4666666666666667,15,-0.08993237085711886,-0.889971540205493,0.149475029232006,24,15,0.4584527220630373,0.7146967199125689,1,0.45789080302704277,-0.08993237085711886,0.17316202810219183,0.4666666666666667,legacy,unknown,8.7483,4.064663478695326,1,1786511154861
214,1786419722202,1786462922202,8.4066,0.4666666666666667,15,-0.31656194541705407,-1.0596697885488033,0.22734927585045905,12,15,0.47069767441860466,0.7146967199125689,1,0.4773596646442318,-0.31656194541705407,0.17316202810219183,0.4666666666666667,legacy,unknown,8.5556,1.7724169105226957,1,1786471220789
215,1786428008456,1786471208456,8.41408,0.6666666666666666,15,0.5935505664064953,-2.011439466158236,1.1764421391176152,12,15,0.47075208913649025,0.49103202713585525,1,0.6180045852078224,0.5186158985925131,0.1458060535082354,0.6666666666666666,legacy,unknown,8.5875,2.0610690651859755,1,1786471220864
216,1786428008638,1786514408638,8.41408,0.6666666666666666,15,2.511663886672938,-2.4146492861576663,3.1230413191263695,24,15,0.4616840113528855,0.49103202713585525,1,0.6180045852078224,2.458415019905482,0.1458060535082354,0.6666666666666666,legacy,unknown,8.7115,3.534789305544978,1,1786514440143
217,1786436633599,1786479833599,8.4468,0.9166666666666666,12,1.6045715376447893,0.4268212039964983,2.5400861086792297,12,15,0.4883936861652739,0.09779106185371107,0,0.9280392398256249,1.6045715376447893,0.1346616312017749,0.9166666666666666,legacy,unknown,8.6969,2.9608845953497154,1,1786482020696
218,1786436634200,1786523034200,8.4468,0.5333333333333333,15,0.2159750323369236,-0.7098405289770555,2.181346963752193,24,15,0.4816556914393227,0.09779106185371107,0,0.5766849239367446,0.46702738858828097,0.1346616312017749,0.7272727272727273,legacy,unknown,8.744,3.51849221006772,1,1786525240308
219,1786438808105,1786482008105,8.5224,0.9166666666666666,12,0.989897295159562,0.5186158985925131,1.2419280721696915,12,21,0.2594995366079703,0.46479171256356033,1,0.8405133215417208,0.989897295159562,0.15104577139768677,0.9166666666666666,legacy,unknown,8.6969,2.0475452924058963,1,1786482020734
220,1786438808343,1786525208343,8.5224,0.8666666666666667,15,2.7767386293699565,2.4703248019646984,3.2940721213147404,24,21,0.25493885230479774,0.46479171256356033,1,0.8108896882683742,2.538805736133052,0.15104577139768677,0.45454545454545453,legacy,unknown,8.744,2.6002065145968327,1,1786525240403
221,1786449620892,1786492820892,8.687,0.9166666666666666,12,0.989897295159562,0.5186158985925131,1.2419280721696915,12,9,0.7132284921369103,0.7357493142397138,1,0.7849750929128079,0.3435224916831313,0.22636310776969149,0.9166666666666666,legacy,unknown,8.7782,1.0498445953724027,1,1786492840922
222,1786449620961,1786536020961,8.687,0.8666666666666667,15,2.7767386293699565,2.4703248019646984,3.2940721213147404,24,9,0.7100093545369505,0.7357493142397138,1,0.7560160370657322,2.538805736133052,0.22636310776969149,0.45454545454545453,legacy,unknown,8.8705,2.112351790031086,1,1786536040697
223,1786449924692,1786493124692,8.6722,0.9166666666666666,12,0.989897295159562,0.5186158985925131,1.2419280721696915,12,9,0.7169287696577243,0.7791069600618389,1,0.7863549505766895,0.3435224916831313,0.29163809197187746,0.9166666666666666,legacy,unknown,8.7782,1.2222965337515264,1,1786496311014
224,1786449924939,1786536324939,8.6722,0.8666666666666667,15,2.7767386293699565,2.4703248019646984,3.2940721213147404,24,9,0.7137511693171188,0.7791069600618389,1,0.7564061550931913,2.538805736133052,0.29163809197187746,0.45454545454545453,legacy,unknown,8.8705,2.2866170060653546,1,1786542784506
225,1786460420777,1786546820777,8.5556,0.6666666666666666,15,1.877928674480426,-0.7377992903968527,2.7137644630083133,24,9,0.8089468779123952,0,0,0.6996809245911915,1.877928674480426,0.29660304840899165,0.2727272727272727,legacy,unknown,8.7185,1.9040160830333406,1,1786546840409
226,1786460421488,1786503621488,8.5556,0.8461538461538461,13,1.6085086042064882,1.2419280721696915,2.375425471777538,12,9,0.8126142595978062,0,0,0.8219171748725448,1.6085086042064882,0.29660304840899165,0.8461538461538461,legacy,unknown,8.7483,2.2523259619430585,1,1786503640239
227,1786471221018,1786514421018,8.5875,0.8571428571428571,14,1.4859452329957477,0.989897295159562,1.7955734792836853,12,9,0.8172727272727273,0,0,0.810996720368875,1.7955734792836853,0.2823171930629195,0.8571428571428571,legacy,unknown,8.7035,1.3508005822416262,1,1786514440231
228,1786471221101,1786557621101,8.5875,0.8,15,2.458415019905482,0.6764253247915166,2.8038739163553212,24,9,0.8130232558139535,0,0,0.810996720368875,2.458415019905482,0.2823171930629195,0.45454545454545453,legacy,unknown,8.7725,2.1542940320232953,1,1786557640582
229,1786482021173,1786525221173,8.6969,0.7857142857142857,14,1.4859452329957477,0.08106393477292327,1.7955734792836853,12,9,0.8369565217391305,0,0,0.8109229741775092,1.7955734792836853,0.22280922510484902,0.7857142857142857,legacy,unknown,8.744,0.5415722843771961,1,1786525240493
230,1786482021173,1786568421173,8.6969,0.6666666666666666,15,1.877928674480426,-1.2947252798616598,2.7137644630083133,24,9,0.8328690807799443,0,0,0.8109229741775092,2.458415019905482,0.22280922510484902,0.2727272727272727,legacy,unknown,8.7623,0.7519920891352131,1,1786568440132
231,1786488437943,1786574837943,8.7626,0.26666666666666666,15,-0.28157542614463255,-5.6849763879160315,1.2806616555526835,24,9,0.8310120705663882,0.3498824892102533,0,0.17592879262922811,-0.28157542614463255,0.19515401636035,0.45454545454545453,legacy,unknown,8.664,-1.1252368018624737,0,1786579240124
232,1786488438148,1786531638148,8.7626,0.5333333333333333,15,1.450616569881765,-2.5827590102813254,2.92184075967859,12,9,0.8351449275362319,0.3498824892102533,0,0.7459252564866742,1.450616569881765,0.19515401636035,0.5333333333333333,legacy,unknown,8.8001,0.4279551731221286,1,1786536040782
233,1786488473922,1786531673922,8.7595,0.5333333333333333,15,1.450616569881765,-2.5827590102813254,2.92184075967859,12,9,0.72875226039783,0.37885671472632904,1,0.7486619695512785,1.450616569881765,0.23457144603549773,0.5333333333333333,legacy,unknown,8.8001,0.4634967749300908,1,1786536040866
234,1786488474062,1786574874062,8.7595,0.26666666666666666,15,-0.28157542614463255,-5.6849763879160315,1.2806616555526835,24,9,0.7214484679665738,0.37885671472632904,1,0.1692811208887754,-0.28157542614463255,0.23457144603549773,0.45454545454545453,legacy,unknown,8.664,-1.0902448769906898,0,1786579240219
235,1786488477679,1786574877679,8.7592,0.26666666666666666,15,-0.28157542614463255,-5.6849763879160315,1.2806616555526835,24,9,0.7214484679665738,0.35699015868022516,0,0.17130025548808286,-0.28157542614463255,0.24495746107219596,0.45454545454545453,legacy,unknown,8.664,-1.0868572472371927,0,1786579240310
236,1786492841134,1786536041134,8.7782,0.4,15,-1.4994298745723953,-2.3160654242890604,1.450616569881765,12,9,0.7283393501805054,1.0959922254925127,1,0,-2.3160654242890604,0.24240822337897674,0.4,legacy,unknown,8.8705,1.0514684103802583,1,1786542784760
237,1786492841269,1786579241269,8.7782,0,15,-4.791776368506602,-5.067532911608816,-0.28157542614463255,24,9,0.7210379981464319,1.0959922254925127,1,0,-5.067532911608816,0.24240822337897674,0.5454545454545454,legacy,unknown,8.664,-1.3009500808821888,0,1786579637587
238,1786496312100,1786582712100,8.7492,0.8666666666666667,15,2.511663886672938,1.946701720841306,2.8038739163553212,24,15,0.571825764596849,0.8283544385549513,1,0.8677353227539331,2.511663886672938,0.18645495865638073,0.45454545454545453,legacy,unknown,8.6688,-0.9189411603346697,0,1786585706687
239,1786496312310,1786539512310,8.7492,0.8666666666666667,15,1.1764421391176152,0.5935505664064953,1.7955734792836853,12,15,0.575812274368231,0.8283544385549513,1,0.8677353227539331,1.1764421391176152,0.18645495865638073,0.8666666666666667,legacy,unknown,8.787,0.4320395007543629,1,1786542785003
240,1786496331401,1786582731401,8.754,0.8,15,2.458415019905482,0.6764253247915166,2.8038739163553212,24,15,0.5690454124189064,0.8260745507569022,1,0.7996773029856565,2.458415019905482,0.1312439608107928,0.45454545454545453,legacy,unknown,8.6688,-0.9732693625771122,0,1786585706948
241,1786496331562,1786539531562,8.754,0.8571428571428571,14,1.4859452329957477,0.989897295159562,1.7955734792836853,12,15,0.5731046931407943,0.8260745507569022,1,0.855978911322483,1.4859452329957477,0.1312439608107928,0.8571428571428571,legacy,unknown,8.787,0.37697052775875317,1,1786542785284
242,1786496335560,1786582735560,8.7577,0.8,15,2.458415019905482,0.6764253247915166,2.8038739163553212,24,21,0.2289156626506024,0.8249406797758501,1,0.7150336314476881,2.371678870606268,0.12294261556712588,0.45454545454545453,legacy,unknown,8.6688,-1.0151067060986407,0,1786585707198
243,1786496402615,1786582802615,8.7607,0.8,15,2.458415019905482,0.6764253247915166,2.8038739163553212,24,21,0.018535681186283594,0.8226849714262539,1,0.7150345545762135,2.371678870606268,0.10051640049727234,0.45454545454545453,legacy,unknown,8.6688,-1.0490029335555464,0,1786585707458
244,1786496403105,1786539603105,8.7607,0.8571428571428571,14,1.4859452329957477,0.989897295159562,1.7955734792836853,12,21,0.019855595667870037,0.8226849714262539,1,0.8410233491187497,1.1764421391176152,0.10051640049727234,0.8571428571428571,legacy,unknown,8.787,0.3002043215724871,1,1786542785533
245,1786496427745,1786582827745,8.7679,0.8,15,2.458415019905482,0.6764253247915166,2.8038739163553212,24,21,0.018535681186283594,0.8204451602270113,1,0.7150354979810944,2.371678870606268,0.06914822523056177,0.45454545454545453,legacy,unknown,8.6688,-1.130259241095359,0,1786585707713
246,1786496428145,1786539628145,8.7679,0.8571428571428571,14,1.4859452329957477,0.989897295159562,1.7955734792836853,12,21,0.019855595667870037,0.8204451602270113,1,0.8410220038799885,1.1764421391176152,0.06914822523056177,0.8571428571428571,legacy,unknown,8.787,0.21784007573080982,1,1786542785780
247,1786496431516,1786582831516,8.7679,0.6,15,0.6764253247915166,-1.2947252798616598,2.4997297264832006,24,21,0.018535681186283594,0.8182210712963218,1,0.7120969643562439,1.946701720841306,0.035562406164022065,0.2727272727272727,legacy,unknown,8.6688,-1.130259241095359,0,1786585707962
248,1786496432056,1786539632056,8.7679,0.7692307692307693,13,1.3682374301344447,0.08106393477292327,1.7955734792836853,12,21,0.019855595667870037,0.8182210712963218,1,0.8404357334064657,1.7955734792836853,0.035562406164022065,0.7692307692307693,legacy,unknown,8.787,0.21784007573080982,1,1786542786030
249,1786496435703,1786539635703,8.7679,0.8333333333333334,12,2.0097668670434063,0.3479596366821438,2.9608845953497154,12,21,0.007220216606498195,0.800873266934719,1,0.7787688612193837,1.6045715376447893,0.019874525910024116,0.8333333333333334,legacy,unknown,8.787,0.21784007573080982,1,1786542786273
250,1786503640602,1786590040602,8.7483,0.8666666666666667,15,2.198193916349816,2.091313554281371,4.664882545346405,24,21,0.0018501387604070306,0.6724744761582655,1,0.9025621378079617,2.953158039351562,0.004687731838909072,0.45454545454545453,legacy,unknown,8.68349,-0.740829646902822,0,1786597713086
251,1786503640721,1786546840721,8.7483,0.8666666666666667,15,0.3794818110442324,0.2333444449735762,1.9994052928932384,12,21,0.0035971223021582736,0.6724744761582655,1,0.9025621378079617,0.5286206937699103,0.004687731838909072,0.8666666666666667,legacy,unknown,8.7185,-0.3406376095927188,0,1786557640680
252,1786511155893,1786554355893,8.7085,0.8666666666666667,15,0.3794818110442324,0.09798821721932016,1.9994052928932384,12,21,0.06294964028776978,0.33408148360845613,0,0.8761969599981265,0.3243821292775704,-0.017796371443583217,0.8666666666666667,legacy,unknown,8.7725,0.7349141643222145,1,1786557640775
253,1786511156089,1786597556089,8.7085,0.6666666666666666,15,2.198193916349816,-0.143957998137001,4.664882545346405,24,21,0.06398537477148081,0.33408148360845613,0,0.7468569230997983,2.198193916349816,-0.017796371443583217,0.2727272727272727,legacy,unknown,8.7727,0.7372107710857161,1,1786597713342
254,1786514395775,1786557595775,8.7115,0.5384615384615384,13,0.08106393477292327,-1.4994298745723953,2.0097668670434063,12,21,0.06104129263913824,0.6857310978900664,1,0.6135867009184713,1.6045715376447893,-0.03961312388425688,0.5384615384615384,legacy,unknown,8.7725,0.7002238420478876,1,1786557640865
255,1786514395988,1786600795988,8.7115,0.4,15,-0.7377992903968527,-4.863169897377412,0.6764253247915166,24,21,0.062157221206581355,0.6857310978900664,1,0.4637605228310202,-0.045594711013522735,-0.03961312388425688,0.6363636363636364,legacy,unknown,8.7945,0.9527635883602158,1,1786600840523
256,1786514440592,1786557640592,8.7035,0.35714285714285715,14,-1.4994298745723953,-4.297352574869449,0.3243821292775704,12,21,0.06104129263913824,0.6393728127652537,1,0.4422557460313713,-0.2909607432099548,-0.04990055270270858,0.35714285714285715,legacy,unknown,8.7725,0.7927845119779495,1,1786568440233
257,1786514441039,1786600841039,8.7035,0.2,15,-4.863169897377412,-5.340554622424841,-0.001211460415528099,24,21,0.05210237659963437,0.6233433902899104,1,0.25097495970316286,-0.7284676900450575,-0.06139706502970074,0.45454545454545453,legacy,unknown,8.7945,1.0455563853622027,1,1786604973470
258,1786525240759,1786568440759,8.744,0.8,5,0.05761959066081833,0.05761959066081833,0.09749643093422429,12,21,0.13530465949820789,0.15633394827181674,0,0.5576764602419246,0.05761959066081833,-0.06272657616961712,0.7,legacy,unknown,8.7623,0.20928636779505927,1,1786579240407
259,1786525240896,1786611640896,8.744,0.6,15,0.8315479094631026,-0.7313279309566223,2.371678870606268,24,21,0.13702359346642468,0.15633394827181674,0,0.47501414859472624,-0.4352519238134991,-0.06272657616961712,0.38461538461538464,legacy,unknown,8.7335,-0.12008234217749769,0,1786622440468
260,1786530429032,1786616829032,8.8001,0.8,15,2.9033294844477244,2.091313554281371,3.8937833478099084,24,21,0.28039927404718695,0.391054138236131,1,0.7734268761713509,2.431424505618528,-0.020381281552339595,0.6153846153846154,legacy,unknown,8.7335,-0.7568095817093112,0,1786622440561
261,1786530429248,1786573629248,8.8001,0.8,15,0.5725713333412669,0.3794818110442324,3.7729266347687336,12,21,0.2777777777777778,0.391054138236131,1,0.6974850759433798,0.5725713333412669,-0.020381281552339595,0.7,legacy,unknown,8.7623,-0.42954057340258317,0,1786579240515
262,1786536041127,1786579241127,8.8705,0.7333333333333333,15,0.3243821292775704,-0.11829748195360146,1.9994052928932384,12,15,0.3774597495527728,0.5911487057340185,1,0.7453618838799444,0.3243821292775704,0.04620128505733562,0.7,legacy,unknown,8.664,-2.3279409277943763,0,1786579637832
263,1786536041260,1786622441260,8.8705,0.5333333333333333,15,2.091313554281371,-0.3597209145119604,4.539239814055239,24,15,0.3813405797101449,0.5911487057340185,1,0.548350819736515,2.091313554281371,0.04620128505733562,0.38461538461538464,legacy,unknown,8.682,-2.125021137478152,0,1786633240322
264,1786542787393,1786585987393,8.787,0.26666666666666666,15,-1.5785424030392594,-2.3160654242890604,0.02175857650556485,12,15,0.5681211041852182,0.7085771322757192,1,0.2996631961180518,-1.5785424030392594,0.08890676420793406,0.7,legacy,unknown,8.6259,-1.8333902355752945,0,1786590040185
265,1786542788133,1786629188133,8.787,0.13333333333333333,15,-4.791776368506602,-5.067532911608816,-0.22000338466745903,24,15,0.575812274368231,0.7085771322757192,1,0.17662433171954742,-4.791776368506602,0.08890676420793406,0.6923076923076923,legacy,unknown,8.8609,0.8410151359963591,1,1786633240411
266,1786542799613,1786585999613,8.7865,0.6,15,0.09798821721932016,-0.1513134003147233,0.5725713333412669,12,15,0.5681211041852182,0.43906845749271206,1,0.6053192704302629,0.09798821721932016,0.09900189718878269,0.8,legacy,unknown,8.6259,-1.8278040175268937,0,1786590040278
267,1786542801883,1786629201883,8.7865,0.4666666666666667,15,-0.001211460415528099,-0.43687926837799995,2.198193916349816,24,15,0.575812274368231,0.5490349213706956,1,0.46721422782770866,-0.001211460415528099,0.10909498950430278,0.7692307692307693,legacy,unknown,8.8609,0.8467535423661376,1,1786633240515
268,1786542808109,1786586008109,8.7899,0.6666666666666666,15,0.24108062269065123,-0.1513134003147233,0.3794818110442324,12,15,0.5681211041852182,0.549263746657994,1,0.6829994411657339,0.24108062269065123,0.1037817502555053,0.6,legacy,unknown,8.6259,-1.865777767665158,0,1786590040369
269,1786542809816,1786629209816,8.7899,0.4666666666666667,15,-0.001211460415528099,-0.43687926837799995,2.198193916349816,24,15,0.5740072202166066,0.5494924779914006,1,0.46703398950955055,-0.001211460415528099,0.09846978106901343,0.7692307692307693,legacy,unknown,8.8609,0.8077452530745686,1,1786633240616
270,1786542867976,1786629267976,8.7991,0.4666666666666667,15,-0.001211460415528099,-0.43687926837799995,2.198193916349816,24,15,0.4268953068592058,0.5506347292991137,1,0.4665902495296137,-0.001211460415528099,0.030714379862427886,0.7692307692307693,legacy,unknown,8.8609,0.7023445579661742,1,1786633240725
271,1786542868169,1786586068169,8.7991,0.6666666666666666,15,0.24108062269065123,-0.1513134003147233,0.3794818110442324,12,15,0.42119323241317896,0.5506347292991137,1,0.6827783351948056,0.24108062269065123,0.030714379862427886,0.6,legacy,unknown,8.6259,-1.9683831300928458,0,1786590040458
272,1786542873973,1786586073973,8.79736,0.6666666666666666,15,0.24108062269065123,-0.1513134003147233,0.3794818110442324,12,21,0.25823686553873554,0.5508628992755746,1,0.7168195297074562,0.24108062269065123,0.024481180808921237,0.6,legacy,unknown,8.6259,-1.9489937890458016,0,1786590040574
273,1786542875477,1786629275477,8.79736,0.4666666666666667,15,-0.001211460415528099,-0.43687926837799995,2.198193916349816,24,21,0.26173285198555957,0.5510944519649196,1,0.5492581662452053,2.091313554281371,0.01728646830282316,0.7692307692307693,legacy,unknown,8.8609,0.7222621331854271,1,1786633240822
274,1786542880877,1786586080877,8.79635,0.6666666666666666,15,0.24108062269065123,-0.1513134003147233,0.3794818110442324,12,21,0,0.5515572675330567,1,0.7111495649646838,0.24108062269065123,0.00026066857184943725,0.6,legacy,unknown,8.6259,-1.93773553803567,0,1786590040662
275,1786542881430,1786629281430,8.79635,0.4666666666666667,15,-0.001211460415528099,-0.43687926837799995,2.198193916349816,24,21,0,0.5515572675330567,1,0.549088389039505,2.091313554281371,0.00026066857184943725,0.7692307692307693,legacy,unknown,8.8609,0.7338270987398244,1,1786633240924
276,1786542886353,1786586086353,8.7972,0.6666666666666666,15,0.24108062269065123,-0.1513134003147233,0.3794818110442324,12,21,0,0.5517885306506598,1,0.711107999096694,0.24108062269065123,-0.003991978807007288,0.6,legacy,unknown,8.6259,-1.9472104760605697,0,1786590040758
277,1786542914196,1786586114196,8.8068,0.8,15,0.3243821292775704,0.02175857650556485,0.6337044860549068,12,21,0.0017809439002671415,0.44187100295844656,1,0.7717693666897055,0.3243821292775704,-0.00509142987541203,0.7,legacy,unknown,8.6259,-2.054094563292015,0,1786590040852
278,1786542914407,1786629314407,8.8068,0.6,15,2.091313554281371,-0.22000338466745903,4.664882545346405,24,21,0.0018050541516245488,0.44187100295844656,1,0.602082405752759,2.1465307871803514,-0.00509142987541203,0.38461538461538464,legacy,unknown,8.8609,0.6142980424217653,1,1786633241023
279,1786542917615,1786629317615,8.806,0.26666666666666666,15,-1.3296785207626993,-5.067532911608816,2.198193916349816,24,21,0.0018050541516245488,0.6560297116732723,1,0.22543223853243097,-0.7002326032176814,-0.0037698965711542654,0.5384615384615384,legacy,unknown,8.8609,0.6234385646150549,1,1786633241121
280,1786542975185,1786586175185,8.80933,0.4,15,-1.5785424030392594,-2.3160654242890604,0.3243821292775704,12,21,0.0017809439002671415,0.6561573825053038,1,0.3967985829492596,-1.5785424030392594,0.016277293889605974,0.7,legacy,unknown,8.6259,-2.0822241873104943,0,1786590040952
281,1786542975676,1786629375676,8.80933,0.26666666666666666,15,-1.3296785207626993,-5.067532911608816,2.198193916349816,24,21,0.0018050541516245488,0.6561573825053038,1,0.22545603547639456,-0.7002326032176814,0.016277293889605974,0.5384615384615384,legacy,unknown,8.8609,0.585402068034705,1,1786633241222
282,1786546840757,1786590040757,8.7185,0.6666666666666666,15,0.24108062269065123,-0.1513134003147233,0.3794818110442324,12,21,0.2986666666666667,0.4712747158055786,1,0.7027083527769465,0.3243821292775704,-0.013150739344108629,0.6,legacy,unknown,8.68349,-0.401559901359176,0,1786597713596
283,1786546840932,1786633240932,8.7185,0.4666666666666667,15,-0.001211460415528099,-0.43687926837799995,2.198193916349816,24,21,0.30324909747292417,0.4712747158055786,1,0.5551354433518834,2.091313554281371,-0.013150739344108629,0.7692307692307693,legacy,unknown,8.8609,1.633308481963644,1,1786644040386
284,1786557641229,1786600841229,8.7725,0.8,5,0.05761959066081833,0.05761959066081833,0.09749643093422429,12,15,0.40087719298245617,0.10038506628121618,0,0.8220910077210605,0.05761959066081833,-0.026901756612997266,0.7,legacy,unknown,8.7945,0.2507836990595436,1,1786604973720
285,1786557641229,1786644041229,8.7725,0.6,15,0.8315479094631026,-0.7313279309566223,2.371678870606268,24,15,0.4010791366906475,0.10038506628121618,0,0.588421625383096,0.8315479094631026,-0.026901756612997266,0.38461538461538464,legacy,unknown,8.7597,-0.14591051581647607,0,1786654840320
286,1786568440609,1786654840609,8.7623,0.26666666666666666,15,-1.7138020199209207,-1.8785939474088003,1.1069529726652878,24,15,0.4030520646319569,0.47998215895375457,1,0.26688176636918326,-1.7138020199209207,-0.046023276104757885,0.5384615384615384,legacy,unknown,8.8368,0.8502333862113881,1,1786661431734
287,1786568440880,1786611640880,8.7623,0.21428571428571427,14,-0.2866621201438029,-0.9316371861991803,-0.1759299983795933,12,15,0.40663176265270506,0.47998215895375457,1,0.21416837727254212,-0.5322294500295638,-0.046023276104757885,0.5,legacy,unknown,8.7335,-0.32868082581057917,0,1786622440654
288,1786579240796,1786665640796,8.664,0.4,15,-1.2366900635057076,-2.0788951737309866,0.15461137412357084,24,15,0.6281362007168458,0.6345176414374599,1,0.3527228722465267,-1.2366900635057076,-0.10114162693480547,0.8461538461538461,legacy,unknown,8.8864,2.5669436749769203,1,1786676440400
289,1786579240918,1786622440918,8.664,0.6666666666666666,15,0.2260618798572696,-0.3844364455544902,0.8118364798001485,12,15,0.6306620209059234,0.6345176414374599,1,0.6536328552277924,0.16142839672252918,-0.10114162693480547,0.6,legacy,unknown,8.682,0.20775623268698848,1,1786633241317
290,1786579638783,1786666038783,8.6885,0.4,15,-1.2366900635057076,-2.0788951737309866,0.15461137412357084,24,15,0.6451612903225806,0.6344967749971275,1,0.3528339825016828,-1.2366900635057076,-0.09511905381615961,0.8461538461538461,legacy,unknown,8.8864,2.277723427519142,1,1786676440553
291,1786579638958,1786622838958,8.6885,0.6666666666666666,15,0.2260618798572696,-0.3844364455544902,0.8118364798001485,12,15,0.6472125435540069,0.6344967749971275,1,0.6536543404012563,0.16142839672252918,-0.09511905381615961,0.6,legacy,unknown,8.682,-0.0748115324854585,0,1786633241410
292,1786580766588,1786623966588,8.6815,0.9090909090909091,11,1.3454829344458112,0.49788223079556304,1.6268914141722928,12,15,0.6437282229965157,0.39809460673054525,1,0.9269348130120892,1.3454829344458112,-0.12182200969183056,0.8,legacy,unknown,8.682,0.005759373380183275,1,1786633241508
293,1786580766737,1786667166737,8.6815,0.5333333333333333,15,1.2552148137305128,-0.8608643577203307,1.5363726437597138,24,15,0.6415770609318996,0.39809460673054525,1,0.6045542088738141,1.2552148137305128,-0.12182200969183056,0.38461538461538464,legacy,unknown,8.8864,2.3601912111962253,1,1786676440654
294,1786581159531,1786624359531,8.6688,0.8,10,1.3454829344458112,1.3454829344458112,1.6268914141722928,12,15,0.4991289198606272,0.3782073548041404,1,0.8454640546325363,1.3454829344458112,-0.14757332587427582,0.7,legacy,unknown,8.682,0.15227021040975927,1,1786633241605
295,1786581159700,1786667559700,8.6688,0.7333333333333333,15,1.2552148137305128,-0.34277575947762345,1.5363726437597138,24,15,0.496415770609319,0.3782073548041404,1,0.7770590755626342,1.2552148137305128,-0.14757332587427582,0.46153846153846156,legacy,unknown,8.8864,2.5101513473606603,1,1786676440750
296,1786585709036,1786672109036,8.6264,0.8,15,1.2552148137305128,0.2863735070575417,1.5363726437597138,24,15,0.3881932021466905,0.37838304436544745,1,0.8348590803858936,1.2552148137305128,-0.13219852092151732,0.6153846153846154,legacy,unknown,8.8278,2.33469349902624,1,1786676440842
297,1786585709342,1786628909342,8.6264,1,9,1.3454829344458112,1.3454829344458112,1.6268914141722928,12,15,0.39565217391304347,0.37838304436544745,1,1,1.3454829344458112,-0.13219852092151732,0.8,legacy,unknown,8.8609,2.718399332282303,1,1786633241698
298,1786585731481,1786628931481,8.6272,1,11,1.3454829344458112,0.881536636956057,1.3454829344458112,12,15,0.3973913043478261,0.378548846176825,1,1,1.3454829344458112,-0.1283700438504729,0.8,legacy,unknown,8.8609,2.7088742581602454,1,1786633241796
299,1786585731662,1786672131662,8.6272,0.8666666666666667,15,1.2552148137305128,0.8191810634681946,1.504801882592376,24,15,0.38998211091234347,0.378548846176825,1,0.8864242481694805,1.2552148137305128,-0.1283700438504729,0.6153846153846154,legacy,unknown,8.8278,2.3252040059347143,1,1786676440934
300,1786585735600,1786672135600,8.6262,0.8666666666666667,15,1.2552148137305128,0.9356182286768319,1.5363726437597138,24,21,0.07871198568872988,0.3718653075237619,1,0.9132599962673466,1.2552148137305128,-0.1206678191876589,0.6153846153846154,legacy,unknown,8.8278,2.3370661473186236,1,1786676441028
301,1786585735775,1786628935775,8.6262,1,10,1.3454829344458112,0.9162752006263397,1.3454829344458112,12,21,0.08956521739130435,0.3718653075237619,1,1,1.3454829344458112,-0.1206678191876589,0.8,legacy,unknown,8.8609,2.7207808768635102,1,1786633241889
302,1786585739279,1786672139279,8.6259,0.8666666666666667,15,1.2552148137305128,0.9356182286768319,1.5363726437597138,24,21,0.07871198568872988,0.37196165632023914,1,0.9132318107134753,1.2552148137305128,-0.11301980222460192,0.6153846153846154,legacy,unknown,8.8278,2.340625326052936,1,1786676441125
303,1786590041219,1786676441219,8.68349,0.3333333333333333,15,-0.9976247030878815,-1.3904694167852085,1.2552148137305128,24,21,0.23166368515205724,0.6691410039559396,1,0.5349760064795455,0.6865127582016983,-0.08469843878822753,0.5384615384615384,legacy,unknown,8.8278,1.6618894016115529,1,1786684305895
304,1786590041354,1786633241354,8.68349,0.6,10,1.1825642723681988,-0.9471313418681876,1.3454829344458112,12,21,0.24131944444444445,0.6691410039559396,1,0.5762028118255235,0.32685297691372395,-0.08469843878822753,0.8,legacy,unknown,8.8609,2.043072543412845,1,1786644040574
305,1786597714685,1786684114685,8.7727,0.8,15,1.2552148137305128,0.02457153387801054,2.2384266113907936,24,15,0.47733333333333333,0.281232901118124,0,0.8248461586772677,1.5363726437597138,-0.0006744295390726759,0.6153846153846154,legacy,unknown,8.7849,0.1390677898480512,1,1786684306156
306,1786597714909,1786640914909,8.7727,0.8666666666666667,15,0.9952703597174142,0.8263448055695548,2.4159429971053163,12,15,0.4876385336743393,0.281232901118124,0,0.8889984551175141,1.3454829344458112,-0.0006744295390726759,0.8,legacy,unknown,8.7597,-0.14818698918234863,0,1786644040665
307,1786597719616,1786684119616,8.7737,0.06666666666666667,15,-1.0361883672511532,-1.2829981892690303,-0.4631242917890156,24,15,0.4497777777777778,0.35946208759663845,0,0.05852523993196074,-1.0361883672511532,0.08151455839335245,0.46153846153846156,legacy,unknown,8.7849,0.1276542393745004,1,1786684306397
308,1786597720108,1786640920108,8.7737,0.6,15,0.3777125242162536,-0.9310229285338167,0.9952703597174142,12,15,0.46121057118499575,0.35946208759663845,1,0.5498223341289671,0.11452567283831531,0.08151455839335245,0.8,legacy,unknown,8.7597,-0.15956779921811035,0,1786644040759
309,1786597773726,1786640973726,8.7681,0.6,15,0.3777125242162536,-0.9310229285338167,0.9952703597174142,12,15,0.3751065643648764,0.3596568097638068,1,0.5498613213794824,0.11452567283831531,0.1403457147761619,0.8,legacy,unknown,8.7597,-0.0958018270777017,0,1786644040901
310,1786597773931,1786684173931,8.7681,0.06666666666666667,15,-1.0361883672511532,-1.2829981892690303,-0.4631242917890156,24,15,0.3635555555555556,0.3596568097638068,0,0.05851402779925629,-1.0361883672511532,0.1403457147761619,0.46153846153846156,legacy,unknown,8.7849,0.1916036541554034,1,1786684306656
311,1786600840821,1786687240821,8.7945,0.2,15,-1.2829981892690303,-1.9673228393512388,-1.0650930157245255,24,15,0.37082601054481545,0.5313313620925821,1,0.21910820185163093,-1.2829981892690303,0.18078066872982676,0.6923076923076923,legacy,unknown,8.7894,-0.05799078969809282,0,1786688496499
312,1786600840959,1786644040959,8.7945,0.26666666666666666,15,-0.6814066520537492,-2.1884374962649504,0.036019162194267394,12,15,0.37957446808510636,0.5313313620925821,1,0.27439788117337677,-0.6814066520537492,0.18078066872982676,0.7,legacy,unknown,8.7597,-0.39570185911648,0,1786654840417
313,1786604974684,1786648174684,8.7579,0.4666666666666667,15,-0.6814066520537492,-1.7915153831454276,0.37651147635942506,12,15,0.4493617021276596,0.4785533119936736,1,0.45642133544129937,-0.6814066520537492,0.15541405203740122,0.5384615384615384,legacy,unknown,8.7597,0.02055287226391183,1,1786654840513
314,1786604974899,1786691374899,8.7579,0.2,15,-1.2079743199864772,-2.2902203080684145,-1.0650930157245255,24,15,0.43936731107205623,0.4785533119936736,1,0.21446812308565233,-1.2079743199864772,0.15541405203740122,0.8,legacy,unknown,8.7757,0.20324507016523538,1,1786698040144
315,1786611640614,1786698040614,8.7335,0.13333333333333333,15,-1.2829981892690303,-2.2902203080684145,-0.3331869311665806,24,15,0.3868421052631579,0.40146116339316945,1,0.11174416278027112,-1.2829981892690303,0.11808697827117184,0.8,legacy,unknown,8.805,0.8186866662849986,1,1786708840423
316,1786611640736,1786654840736,8.7335,0.2,15,-0.6814066520537492,-2.248411902373787,-0.01419345681639557,12,15,0.39422259983007646,0.40146116339316945,1,0.17376472118259448,-0.6814066520537492,0.11808697827117184,0.6923076923076923,legacy,unknown,8.8368,1.1828018549264423,1,1786661431985
317,1786622440957,1786708840957,8.682,0.13333333333333333,15,-0.44384407564646255,-1.2829981892690303,-0.22000338466745903,24,21,0.20767888307155322,0.3622468705801468,0,0.2158520390924285,-0.44384407564646255,0.05648228427491891,0.8,legacy,unknown,8.8309,1.715042616908539,1,1786709677470
318,1786622441120,1786665641120,8.682,0.26666666666666666,15,-0.32868082581057917,-0.9310229285338167,0.02175857650556485,12,21,0.21034775233248515,0.3622468705801468,1,0.2992304801345137,-0.32868082581057917,0.05648228427491891,0.6923076923076923,legacy,unknown,8.8864,2.354296245104811,1,1786676441218
319,1786633242163,1786676442163,8.8609,0.38461538461538464,13,-1.3733462871673248,-1.7915153831454276,0.2480008710274517,12,9,0.780960404380792,0.5516745254523469,1,0.10379793292941322,-1.7915153831454276,0.04339246129882402,0.7692307692307693,legacy,unknown,8.8278,-0.3735512194021038,0,1786684306923
320,1786633242308,1786719642308,8.8609,0.2,15,-1.2079743199864772,-2.363367093445438,-0.6400465488399097,24,9,0.7735191637630662,0.5516745254523469,1,0.10379793292941322,-2.3090394395931386,0.04339246129882402,0.8,legacy,unknown,8.765,-1.082282838086428,0,1786730440374
321,1786644041120,1786687241120,8.7597,0.3333333333333333,15,-0.32868082581057917,-0.9310229285338167,0.09798821721932016,12,9,0.8210702341137124,0.4548362079508022,1,0.5660480017312297,0.02175857650556485,0.015304228186810872,0.5384615384615384,legacy,unknown,8.7894,0.3390527072844967,1,1786688496754
322,1786644041279,1786730441279,8.7597,0.13333333333333333,15,-0.7838303575702468,-1.2829981892690303,-0.143957998137001,24,9,0.8142361111111112,0.4548362079508022,1,0.23493542558116978,-0.22000338466745903,0.015304228186810872,0.8,legacy,unknown,8.91228,1.7418404739888396,1,1786741240585
323,1786654840940,1786741240940,8.8368,0.7333333333333333,15,0.711797100363396,-1.5950112165305022,3.07422878036657,24,9,0.8365957446808511,0,0,0.6641519629135961,0.09850504114033759,0.03461714288133797,0.3333333333333333,legacy,unknown,8.9799,1.6193644758283592,1,1786752040200
324,1786654840940,1786698040940,8.8368,0.3333333333333333,12,-0.12747892388544202,-0.3045384524232788,2.0321348450858054,12,9,0.840531561461794,0,0,0.38240507755297903,-0.16108471433537583,0.03461714288133797,0.5384615384615384,legacy,unknown,8.805,-0.3598587724063065,0,1786708840526
325,1786661433015,1786704633015,8.84698,0.35714285714285715,14,-0.22609744220020597,-1.0908799229967132,0.02055287226391183,12,9,0.8399668325041459,0.1476852278564073,0,0.6095081516806317,0.02055287226391183,0.10272565973932467,0.7692307692307693,legacy,unknown,8.8309,-0.18175693852592115,0,1786708840630
326,1786661433163,1786747833163,8.84698,0.26666666666666666,15,-1.2581787347167939,-2.971991093402071,1.240306372402582,24,9,0.8360237892948174,0.1476852278564073,0,0.5458974132935007,1.240306372402582,0.10272565973932467,0.4,legacy,unknown,8.9685,1.3735760677655007,1,1786752040305
327,1786664133534,1786707333534,8.85568,0.4,15,-0.2909607432099548,-0.988439505435844,0.4268212039964983,12,9,0.8385761589403974,0.38891951518372797,1,0.5725942052147036,0.036019162194267394,0.08178870822343572,0.7692307692307693,legacy,unknown,8.8309,-0.2798204090482019,0,1786708840726
328,1786664136716,1786750536716,8.85568,0.26666666666666666,15,-0.5452312354365803,-0.7284676900450575,0.12094649614409793,24,9,0.8181818181818182,0.38887548229956137,1,0.4660297702524966,-0.026450891515277814,0.11790973661893704,0.4,legacy,unknown,8.9685,1.2739846064898577,1,1786752040403
329,1786664137570,1786707337570,8.85568,0.4,15,-0.2909607432099548,-0.988439505435844,0.4268212039964983,12,9,0.8228476821192053,0.38887548229956137,1,0.5724830998420429,0.036019162194267394,0.11790973661893704,0.7692307692307693,legacy,unknown,8.8309,-0.2798204090482019,0,1786708840820
330,1786664157833,1786750557833,8.85569,0.26666666666666666,15,-0.5452312354365803,-0.7284676900450575,0.12094649614409793,24,15,0.5845369583687341,0.38883299555901046,1,0.2851260921918178,-0.5452312354365803,0.11244851911596425,0.4,legacy,unknown,8.9685,1.2738702461355516,1,1786752040504
331,1786664158114,1786707358114,8.85569,0.4,15,-0.2909607432099548,-0.988439505435844,0.4268212039964983,12,15,0.5894039735099338,0.38883299555901046,1,0.41396113974201587,-0.2909607432099548,0.11244851911596425,0.7692307692307693,legacy,unknown,8.8309,-0.2799330148187146,0,1786708840913
332,1786664196302,1786750596302,8.8576,0.4666666666666667,15,-0.1368649867160329,-1.242126952164645,0.37593531984625345,24,21,0.2412914188615123,0.20648359046009757,0,0.5517274790996272,0.04524256977796098,0.10078009387454218,0.8,legacy,unknown,8.9685,1.252032153179201,1,1786752040602
333,1786664196499,1786707396499,8.8576,0.4666666666666667,15,-0.052638351132896284,-0.514925972223817,0.036019162194267394,12,21,0.2367549668874172,0.20648359046009757,0,0.46647185295523264,-0.05220296512842127,0.10078009387454218,0.5384615384615384,legacy,unknown,8.8309,-0.3014360549132942,0,1786708841010
334,1786664200101,1786750600101,8.85787,0.6666666666666666,15,1.1525440007683638,-0.08870030086183749,1.730472223522253,24,21,0.2412914188615123,0.3236825805815067,0,0.7682950714202252,1.0434445775986227,0.09054768015866756,0.5333333333333333,legacy,unknown,8.9685,1.2489458526711326,1,1786752040704
335,1786664883136,1786708083136,8.86779,0.5714285714285714,14,0.02055287226391183,-0.32868082581057917,0.8267664112527255,12,21,0.008278145695364239,0.31390519692941693,0,0.6910706011734505,0.036019162194267394,0.06830375193531187,0.9230769230769231,legacy,unknown,8.8309,-0.41599992782868844,0,1786708841107
336,1786664883329,1786751283329,8.86779,0.6666666666666666,15,1.1525440007683638,-0.08870030086183749,1.730472223522253,24,21,0.008496176720475786,0.32389133276748083,0,0.7682537367640471,1.0434445775986227,0.06830375193531187,0.5333333333333333,legacy,unknown,8.9685,1.1356831860023884,1,1786752040798
337,1786664911295,1786708111295,8.8742,0.5333333333333333,15,0.02055287226391183,-0.368381394347511,0.33283936678194376,12,21,0.008278145695364239,0.2621416195524971,0,0.6723729019327362,0.036019162194267394,0.03724786519003212,0.5384615384615384,legacy,unknown,8.8309,-0.48793130648396854,0,1786708841198
338,1786664911459,1786751311459,8.8742,0.8666666666666667,15,0.9019800438412655,0.6896229827652486,1.2869365159249426,24,21,0.008496176720475786,0.2621416195524971,0,0.7720036600053697,0.7939384726915547,0.03724786519003212,0.6,legacy,unknown,8.9685,1.062630997723744,1,1786752040896
339,1786664915100,1786751315100,8.8809,0.7333333333333333,15,0.6659202761644876,-1.2152451625023526,1.887695289135583,24,21,0.006796941376380629,0.20696527110107277,0,0.5963327691107299,0.5387001235978718,0.04663920145031978,0.3333333333333333,legacy,unknown,8.9685,0.98638651488025,1,1786752040993
340,1786664915245,1786708115245,8.8809,0.6,15,0.02055287226391183,-0.8181999600878183,0.8629596581035931,12,21,0.006622516556291391,0.20696527110107277,0,0.6823036908523687,0.036019162194267394,0.04663920145031978,0.9230769230769231,legacy,unknown,8.8309,-0.5630060016439855,0,1786708841297
341,1786664918838,1786751318838,8.8803,0.6666666666666666,15,1.1525440007683638,-0.08870030086183749,1.730472223522253,24,21,0.008496176720475786,0.32446729976326494,0,0.768133209390222,1.0434445775986227,0.03338732233486157,0.5333333333333333,legacy,unknown,8.9685,0.9932096888618683,1,1786752041093
342,1786664918975,1786708118975,8.8803,0.5714285714285714,14,0.02055287226391183,-0.32868082581057917,0.8267664112527255,12,21,0.008278145695364239,0.31449050616076196,0,0.6912647568572172,0.036019162194267394,0.03338732233486157,0.9230769230769231,legacy,unknown,8.8309,-0.5562875128092557,0,1786708841362
343,1786664922654,1786708122654,8.8709,0.5333333333333333,15,0.00956194346500821,-1.1367095127718774,0.08636374104696211,12,21,0.008278145695364239,0.16532913237691946,0,0.49996258058687154,-0.14082321912332676,0.027801875816778537,0.5384615384615384,legacy,unknown,8.8309,-0.4509125342411809,0,1786708841495
344,1786664922837,1786751322837,8.8709,0.4,15,-0.37884894405932273,-1.5599721307022762,0.12041698682294573,24,21,0.008496176720475786,0.16532913237691946,0,0.4282067902548024,-0.16367198700181648,0.027801875816778537,0.8,legacy,unknown,8.9685,1.100226583548455,1,1786752041192
345,1786664926539,1786751326539,8.8699,0.4666666666666667,15,-0.1368649867160329,-1.2123021111965633,0.12992135118205858,24,21,0.008496176720475786,0.2626003587765019,0,0.5427273596492946,0.04524256977796098,0.02412363003869338,0.8,legacy,unknown,8.9685,1.1116247082830826,1,1786752041287
346,1786665640588,1786708840588,8.8864,0.8461538461538461,13,1.7955734792836853,1.3682374301344447,2.2523259619430585,12,21,0.008278145695364239,0.5330031887415524,1,0.8927627727265158,2.0097668670434063,0.021571890435026546,0.6153846153846154,legacy,unknown,8.8309,-0.6245498739647138,0,1786709677723
347,1786665640997,1786752040997,8.8864,0.6666666666666666,15,1.877928674480426,-0.7377992903968527,2.6002065145968327,24,21,0.008496176720475786,0.5330031887415524,1,0.7592449433285995,1.946701720841306,0.021571890435026546,0.5333333333333333,legacy,unknown,8.9685,0.9238836874324868,1,1786752121174
348,1786676441430,1786762841430,8.8278,0.4666666666666667,15,-0.9178233457213882,-2.308939986642496,0.3274952015355125,24,21,0.13994910941475827,0.5334356937789537,1,0.4838972424398051,-0.9178233457213882,-0.0022085369082162714,0.8,legacy,unknown,9.72,10.10670835315708,1,1786773640741
349,1786676441546,1786719641546,8.8278,0.6,15,0.47347581337658434,-1.6016016016016135,1.7579810181190796,12,21,0.13801652892561983,0.5334356937789537,1,0.7130791026861689,0.6252908676507282,-0.0022085369082162714,0.9230769230769231,legacy,unknown,8.765,-0.7113890210471386,0,1786730440478
350,1786684308128,1786727508128,8.7849,0.26666666666666666,15,-1.0124083150633099,-1.7915153831454276,0.02055287226391183,12,21,0.2190082644628099,0.44955730900279733,1,0.2575739432515668,-0.5147531942274152,-0.03818053950806535,0.6923076923076923,legacy,unknown,8.91228,1.4499880476727167,1,1786730440576
351,1786684308367,1786770708367,8.7849,0.2,15,-1.0650930157245255,-2.363367093445438,-0.5452312354365803,24,21,0.22147083685545224,0.44955730900279733,1,0.36243347081981125,-0.7284676900450575,-0.03818053950806535,0.8,legacy,unknown,9.4733,7.836173433960542,1,1786773640835
352,1786684849481,1786771249481,8.7815,0.7333333333333333,15,1.5363726437597138,-0.4619114923481834,2.3601912111962253,24,21,0.21314237573715247,0.09299479969484054,0,0.814321753582005,2.3601912111962253,-0.07225594052548416,0.3333333333333333,legacy,unknown,9.4733,7.877925183624673,1,1786773640924
353,1786684849710,1786728049710,8.7815,0.8666666666666667,15,1.3454829344458112,0.005759373380183275,2.4159429971053163,12,21,0.2115702479338843,0.09299479969484054,0,0.8906190261123148,0.15227021040975927,-0.07225594052548416,0.6153846153846154,legacy,unknown,8.91228,1.4892672094744799,1,1786730440678
354,1786684923695,1786728123695,8.7867,1,15,1.3454829344458112,0.15227021040975927,2.718399332282303,12,21,0.21735537190082643,0.2237813922974562,0,0.8490731218173775,1.3454829344458112,-0.11337171555209397,0.8,legacy,unknown,8.91228,1.4292055037727605,1,1786730440779
355,1786684923948,1786771323948,8.7867,0.9333333333333333,15,2.1277122145525693,1.2552148137305128,2.3601912111962253,24,21,0.21903959561920808,0.2237813922974562,0,0.9338121163582387,2.1277122145525693,-0.11337171555209397,0.6,legacy,unknown,9.4733,7.814082647637911,1,1786773641019
356,1786685131081,1786771531081,8.78413,0.9333333333333333,15,2.1277122145525693,1.2552148137305128,2.3601912111962253,24,21,0.21988205560235888,0.29348979330593,0,0.9655258345520731,2.1277122145525693,-0.12014983293940683,0.6,legacy,unknown,9.4733,7.8456261462432915,1,1786773641114
357,1786685131289,1786728331289,8.78413,1,15,1.3454829344458112,0.15227021040975927,2.718399332282303,12,21,0.21782178217821782,0.29348979330593,0,0.8406164745681403,1.3454829344458112,-0.12014983293940683,0.8,legacy,unknown,8.91228,1.4588809591843648,1,1786730440887
358,1786685307960,1786771707960,8.7874,0.9333333333333333,15,2.1277122145525693,1.2552148137305128,2.3601912111962253,24,21,0.1988205560235889,0.22328543398805853,0,0.9337974316977231,2.1277122145525693,-0.10012067195737503,0.6,legacy,unknown,9.4733,7.805494230375312,1,1786773641217
359,1786685308223,1786728508223,8.7874,1,15,1.3454829344458112,0.15227021040975927,2.718399332282303,12,21,0.19636963696369636,0.22328543398805853,0,0.8489233966381998,1.3454829344458112,-0.10012067195737503,0.8,legacy,unknown,8.91228,1.4211257027107107,1,1786730440987
360,1786687240496,1786773640496,8.7894,0.9333333333333333,15,2.1277122145525693,1.2552148137305128,2.3601912111962253,24,21,0.2013479359730413,0.22318196795581868,0,0.9337912293947263,2.1277122145525693,-0.0880572906599615,0.6,legacy,unknown,9.4733,7.78096343322638,1,1786773641312
361,1786687240771,1786730440771,8.7894,0.8666666666666667,15,1.3454829344458112,0.005759373380183275,2.7088742581602454,12,21,0.054455445544554455,0.15507401878612367,0,0.9189290670444296,1.3454829344458112,-0.07598199113356086,0.6153846153846154,legacy,unknown,8.91228,1.398047648303642,1,1786741240688
362,1786688497794,1786774897794,8.7755,0.8666666666666667,15,0.19197873466324894,0.029487289749499483,2.3601912111962253,24,21,0.008424599831508003,0.3718698296633445,1,0.8996977932263575,1.5363726437597138,-0.059767053314904436,0.6,legacy,unknown,9.4733,7.951683664748457,1,1786784009726
363,1786688497992,1786731697992,8.7755,0.8666666666666667,15,0.8263448055695548,0.005759373380183275,0.9540201622817842,12,21,0.00825082508250825,0.3718698296633445,0,0.815473070377925,0.3789355687688901,-0.059767053314904436,0.6153846153846154,legacy,unknown,8.91228,1.5586576263460965,1,1786741240786
364,1786688518483,1786731718483,8.7727,0.8666666666666667,15,0.3789355687688901,0.005759373380183275,0.9589849513130864,12,21,0.00825082508250825,0.46913553600363056,1,0.8468953388577021,0.9465738942295866,-0.04507128883909885,0.6153846153846154,legacy,unknown,8.91228,1.5910723038517272,1,1786741240884
365,1786688518678,1786774918678,8.7727,0.8666666666666667,15,0.3587101227750291,0.09220555692156729,2.3601912111962253,24,21,0.008424599831508003,0.46913553600363056,1,0.9121152032478258,0.3587101227750291,-0.04507128883909885,0.6,legacy,unknown,9.4733,7.986138817011862,1,1786784009990
366,1786689213500,1786732413500,8.7757,0.8666666666666667,15,1.0558960348519624,0.9465738942295866,1.3454829344458112,12,21,0.00825082508250825,0.31187817431697556,0,0.839281811136489,1.0546524077333097,-0.02957839506968439,0.6153846153846154,legacy,unknown,8.91228,1.5563430837426115,1,1786741240989
367,1786689214179,1786775614179,8.7757,1,15,0.3587101227750291,0.19197873466324894,2.277723427519142,24,21,0.008424599831508003,0.31187817431697556,0,0.900644964689406,1.2552148137305128,-0.02957839506968439,0.6,legacy,unknown,9.4733,7.949223423772457,1,1786784010254
368,1786698040629,1786741240629,8.805,1,15,2.043072543412845,0.15227021040975927,2.718399332282303,12,21,0.02059308072487644,0.40334989134012805,1,0.927907006662251,2.043072543412845,-0.009423150567822312,0.9090909090909091,legacy,unknown,8.9799,1.9863713798977962,1,1786752041384
369,1786698040754,1786784440754,8.805,0.9333333333333333,15,2.33469349902624,1.6618894016115529,2.3601912111962253,24,21,0.020903010033444816,0.40334989134012805,1,0.9616148320169128,2.33469349902624,-0.009423150567822312,0.5555555555555556,legacy,unknown,9.27703,5.3609312890403205,1,1786785378744
370,1786708841861,1786795241861,8.8309,1,15,2.3370661473186236,2.3252040059347143,2.5101513473606603,24,21,0.04477611940298507,0.4143635227238051,1,1,2.33469349902624,0.016776407114852822,0.5555555555555556,legacy,unknown,9.30534,5.372498839302898,1,1786806040320
371,1786708842027,1786752042027,8.8309,0.8666666666666667,15,2.043072543412845,0.005759373380183275,2.718399332282303,12,21,0.044407894736842105,0.4143635227238051,1,0.9177185831142929,2.043072543412845,0.016776407114852822,0.6666666666666666,legacy,unknown,8.9685,1.5581650794369863,1,1786752121454
372,1786709679022,1786796079022,8.8134,0.5333333333333333,15,0.08764873269538764,-0.9450203067224285,2.33469349902624,24,21,0.06550580431177445,0.3691843881920017,0,0.658811650902056,1.5363726437597138,0.03337501102245475,0.9444444444444444,legacy,unknown,9.30534,5.581727823541422,1,1786806040417
373,1786709679163,1786752879163,8.8134,0.38461538461538464,13,-0.08906970306085317,-0.6615678317144271,1.1828018549264423,12,21,0.0649671052631579,0.3691843881920017,0,0.496192237218995,-0.08906970306085317,0.03337501102245475,0.6666666666666666,legacy,unknown,8.971,1.7881861710577125,1,1786757629926
374,1786719640784,1786806040784,8.765,0.7333333333333333,15,0.5624977318639842,-0.18998605165697272,3.0720670794882396,24,21,0.17218543046357615,0.4646734924768157,1,0.7265129373802316,1.3381563993205416,0.03143430537353193,0.4444444444444444,legacy,unknown,9.4847,8.211066742726748,1,1786812680427
375,1786719640961,1786762840961,8.765,0.5384615384615384,13,0.683495522134833,-0.6615678317144271,1.3396621930944774,12,21,0.1782258064516129,0.4646734924768157,1,0.6050043929529081,0.8818512828577381,0.03143430537353193,0.6666666666666666,legacy,unknown,9.72,10.895607529948661,1,1786773641408
376,1786730441431,1786773641431,8.91228,0.4666666666666667,15,-0.2457190843039114,-2.1884374962649504,0.7043369118847533,12,9,0.6980676328502415,0.23159322389698844,0,0.31193176831509817,-0.2457190843039114,0.06487873291029894,0.6666666666666666,legacy,unknown,9.4733,6.294909944481088,1,1786784010508
377,1786730441432,1786816841432,8.91228,0.4666666666666667,15,-0.39718252396895753,-1.3793847296957202,1.5049413255669417,24,9,0.7008264462809918,0.23159322389698844,0,0.50612970782941,0.6085168011488884,0.06487873291029894,0.9444444444444444,legacy,unknown,9.5523,7.1813273371123865,1,1786827640130
378,1786741241275,1786827641275,8.9799,0.26666666666666666,15,-0.4513328063965402,-0.7284676900450575,0.12094649614409793,24,9,0.716996699669967,0,0,0.3010452600152219,-0.4513328063965402,0.10728297867653738,0.5555555555555556,legacy,unknown,9.5602,6.462210046882475,1,1786838442049
379,1786741241432,1786784441432,8.9799,0.42857142857142855,14,-0.2909607432099548,-0.988439505435844,0.4268212039964983,12,9,0.719047619047619,0,0,0.5340301733434814,0.23351056186234542,0.10728297867653738,0.6666666666666666,legacy,unknown,9.27703,3.3088341740999256,1,1786785379197
380,1786752041662,1786795241662,8.9685,0.14285714285714285,14,-0.8473762542608941,-2.011439466158236,-0.8223782940152499,12,9,0.722662440570523,0.5869197180546712,1,0,-1.7915153831454276,0.15600863766652368,0.4,legacy,unknown,9.30534,3.7558120086970916,1,1786806040508
381,1786752041809,1786838441809,8.9685,0,15,-1.2079743199864772,-2.4146492861576663,-0.9974074607518358,24,9,0.7191103789126854,0.5869197180546712,1,0,-2.363367093445438,0.15600863766652368,0.5,legacy,unknown,9.465,5.5360428165244935,1,1786838442144
382,1786752125171,1786838525171,8.971,0,15,-1.2079743199864772,-2.4146492861576663,-0.9974074607518358,24,9,0.7100494233937397,0.5853776675378717,1,0,-2.363367093445438,0.22126203602949826,0.5,legacy,unknown,9.465,5.506632482443426,1,1786839218091
383,1786752125404,1786795325404,8.971,0.14285714285714285,14,-0.8473762542608941,-2.011439466158236,-0.8223782940152499,12,9,0.713946117274168,0.5853776675378717,1,0,-1.7915153831454276,0.22126203602949826,0.4,legacy,unknown,9.30534,3.7268977817411573,1,1786806040601
384,1786757631218,1786844031218,9.1905,0,15,-5.60173760760544,-5.668962543544133,-5.285922418503019,24,9,0.8533772652388797,0.379231008102217,1,0,-5.60173760760544,0.24945180681248325,0.5,legacy,unknown,9.4472,2.7931015722757238,1,1786849242789
385,1786757631392,1786800831392,9.1905,0,15,-2.0421150721047354,-2.9317396118128114,-0.6245498739647138,12,9,0.8589540412044374,0.379231008102217,1,0,-2.0594809880970115,0.24945180681248325,0.4,legacy,unknown,9.4847,3.2011316032860018,1,1786806040695
386,1786757926681,1786844326681,9.177,0.26666666666666666,15,-0.28157542614463255,-5.285922418503019,2.511663886672938,24,9,0.8187808896210873,0.6798330363952172,1,0.10393055126044035,-0.28157542614463255,0.2826161347547917,0.5555555555555556,legacy,unknown,9.4472,2.944317315026707,1,1786849242876
387,1786757926893,1786801126893,9.177,0.5714285714285714,14,0.5186158985925131,-0.8137176014597212,1.450616569881765,12,9,0.8185419968304279,0.6798330363952172,1,0.5394000813462133,0.3435224916831313,0.2826161347547917,0.6666666666666666,legacy,unknown,9.4847,3.352947586357203,1,1786806040795
388,1786757930614,1786844330614,9.17659,0.3333333333333333,15,-0.28157542614463255,-5.285922418503019,2.538805736133052,24,9,0.8187808896210873,0.5679076998456868,1,0,-5.076101862030674,0.3003263376405214,0.5555555555555556,legacy,unknown,9.4472,2.94891675448071,1,1786849243033
389,1786757983060,1786801183060,9.2045,0.4666666666666667,15,-0.20829539246038953,-0.8137176014597212,1.450616569881765,12,9,0.812202852614897,0.5670854653007539,1,0.4152016732396294,-0.20829539246038953,0.350188082013005,0.6666666666666666,legacy,unknown,9.4847,3.0441631810527534,1,1786806040894
390,1786757983294,1786844383294,9.2045,0.26666666666666666,15,-0.28157542614463255,-5.285922418503019,2.511663886672938,24,9,0.8121911037891268,0.5670854653007539,1,0,-5.076101862030674,0.350188082013005,0.5555555555555556,legacy,unknown,9.4472,2.636753761746983,1,1786849243125
391,1786757987745,1786801187745,9.2031,0.6923076923076923,13,0.5186158985925131,-0.8137176014597212,1.450616569881765,12,9,0.8106180665610143,0.7352322594026912,1,0.7311816000082805,1.450616569881765,0.33431217299772364,0.3333333333333333,legacy,unknown,9.4847,3.059838532668351,1,1786806040995
392,1786757987988,1786844387988,9.2031,0.4,15,-0.0705642829049348,-5.076101862030674,2.538805736133052,24,9,0.8105436573311368,0.7352322594026912,1,0.21529525451295747,-0.28157542614463255,0.33431217299772364,0.7777777777777778,legacy,unknown,9.4472,2.652367137160319,1,1786849243218
393,1786757991806,1786801191806,9.2012,0.6153846153846154,13,0.3435224916831313,-0.8137176014597212,1.450616569881765,12,9,0.812202852614897,0.733393022452654,1,0.7309182329413035,1.450616569881765,0.250910114241719,0.6666666666666666,legacy,unknown,9.4847,3.0811198539320968,1,1786806041092
394,1786757992043,1786844392043,9.2012,0.4,15,-0.0705642829049348,-5.076101862030674,2.5709251734925154,24,9,0.8121911037891268,0.733393022452654,1,0.21543390670658108,-0.28157542614463255,0.250910114241719,0.7777777777777778,legacy,unknown,9.4472,2.6735643176976964,1,1786849243308
395,1786758011907,1786844411907,9.20405,0.4,15,-0.0705642829049348,-5.076101862030674,2.5709251734925154,24,9,0.8121911037891268,0.7315891415945599,1,0.21557494190803891,-0.28157542614463255,0.2041002097639032,0.7777777777777778,legacy,unknown,9.4472,2.641771828705841,1,1786849243400
396,1786758012102,1786801212102,9.20405,0.6153846153846154,13,0.3435224916831313,-0.8137176014597212,1.450616569881765,12,9,0.812202852614897,0.7315891415945599,1,0.7306596806880085,1.450616569881765,0.2041002097639032,0.6666666666666666,legacy,unknown,9.4847,3.04920116687762,1,1786806041185
397,1786762840399,1786806040399,9.72,0.9230769230769231,13,0.5935505664064953,0.4320395007543629,1.153655858182401,12,9,0.9162717219589257,0.6242440574004836,1,1,1.153655858182401,0.32973289959521396,0.9090909090909091,legacy,unknown,9.4847,-2.4207818930041203,0,1786812680702
398,1786762840530,1786849240530,9.72,0.8,15,2.5709251734925154,2.371678870606268,3.148713370571003,24,9,0.912828947368421,0.6242440574004836,1,0.8802798969408314,2.8038739163553212,0.32973289959521396,0.5555555555555556,legacy,unknown,9.4828,-2.4403292181070104,0,1786849243492
399,1786773641684,1786816841684,9.4733,0.9333333333333333,15,0.3002043215724871,0.21784007573080982,0.37697052775875317,12,9,0.9219242902208202,0.5119182204790993,1,1,0.3002043215724871,0.3702174387859879,0.9090909090909091,legacy,unknown,9.5523,0.833922709087653,1,1786827640266
400,1786773641810,1786860041810,9.4733,0.06666666666666667,15,-1.0490029335555464,-1.130259241095359,-0.9732693625771122,24,9,0.9201612903225806,0.5119182204790993,1,0,-1.0490029335555464,0.3702174387859879,0.5,legacy,unknown,9.3687,-1.1041558907666766,0,1786860042993
401,1786784011838,1786870411838,9.2737,0.6,15,0.6764253247915166,-2.4146492861576663,2.458415019905482,24,9,0.9235104669887279,0.6342338900209308,1,0.665762121841107,1.9040160830333406,0.3456268344617892,0.4,legacy,unknown,9.4355,1.744718936346868,1,1786870844137
402,1786784011920,1786827211920,9.2737,0.6428571428571429,14,1.4499880476727167,-2.011439466158236,1.9315837794655832,12,9,0.9251968503937008,0.6258877144090573,1,0.7776042566433967,1.6085086042064882,0.3456268344617892,0.5555555555555556,legacy,unknown,9.5602,3.089381800144497,1,1786827640356
403,1786784440833,1786870840833,9.27703,0.4666666666666667,15,-0.05799078969809282,-1.082282838086428,1.3735760677655007,24,9,0.9235104669887279,0.2074137422084328,0,0.6583938281138662,0.20324507016523538,0.3210667228644904,0.9,legacy,unknown,9.4355,1.708197558917018,1,1786870844265
404,1786784440994,1786827640994,9.27703,0.3333333333333333,15,-0.3735512194021038,-1.3733462871673248,0.02055287226391183,12,9,0.9251968503937008,0.16102296020001908,0,0.5733418180101234,0.02055287226391183,0.3210667228644904,0.6111111111111112,legacy,unknown,9.5602,3.0523777545184196,1,1786838442278
405,1786785380376,1786828580376,9.261,0.3333333333333333,15,-0.3735512194021038,-1.3733462871673248,0.02055287226391183,12,9,0.9251968503937008,0.16106688898508092,0,0.5733768179701192,0.02055287226391183,0.059442368010675505,0.6111111111111112,legacy,unknown,9.5602,3.2307526185077298,1,1786838442366
406,1786785380864,1786871780864,9.261,0.4666666666666667,15,-0.05799078969809282,-1.082282838086428,1.3735760677655007,24,9,0.9235104669887279,0.20751048993804685,0,0.6584169334477082,0.20324507016523538,0.059442368010675505,0.9,legacy,unknown,9.4355,1.8842457617967834,1,1786881643788
407,1786785386895,1786871786895,9.2614,0.6,15,0.20324507016523538,-1.0650930157245255,1.3735760677655007,24,9,0.9235104669887279,0.16976486736589372,0,0.8381636015449231,1.3735760677655007,-0.006205353884683077,0.4,legacy,unknown,9.4355,1.8798453797481942,1,1786881643926
408,1786785420809,1786828620809,9.2607,0.35714285714285715,14,-0.18175693852592115,-0.7113890210471386,0.02055287226391183,12,9,0.9251968503937008,0.15523511722561695,0,0.5073150001089629,0.02055287226391183,-0.08398281104926264,0.6111111111111112,legacy,unknown,9.5602,3.2340967745418823,1,1786838442456
409,1786785420937,1786871820937,9.2607,0.4666666666666667,15,-0.05799078969809282,-1.082282838086428,1.3735760677655007,24,9,0.9235104669887279,0.15523511722561695,0,0.773824253256338,1.3735760677655007,-0.08398281104926264,0.9,legacy,unknown,9.4355,1.8875462977960566,1,1786881644155
410,1786791569439,1786877969439,9.3485,0.5333333333333333,15,0.20324507016523538,-1.082282838086428,1.494795231062918,24,9,0.8771929824561403,0.26242810728975485,0,0.8016410657808417,1.3735760677655007,-0.07405283195412125,0.4,legacy,unknown,9.408,0.6364657431673518,1,1786881644284
411,1786791569641,1786834769641,9.3485,0.3333333333333333,15,-0.3735512194021038,-1.3733462871673248,0.02055287226391183,12,9,0.878740157480315,0.26242810728975485,0,0.5844569737896443,0.02055287226391183,-0.07405283195412125,0.6111111111111112,legacy,unknown,9.465,1.2461892282184337,1,1786838442543
412,1786795240814,1786838440814,9.30534,0.3333333333333333,15,-0.3735512194021038,-1.3733462871673248,0.02055287226391183,12,9,0.8058176100628931,0.26612040222287725,0,0.5819213598326012,0.02055287226391183,-0.07538166302420057,0.6111111111111112,legacy,unknown,9.465,1.715788998575018,1,1786838442633
413,1786795241117,1786881641117,9.30534,0.5333333333333333,15,0.20324507016523538,-1.082282838086428,1.494795231062918,24,9,0.803968253968254,0.26612040222287725,0,0.8021179881893263,1.3735760677655007,-0.07538166302420057,0.4,legacy,unknown,9.408,1.103237495889459,1,1786881644424
414,1786806041422,1786849241422,9.4847,0.6666666666666666,15,0.2480008710274517,-1.3733462871673248,0.37651147635942506,12,9,0.7621283255086072,0.27278417303452046,0,0.6396382686576046,0.02055287226391183,-0.013439669898984503,0.3888888888888889,legacy,unknown,9.4828,-0.02003226248590784,0,1786849243585
415,1786806041614,1786892441614,9.4847,0.4,15,-1.0650930157245255,-1.2079743199864772,0.6254460991277665,24,9,0.7591125198098256,0.27278417303452046,0,0.22928066763320973,-1.134003188251771,-0.013439669898984503,0.8,legacy,unknown,9.3481,-1.4402142397756346,0,1786892443489
416,1786813391215,1786899791215,9.6076,0.5333333333333333,15,0.20324507016523538,-1.082282838086428,1.494795231062918,24,9,0.7843601895734598,0.335642370433353,0,0.8810792220821698,1.3735760677655007,0.24100097186367525,0.4,legacy,unknown,9.3794,-2.375202964319906,0,1786903243837
417,1786813391962,1786856591962,9.6076,0.4,15,-0.18175693852592115,-1.3733462871673248,0.036019162194267394,12,9,0.7784663051897753,0.335642370433353,0,0.6393719540527865,0.02055287226391183,0.24100097186367525,0.5555555555555556,legacy,unknown,9.3687,-2.4865731296057207,0,1786860043083
418,1786816840558,1786860040558,9.5523,0.4,15,-0.18175693852592115,-1.3733462871673248,0.036019162194267394,12,9,0.8012374323279196,0.21214464189121782,0,0.5111830024425039,0.02055287226391183,0.35630130389924214,0.5555555555555556,legacy,unknown,9.3687,-1.9220501868659923,0,1786860043181
419,1786816840605,1786903240605,9.5523,0.6,15,0.20324507016523538,-1.0650930157245255,1.7418404739888396,24,9,0.8088467614533965,0.21214464189121782,0,0.7074002717332801,0.20324507016523538,0.35630130389924214,0.4,legacy,unknown,9.428,-1.3012572888204919,0,1786903243975
420,1786827640602,1786914040602,9.5602,0.6,15,0.20324507016523538,-1.0650930157245255,1.7418404739888396,24,9,0.7870662460567823,0.21222047169035596,0,0.7074081081789143,0.20324507016523538,0.3374038872638625,0.4,legacy,unknown,9.43401,-1.319951465450507,0,1786914043542
421,1786827640743,1786870840743,9.5602,0.4,15,-0.18175693852592115,-1.3733462871673248,0.036019162194267394,12,9,0.7783783783783784,0.21222047169035596,0,0.5111861199976702,0.02055287226391183,0.3374038872638625,0.5555555555555556,legacy,unknown,9.4355,-1.304366017447341,0,1786870844394
422,1786838442891,1786881642891,9.465,0.8,15,1.4499880476727167,0.02055287226391183,3.2307526185077298,12,9,0.8098159509202454,0.1513174513883539,0,0.919898520730745,3.2307526185077298,0.23844292874237286,0.6666666666666666,legacy,unknown,9.408,-0.6022187004754399,0,1786881644554
423,1786838443052,1786924843052,9.465,0.6,15,0.20324507016523538,-1.0650930157245255,1.494795231062918,24,9,0.8188976377952756,0.29281190328600226,0,0.8050572368667164,1.3735760677655007,0.23844292874237286,0.4,legacy,unknown,9.3794,-0.9043845747490697,0,1786924843922
424,1786839219145,1786925619145,9.455,0.6,15,0.20324507016523538,-0.22000338466745903,1.494795231062918,24,15,0.6385826771653543,0.22420044335030984,0,0.6669585646459014,0.20324507016523538,0.1181619672713803,0.4,legacy,unknown,9.3794,-0.7995769434161785,0,1786927661686
425,1786839219184,1786882419184,9.455,0.6,15,0.02055287226391183,-0.32868082581057917,3.2307526185077298,12,15,0.6219325153374233,0.22420044335030984,0,0.640382998681997,0.02055287226391183,0.1181619672713803,0.5555555555555556,legacy,unknown,9.408,-0.49709148598625696,0,1786888786418
426,1786839259924,1786925659924,9.4499,1,15,2.5101513473606603,2.1277122145525693,7.814082647637911,24,15,0.384251968503937,0.25294746044203753,0,1,2.5101513473606603,0.025890056486563028,0.6875,legacy,unknown,9.3794,-0.7460396406311085,0,1786927661944
427,1786839260222,1786882460222,9.4499,0.8,15,0.20775623268698848,0.005759373380183275,1.4892672094744799,12,15,0.37423312883435583,0.25294746044203753,0,0.7736294232164502,0.15227021040975927,0.025890056486563028,0.6666666666666666,legacy,unknown,9.408,-0.4433909353538138,0,1786888786677
428,1786839263665,1786925663665,9.4488,0.6666666666666666,15,0.1916036541554034,-0.7838303575702468,1.715042616908539,24,15,0.38346456692913383,0.20066287486499715,0,0.7179902159419561,0.1916036541554034,-0.022412928365444305,0.5,legacy,unknown,9.3794,-0.7344848023029369,0,1786927662201
429,1786841676461,1786884876461,9.4473,0.8,15,1.4499880476727167,0.02055287226391183,3.2307526185077298,12,15,0.3389570552147239,0.22240549365264384,0,0.7734477592266211,1.4499880476727167,-0.07663355369392852,0.6666666666666666,legacy,unknown,9.408,-0.41599187069322213,0,1786888786937
430,1786841677096,1786928077096,9.4473,0.6,15,0.20324507016523538,-1.0650930157245255,1.494795231062918,24,15,0.3480314960629921,0.22240549365264384,0,0.7010552187053718,1.3735760677655007,-0.07663355369392852,0.4,legacy,unknown,9.4026,-0.4731510590327462,0,1786935614440
431,1786841680767,1786928080767,9.4472,0.6,15,0.20324507016523538,-1.0650930157245255,1.494795231062918,24,21,0.30708661417322836,0.22244559153451848,0,0.6936424719475063,0.20324507016523538,-0.09549398269255932,0.4,legacy,unknown,9.4026,-0.47209755271404075,0,1786935614538
432,1786849243831,1786935643831,9.4828,0.6,15,1.2412602089154907,-0.7284676900450575,1.7418404739888396,24,15,0.34355345911949686,0.2920311182507574,0,0.6693991935760198,1.3735760677655007,-0.09837723163845243,0.4,legacy,unknown,9.5275,0.4713797612519576,1,1786942212967
433,1786849243996,1786892443996,9.4828,0.8666666666666667,15,3.0523777545184196,1.4499880476727167,3.2340967745418823,12,15,0.33409785932721714,0.284361116604062,0,0.8681004420446442,3.0523777545184196,-0.09837723163845243,0.8333333333333334,legacy,unknown,9.3481,-1.420466528873315,0,1786898271829
434,1786860043459,1786946443459,9.3687,0.4,15,-1.0650930157245255,-2.363367093445438,1.7418404739888396,24,15,0.4428794992175274,0.263742493775407,0,0.357431673194729,-1.0650930157245255,-0.1085858395754157,0.8,legacy,unknown,9.4039,0.37571914993541977,1,1786957215416
435,1786860043593,1786903243593,9.3687,0.5333333333333333,15,0.3390527072844967,-1.7915153831454276,1.4499880476727167,12,15,0.43206106870229005,0.263742493775407,0,0.5005269777917633,0.3390527072844967,-0.1085858395754157,0.5555555555555556,legacy,unknown,9.428,0.6329586815673504,1,1786903244118
436,1786868775603,1786911975603,9.4112,0.2,15,-0.39570185911648,-1.9220501868659923,-0.02003226248590784,12,15,0.5075987841945289,0.2275251120434969,0,0.21889234421191667,-0.39570185911648,-0.09162550455431978,0.6,legacy,unknown,9.43401,0.24237079224755137,1,1786914043673
437,1786868775783,1786955175783,9.4112,0.5333333333333333,15,0.20324507016523538,-1.0650930157245255,1.6193644758283592,24,15,0.5166279969064191,0.2275251120434969,0,0.572704810622674,0.20324507016523538,-0.09162550455431978,0.5,legacy,unknown,9.3889,-0.23695171710302132,0,1786957215455
438,1786868852019,1786955252019,9.4042,0.6,15,0.08764873269538764,-0.7838303575702468,5.581727823541422,24,15,0.5166279969064191,0.33115101494913285,0,0.5802127697670424,0.08764873269538764,-0.06463682818743005,0.5,legacy,unknown,9.3889,-0.1626932647115105,0,1786957215503
439,1786868852296,1786912052296,9.4042,0.4,15,-0.6615678317144271,-0.7952961144450491,1.1828018549264423,12,15,0.5075987841945289,0.33115101494913285,0,0.3945900389489992,-0.6615678317144271,-0.06463682818743005,0.45,legacy,unknown,9.43401,0.31698602751963195,1,1786914043803
440,1786868856734,1786912056734,9.4043,0.4,15,-0.6615678317144271,-0.7952961144450491,1.1828018549264423,12,15,0.5075987841945289,0.3312008704695921,0,0.39458193431317407,-0.6615678317144271,-0.04908743651496811,0.45,legacy,unknown,9.43401,0.3159193135055396,1,1786914043938
441,1786868858575,1786955258575,9.404,1,15,7.814082647637911,7.78096343322638,7.951683664748457,24,15,0.5166279969064191,0.2596374500358832,0,1,7.814082647637911,-0.044849137266926825,0.8333333333333334,legacy,unknown,9.3889,-0.16056997022543956,0,1786957215596
442,1786868861575,1786912061575,9.40365,1,15,1.4588809591843648,1.4211257027107107,1.5910723038517272,12,15,0.4521276595744681,0.2595952377223577,0,1,1.4588809591843648,-0.04167429862801539,0.9230769230769231,legacy,unknown,9.43401,0.32285336013143767,1,1786914044072
443,1786868863189,1786955263189,9.40365,1,15,2.5669436749769203,2.3252040059347143,7.949223423772457,24,15,0.46017014694508895,0.2595190216498355,0,1,5.3609312890403205,-0.03690574025273343,0.8333333333333334,legacy,unknown,9.3889,-0.15685398754740074,0,1786957215696
444,1786868866135,1786912066135,9.40365,0.8666666666666667,15,1.5910723038517272,1.4211257027107107,2.7088742581602454,12,21,0.05623100303951368,0.25944355355677423,0,0.898627785088295,1.5563430837426115,-0.032649526070964226,0.8,legacy,unknown,9.43401,0.32285336013143767,1,1786914044205
445,1786870844795,1786914044795,9.4355,0.6,15,0.005759373380183275,-0.7113890210471386,1.4892672094744799,12,21,0.02735562310030395,0.5100701922427446,1,0.6642676446335802,0.15227021040975927,0.009781377777515988,0.6,legacy,unknown,9.43401,-0.015791425997548188,0,1786924844059
446,1786870844989,1786957244989,9.4355,0.7333333333333333,15,2.3601912111962253,-0.05799078969809282,5.581727823541422,24,21,0.027842227378190254,0.5100701922427446,1,0.7602490791931736,2.3601912111962253,0.009781377777515988,0.5454545454545454,legacy,unknown,9.3889,-0.4938794976418818,0,1786958710621
447,1786881644974,1786968044974,9.408,0.8666666666666667,15,2.3601912111962253,0.029487289749499483,7.877925183624673,24,21,0.05714285714285714,0.30907494164864424,0,0.89405292096843,5.3609312890403205,0.01223302137682623,0.5454545454545454,legacy,unknown,9.5174,1.1628401360544307,1,1786978812890
448,1786881645174,1786924845174,9.408,0.8666666666666667,15,0.885803796301993,0.005759373380183275,1.4892672094744799,12,21,0.05614567526555387,0.30907494164864424,0,0.902256693305497,1.398047648303642,0.01223302137682623,0.8,legacy,unknown,9.3794,-0.3039965986394459,0,1786927662441
449,1786888788610,1786975188610,9.3188,0.9333333333333333,15,5.3609312890403205,2.3252040059347143,5.581727823541422,24,21,0.3248652809853734,0.34518048763610093,0,0.9632338293125164,5.372498839302898,-0.014877071621580229,0.8333333333333334,legacy,unknown,9.5288,2.253509035498142,1,1786978812979
450,1786888788714,1786931988714,9.3188,0.9333333333333333,15,2.043072543412845,1.7881861710577125,2.718399332282303,12,21,0.3201820940819423,0.34518048763610093,0,0.9632338293125164,2.043072543412845,-0.014877071621580229,0.9230769230769231,legacy,unknown,9.5275,2.239558741468862,1,1786935614623
451,1786888796514,1786975196514,9.3187,0.6666666666666666,15,1.6618894016115529,-0.4104706009433437,5.581727823541422,24,21,0.3248652809853734,0.2185420417337624,0,0.8071726992977077,5.3609312890403205,-0.042456697181143664,0.5,legacy,unknown,9.5288,2.254606329209017,1,1786978813058
452,1786888796718,1786931996718,9.3187,0.6153846153846154,13,1.5581650794369863,-0.6615678317144271,1.9863713798977962,12,21,0.3201820940819423,0.2185420417337624,0,0.7826806546218471,1.7881861710577125,-0.042456697181143664,0.6,legacy,unknown,9.5275,2.2406558854775893,1,1786935614712
453,1786892444052,1786978844052,9.3481,0.9333333333333333,15,5.372498839302898,2.33469349902624,7.877925183624673,24,15,0.3496932515337423,0.3447424348432153,0,0.9515810654528908,5.372498839302898,-0.09311435642669667,0.8333333333333334,legacy,unknown,9.5288,1.9330131256618976,1,1786989613055
454,1786892444254,1786935644254,9.3481,0.9333333333333333,15,1.9863713798977962,1.5581650794369863,2.718399332282303,12,15,0.3441509433962264,0.3447424348432153,0,0.9515810654528908,1.7881861710577125,-0.09311435642669667,0.9230769230769231,legacy,unknown,9.5275,1.9191065564125258,1,1786942213230
455,1786898273012,1786984673012,9.384,0.8666666666666667,15,2.3601912111962253,0.029487289749499483,7.877925183624673,24,15,0.39356814701378257,0.3988424582738334,1,0.8560840432122379,2.3601912111962253,-0.09772618240799467,0.5454545454545454,legacy,unknown,9.4968,1.2020460358056266,1,1786989613208
456,1786898302768,1786984702768,9.3794,0.4,15,-0.3331869311665806,-0.7838303575702468,0.8186866662849986,24,15,0.3552833078101072,0.23034332254383422,0,0.3558642772570123,-0.3331869311665806,-0.06091112829427422,0.8636363636363636,legacy,unknown,9.4968,1.2516792118898858,1,1786989613247
457,1786898303137,1786941503137,9.3794,0.4666666666666667,15,-0.15956779921811035,-0.7952961144450491,0.5087475294634423,12,15,0.3516566265060241,0.23034332254383422,0,0.4292107037503653,-0.15956779921811035,-0.06091112829427422,0.7,legacy,unknown,9.4717,0.9840714757873619,1,1786942213487
458,1786898306837,1786984706837,9.3794,0.4,15,-0.3331869311665806,-0.7838303575702468,0.8186866662849986,24,15,0.3552833078101072,0.23039598702031616,0,0.35588158130566283,-0.3331869311665806,-0.042388594157584766,0.8636363636363636,legacy,unknown,9.4968,1.2516792118898858,1,1786989613338
459,1786903244537,1786946444537,9.428,0.3333333333333333,15,-0.3598587724063065,-0.7113890210471386,0.02055287226391183,12,15,0.39924812030075185,0.2265728774043837,0,0.2926098474330811,-0.3598587724063065,0.010635361836859744,0.7,legacy,unknown,9.4039,-0.25562155282139026,0,1786957215790
460,1786903244815,1786989644815,9.428,0.5333333333333333,15,0.20324507016523538,-0.7838303575702468,1.6193644758283592,24,15,0.40061162079510704,0.2265728774043837,0,0.5546114438463499,0.20324507016523538,0.010635361836859744,0.5,legacy,unknown,9.4968,0.7297411964361425,1,1787000412250
461,1786914044633,1786957244633,9.43401,0.2,15,-0.6814066520537492,-0.9310229285338167,-0.02003226248590784,12,21,0.12762762762762764,0.1926505882917999,0,0.23801003764686904,-0.39570185911648,0.049983271491309746,0.6,legacy,unknown,9.3889,-0.4781635804922943,0,1786958710882
462,1786914044877,1787000444877,9.43401,0.4666666666666667,15,-0.05799078969809282,-1.2829981892690303,1.6193644758283592,24,21,0.1297709923664122,0.1926505882917999,0,0.4728382554789004,-0.05799078969809282,0.049983271491309746,0.8636363636363636,legacy,unknown,9.5054,0.7567301709453262,1,1787011212712
463,1786924844771,1787011244771,9.3794,0.2,15,-1.0650930157245255,-1.2829981892690303,-0.3331869311665806,24,21,0.2750759878419453,0.18346027800125908,0,0.3816657754402578,-0.4631242917890156,0.053541208248961907,0.7272727272727273,legacy,unknown,9.5377,1.6877412201206767,1,1787013812649
464,1786924844771,1786968044771,9.3794,0.5333333333333333,15,0.24237079224755137,-0.651116199198634,0.3063199081359248,12,21,0.27708179808400885,0.18346027800125908,0,0.5015060850120886,0.24237079224755137,0.053541208248961907,0.7,legacy,unknown,9.5174,1.4713094654242265,1,1786978813207
465,1786927663399,1786970863399,9.4015,0.4,15,-0.651116199198634,-0.9310229285338167,0.3777125242162536,12,21,0.2726602800294768,0.25968913483008316,0,0.45109808072614993,-0.6309712663557658,0.07225060574691435,0.45,legacy,unknown,9.5174,1.232782002871881,1,1786978813366
466,1786927663780,1787014063780,9.4015,0.06666666666666667,15,-1.178959006838209,-1.485880557145594,-0.4631242917890156,24,21,0.270516717325228,0.25968913483008316,0,0.113010025671514,-0.9450203067224285,0.07225060574691435,0.5909090909090909,legacy,unknown,9.4776,0.8094453012817132,1,1787016771909
467,1786927671529,1786970871529,9.4081,0.3333333333333333,15,-0.6309712663557658,-0.9310229285338167,0.3777125242162536,12,21,0.23876197494473103,0.3273865140079416,0,0.403312146920853,-0.6309712663557658,0.061618994107685454,0.7,legacy,unknown,9.5174,1.161764862193228,1,1786978813467
468,1786927671736,1787014071736,9.4081,0.2,15,-0.7838303575702468,-1.4659048891327584,-0.3331869311665806,24,21,0.23556231003039513,0.3273865140079416,0,0.24387887870058572,-0.7838303575702468,0.061618994107685454,0.7272727272727273,legacy,unknown,9.4776,0.738725141101832,1,1787016772157
469,1786927684678,1787014084678,9.4066,0.2,15,-0.7838303575702468,-1.4659048891327584,-0.3331869311665806,24,21,0.23556231003039513,0.3365958870657053,0,0.2618808524222472,-0.7838303575702468,0.029142057738984414,0.7272727272727273,legacy,unknown,9.4776,0.7547891905683404,1,1787016772417
470,1786927684825,1786970884825,9.4066,0.3333333333333333,15,-0.6309712663557658,-0.9310229285338167,0.3777125242162536,12,21,0.23876197494473103,0.3365958870657053,0,0.49888571837787554,-0.3598587724063065,0.029142057738984414,0.7,legacy,unknown,9.5174,1.1778963706333971,1,1786978813551
471,1786927688773,1786970888773,9.4065,0.3333333333333333,15,-0.6309712663557658,-0.9310229285338167,0.3777125242162536,12,21,0.13338246131171702,0.33650032665447843,0,0.4988261620497306,-0.3598587724063065,0.025737418011436485,0.7,legacy,unknown,9.5174,1.1789719874554925,1,1786978813638
472,1786927688982,1787014088982,9.4065,0.2,15,-0.7838303575702468,-1.4659048891327584,-0.3331869311665806,24,21,0.12689969604863222,0.33650032665447843,0,0.26185837093706693,-0.7838303575702468,0.025737418011436485,0.7272727272727273,legacy,unknown,9.4776,0.7558603093605621,1,1787016772660
473,1786927692515,1786970892515,9.4055,0.4666666666666667,15,-0.015791425997548188,-0.7952961144450491,0.3777125242162536,12,21,0.13190862196020633,0.25959306698220996,0,0.4797640447227995,-0.015791425997548188,0.013236950274742572,0.7,legacy,unknown,9.5174,1.1897294136409582,1,1786978815158
474,1786927694984,1787014094984,9.4056,0.13333333333333333,15,-0.9450203067224285,-1.178959006838209,-0.3331869311665806,24,21,0.12537993920972645,0.25958154298152625,0,0.11587279554851962,-0.9450203067224285,0.006744670578412496,0.7272727272727273,legacy,unknown,9.4776,0.7655014034192498,1,1787016772927
475,1786927714512,1787014114512,9.4026,0.2,15,-0.7838303575702468,-1.4659048891327584,-0.3331869311665806,24,21,0.019756838905775075,0.32832362483388217,0,0.24376283293023918,-0.7838303575702468,-0.000014682888589478761,0.7272727272727273,legacy,unknown,9.4776,0.7976517133558916,1,1787016773268
476,1786927714784,1786970914784,9.4026,0.3333333333333333,15,-0.6309712663557658,-0.9310229285338167,0.3777125242162536,12,21,0.026529108327192335,0.32832362483388217,0,0.4030640406737651,-0.6309712663557658,-0.000014682888589478761,0.7,legacy,unknown,9.5174,1.2209388892434079,1,1786978815240
477,1786927718434,1787014118434,9.4026,0.2,15,-2.363367093445438,-2.4146492861576663,-1.0650930157245255,24,21,0,0.2907886100028764,0,0.24112530714774683,-2.082702606771137,-0.00342678619901468,0.7272727272727273,legacy,unknown,9.4776,0.7976517133558916,1,1787016773536
478,1786927720987,1786970920987,9.4026,0.2,15,-1.7915153831454276,-2.2764169412214064,-1.304366017447341,12,21,0.007369196757553427,0.29075462489997494,0,0.2914001848171797,-1.7915153831454276,-0.006811513256901316,0.6,legacy,unknown,9.5174,1.2209388892434079,1,1786978815325
479,1786927722549,1787014122549,9.4026,0.2,15,-2.363367093445438,-2.4146492861576663,-1.0650930157245255,24,21,0,0.2907210763620358,0,0.24114800681378354,-2.082702606771137,-0.005277177896480076,0.7272727272727273,legacy,unknown,9.4776,0.7976517133558916,1,1787016773801
480,1786935615067,1786978815067,9.5275,0.6,15,0.833922709087653,-2.2764169412214064,3.7442443837449044,12,15,0.46946284032376745,0.4676705067378571,1,0.5265435106906583,0.833922709087653,0.03999437394198194,0.6,legacy,unknown,9.5288,0.013644712673844376,1,1786989613438
481,1786935615297,1787022015297,9.5275,0.4666666666666667,15,-1.1041558907666766,-2.4403292181070104,5.524276715535981,24,15,0.464339908952959,0.4676705067378571,1,0.40667460372522374,-1.1041558907666766,0.03999437394198194,0.8636363636363636,legacy,unknown,9.3597,-1.7612175282078166,0,1787032812294
482,1786942214865,1786985414865,9.4717,0.9333333333333333,15,1.4859452329957477,0.7034592791355351,3.2011316032860018,12,15,0.5769794721407625,0.457409573007458,1,0.9360822480834968,3.0441631810527534,0.06270318135502383,0.9230769230769231,legacy,unknown,9.4968,0.2649999472111672,1,1786989613534
483,1786942215022,1787028615022,9.4717,1,15,2.7931015722757238,2.538805736133052,2.944317315026707,24,15,0.5659090909090909,0.457409573007458,1,1,2.7931015722757238,0.06270318135502383,0.8333333333333334,legacy,unknown,9.42556,-0.48713536112840783,0,1787032812537
484,1786942286046,1787028686046,9.4728,1,15,1.252032153179201,1.062630997723744,1.2739846064898577,24,15,0.5659090909090909,0.4342776152246761,1,1,1.252032153179201,0.08324011766636566,0.8333333333333334,legacy,unknown,9.42556,-0.4986909889367307,0,1787032812582
485,1786942286282,1786985486282,9.4728,0,15,-0.3014360549132942,-0.5630060016439855,-0.2798204090482019,12,15,0.5769794721407625,0.2683298465063953,0,0,-0.439689286237722,0.08324011766636566,0.55,legacy,unknown,9.4968,0.2533569799848082,1,1786989613635
486,1786942290164,1787028690164,9.4728,0.8666666666666667,15,1.252032153179201,0.98638651488025,1.2739846064898577,24,15,0.5659090909090909,0.43442455772946753,1,0.8739645943984179,1.252032153179201,0.09461665677211034,0.5454545454545454,legacy,unknown,9.42556,-0.4986909889367307,0,1787032812633
487,1786942322111,1786985522111,9.4737,0,15,-0.3014360549132942,-1.420466528873315,-0.2798204090482019,12,15,0.5755131964809385,0.2595067851463942,0,0,-0.439689286237722,0.0858982443749279,0.55,legacy,unknown,9.4968,0.24383292694513478,1,1786989613731
488,1786942322336,1787028722336,9.4737,0.8666666666666667,15,1.252032153179201,0.98638651488025,1.2739846064898577,24,15,0.5643939393939394,0.4347183134461266,1,0.8739393018492825,1.252032153179201,0.0858982443749279,0.5454545454545454,legacy,unknown,9.42556,-0.5081435975384306,0,1787032812727
489,1786942391684,1787028791684,9.4703,0.8666666666666667,15,1.062630997723744,0.98638651488025,1.1356831860023884,24,15,0.5659090909090909,0.4350118969156553,1,0.8851432826327446,1.062630997723744,0.057486258957758024,0.5454545454545454,legacy,unknown,9.42556,-0.4724243160195465,0,1787032812827
490,1786942391895,1786985591895,9.4703,0.14285714285714285,14,-0.4509125342411809,-0.5562875128092557,-0.41599992782868844,12,15,0.5769794721407625,0.4350118969156553,1,0.12075619583227909,-0.48793130648396854,0.057486258957758024,0.55,legacy,unknown,9.4968,0.2798221809235231,1,1786989613784
491,1786942396332,1787028796332,9.4679,0.9333333333333333,15,0.9932096888618683,0.8194361127774314,1.1356831860023884,24,15,0.5666666666666667,0.4406188740146194,1,0.9414735492087448,0.9932096888618683,0.050273727778198975,0.8333333333333334,legacy,unknown,9.42556,-0.44719525977248786,0,1787032812927
492,1786946417264,1786989617264,9.4039,0.8333333333333334,12,2.0269705330801187,0.4268212039964983,2.9608845953497154,12,15,0.6383601756954612,0.31101204900600177,0,0.8389584393537595,2.0269705330801187,0.03230493805132802,0.8,legacy,unknown,9.4968,0.9878880039132723,1,1787000412424
493,1786946417730,1787032817730,9.4039,0.6666666666666666,15,2.3898933426113587,-1.639276012448096,3.755091346497399,24,21,0.23569277108433734,0.28899740593334333,0,0.6204816927254287,0.47161919103193073,0.014234801007640432,0.5,legacy,unknown,9.42556,0.23032996948075457,1,1787043612068
494,1786957217437,1787043617437,9.3889,0.4,15,-0.143957998137001,-0.43687926837799995,0.1916036541554034,24,21,0.1330827067669173,0.22976684775025685,0,0.5036774305922538,0.1276542393745004,-0.02705280451355533,0.7916666666666666,legacy,unknown,9.4487,0.6369223231688587,1,1787054412304
495,1786957217562,1787000417562,9.3889,0.3333333333333333,15,-0.11829748195360146,-0.2814315565701464,0.09798821721932016,12,21,0.14067055393586006,0.22976684775025685,0,0.3667217906802334,-0.11829748195360146,-0.02705280451355533,0.6818181818181818,legacy,unknown,9.5054,1.2408269339326254,1,1787011212798
496,1786958712835,1787001912835,9.3962,0.07142857142857142,14,-0.814513143280259,-2.3281363221991205,-0.33124047827894154,12,21,0.14431486880466474,0.20444730627331364,0,0.17983109266073916,-0.7113890210471386,-0.0658882780420282,0.5909090909090909,legacy,unknown,9.5054,1.1621719418488274,1,1787011212819
497,1786958713129,1787045113129,9.3962,0.26666666666666666,15,-2.1762773047019666,-2.9551853589863812,0.8502333862113881,24,21,0.1368421052631579,0.20444730627331364,0,0.409351966116477,-0.4408845390332832,-0.0658882780420282,0.75,legacy,unknown,9.4487,0.5587365105042487,1,1787054412391
498,1786958726837,1787045126837,9.3963,0.4,15,-0.24027579482536152,-0.7344848023029369,1.388131836185922,24,21,0.1368421052631579,0.30769205757981893,0,0.28793489442852366,-0.5629436240515754,-0.10316069049070127,0.7916666666666666,legacy,unknown,9.4487,0.5576663154646025,1,1787054412475
499,1786958726888,1787001926888,9.3963,0.8,10,0.60490215503677,0.2600085895694688,1.1519313928558501,12,21,0.14431486880466474,0.30769205757981893,0,0.49148656968312715,-0.32868082581057917,-0.10316069049070127,0.5909090909090909,legacy,unknown,9.5054,1.1610953247554863,1,1787011212930
500,1786958731393,1787045131393,9.3971,0.4,15,-0.24027579482536152,-0.7344848023029369,1.388131836185922,24,21,0.1368421052631579,0.30779275254552924,0,0.2879141661568299,-0.5629436240515754,-0.10440888492712316,0.7916666666666666,legacy,unknown,9.4487,0.5491055751242462,1,1787054412565
501,1786968016267,1787054416267,9.5174,0.6,15,0.1276542393745004,-0.48896294118287825,1.715042616908539,24,15,0.5765765765765766,0.26709740935262677,0,0.5829018738970415,0.1276542393745004,-0.03831934417169487,0.4583333333333333,legacy,unknown,9.43697,-0.8450837413579316,0,1787056093419
502,1786968016444,1787011216444,9.5174,0.23076923076923078,13,-0.15956779921811035,-0.3735512194021038,-0.0958018270777017,12,15,0.5895196506550219,0.26709740935262677,0,0.2487557655416978,-0.15956779921811035,-0.03831934417169487,0.5909090909090909,legacy,unknown,9.5377,0.21329354655682092,1,1787013812900
503,1786978815572,1787065215572,9.5288,0.8,15,1.708197558917018,0.6364657431673518,1.8875462977960566,24,15,0.5843773028739867,0.3801915311722519,1,0.7856964354219342,1.708197558917018,0.022288222203411256,0.5833333333333334,legacy,unknown,9.4598,-0.7241205608261359,0,1787068017679
504,1786978815757,1787022015757,9.5288,0.8,15,1.715788998575018,1.2461892282184337,3.2307526185077298,12,15,0.5901162790697675,0.3801915311722519,1,0.7856964354219342,1.715788998575018,0.022288222203411256,0.5909090909090909,legacy,unknown,9.3597,-1.774620099068091,0,1787032813026
505,1786989614326,1787076014326,9.4968,0.6,15,0.6364657431673518,-0.7995769434161785,1.8842457617967834,24,15,0.49816041206769685,0.3269753741315216,0,0.5715254199422143,0.6364657431673518,0.07063850497575545,0.4583333333333333,legacy,unknown,9.4515,-0.47700277988376083,0,1787086812202
506,1786989614566,1787032814566,9.4968,0.6666666666666666,15,1.2461892282184337,-0.49709148598625696,3.2307526185077298,12,15,0.5107604017216643,0.3269753741315216,0,0.6520160038451769,1.2461892282184337,0.07063850497575545,0.4090909090909091,legacy,unknown,9.42556,-0.7501474180776633,0,1787043612153
507,1787000412982,1787043612982,9.5054,0.6,15,0.6098125433927303,-0.9991730981256861,0.9391635864890622,12,15,0.492176386913229,0,0,0.6,0.6098125433927303,0.12162377919148924,0.5909090909090909,legacy,unknown,9.4487,-0.5965030403770415,0,1787054412665
508,1787000412990,1787086812990,9.5054,0.6,15,0.4871557509835844,-1.168802754459316,0.7880615083753397,24,15,0.48535871156661786,0,0,0.6,0.4871557509835844,0.12162377919148924,0.4583333333333333,legacy,unknown,9.4682,-0.3913564920992314,0,1787095998305
509,1787011213236,1787097613236,9.5377,0.7333333333333333,15,1.3735760677655007,-0.7995769434161785,1.8842457617967834,24,15,0.5014577259475219,0.21707469170942956,0,0.7196342776645187,1.3735760677655007,0.11904432345588307,0.5416666666666666,legacy,unknown,9.5382,0.005242354026658535,1,1787106364547
510,1787011213429,1787054413429,9.5377,0.6,15,1.2461892282184337,-0.49709148598625696,3.2307526185077298,12,15,0.508138711960368,0.21707469170942956,0,0.6017027443863087,1.2461892282184337,0.11904432345588307,0.5909090909090909,legacy,unknown,9.43697,-1.0561246422093238,0,1787056093698
511,1787013814069,1787100214069,9.4865,0.6,15,0.724094029918619,-0.29834160717951563,0.8077452530745686,24,15,0.5889212827988338,0.32596933719665167,0,0.5593479075712646,0.7222621331854271,0.09316959291520875,0.4583333333333333,legacy,unknown,9.5382,0.5449849786538797,1,1787106364800
512,1787013814317,1787057014317,9.4865,0.13333333333333333,15,-1.8278040175268937,-1.93773553803567,-0.19564278666734897,12,15,0.6001415428167021,0.32596933719665167,0,0.14915256866775153,-0.42695870320338686,0.09316959291520875,0.5909090909090909,legacy,unknown,9.4266,-0.63142360196067,0,1787065212269
513,1787013829021,1787100229021,9.48593,0.6,15,0.724094029918619,-0.22000338466745903,0.8077452530745686,24,21,0.1749271137026239,0.32603885483539863,0,0.6740989128727434,0.7222621331854271,0.07085511564536663,0.4583333333333333,legacy,unknown,9.5382,0.5510266257499269,1,1787106365046
514,1787013829252,1787057029252,9.48593,0.2,15,-1.8278040175268937,-1.93773553803567,-0.11829748195360146,12,21,0.1818825194621373,0.32603885483539863,0,0.1604605577523973,-1.865777767665158,0.07085511564536663,0.5909090909090909,legacy,unknown,9.4266,-0.6254526440738991,0,1787065212327
515,1787013833178,1787100233178,9.4839,0.6,15,0.724094029918619,-0.22000338466745903,0.8077452530745686,24,21,0.1749271137026239,0.3260738358447229,0,0.67408486798401,0.7222621331854271,0.055599291478051135,0.4583333333333333,legacy,unknown,9.5382,0.5725492677063188,1,1787106365308
516,1787013839301,1787057039301,9.4825,0.2,15,-1.8278040175268937,-1.93773553803567,-0.11829748195360146,12,21,0.16985138004246284,0.3261442382473906,0,0.1604794104780221,-1.865777767665158,0.016893891927494322,0.5909090909090909,legacy,unknown,9.4266,-0.5895069865541723,0,1787065212436
517,1787013839549,1787100239549,9.4825,0.6,15,0.724094029918619,-0.22000338466745903,0.8077452530745686,24,21,0.16253644314868804,0.3261442382473906,0,0.6740568778638659,0.7222621331854271,0.016893891927494322,0.4583333333333333,legacy,unknown,9.5382,0.5873978381228564,1,1787106365565
518,1787013876388,1787100276388,9.4776,0.6,15,0.724094029918619,-0.29834160717951563,0.8077452530745686,24,21,0.1377551020408163,0.3262152288714045,0,0.6733133854097961,0.7222621331854271,-0.0176206394555408,0.4583333333333333,legacy,unknown,9.5382,0.639402380349446,1,1787106365857
519,1787013876616,1787057076616,9.4776,0.13333333333333333,15,-1.8278040175268937,-1.93773553803567,-0.19564278666734897,12,21,0.14154281670205238,0.3262152288714045,0,0.11057760353650625,-1.865777767665158,-0.0176206394555408,0.5909090909090909,legacy,unknown,9.4266,-0.5381109141554841,0,1787065212577
520,1787013880083,1787100280083,9.4776,0.6,15,0.724094029918619,-0.29834160717951563,0.8077452530745686,24,21,0.1348396501457726,0.3262509404418717,0,0.6733005544975583,0.7222621331854271,-0.02811141615477429,0.4583333333333333,legacy,unknown,9.5382,0.639402380349446,1,1787106366114
521,1787016775057,1787059975057,9.488,0.13333333333333333,15,-1.8278040175268937,-1.93773553803567,-0.19564278666734897,12,21,0.10120311394196745,0.326322792229487,0,0.11059069660220458,-1.865777767665158,-0.033179773361076075,0.5909090909090909,legacy,unknown,9.4266,-0.6471332209106135,0,1787065212680
522,1787016775327,1787103175327,9.488,0.6,15,0.724094029918619,-0.29834160717951563,0.8077452530745686,24,21,0.10058309037900874,0.326322792229487,0,0.673274984754847,0.7222621331854271,-0.033179773361076075,0.4583333333333333,legacy,unknown,9.5091,0.22238617200675131,1,1787106366747
523,1787016776476,1787059976476,9.4883,0.6,15,0.21784007573080982,-1.8333902355752945,0.7002238420478876,12,21,0.01132342533616419,0.37707069972229695,0,0.6313312093958432,0.21784007573080982,-0.023524262472285014,0.5909090909090909,legacy,unknown,9.4266,-0.6502745486546598,0,1787065212778
524,1787016776724,1787103176724,9.4883,0.6666666666666666,15,0.6234385646150549,-1.130259241095359,0.9527635883602158,24,21,0.009475218658892129,0.37707069972229695,0,0.524593533890636,0.585402068034705,-0.023524262472285014,0.375,legacy,unknown,9.5091,0.21921735189654085,1,1787106366989
525,1787016790541,1787059990541,9.489,0.6,15,0.21784007573080982,-1.8333902355752945,0.7002238420478876,12,21,0.01132342533616419,0.3771881564624603,0,0.6313673382281454,0.21784007573080982,-0.014039820174717176,0.5909090909090909,legacy,unknown,9.4266,-0.6576035409421459,0,1787065212895
526,1787016790792,1787103190792,9.489,0.6666666666666666,15,0.6234385646150549,-1.130259241095359,0.9527635883602158,24,21,0.009475218658892129,0.3771881564624603,0,0.5245145393244643,0.585402068034705,-0.014039820174717176,0.375,legacy,unknown,9.5091,0.21182421751501043,1,1787106367233
527,1787022012565,1787108412565,9.3597,0.26666666666666666,15,-0.3597209145119604,-0.740829646902822,0.7372107710857161,24,15,0.5007278020378457,0.05179504344685379,0,0.11852820235475946,-0.22000338466745903,-0.021174088519887606,0.75,legacy,unknown,9.5347,1.8697180465185925,1,1787116407004
528,1787022013202,1787065213202,9.3597,0.8181818181818182,11,1.3454829344458112,0.20775623268698848,1.5563430837426115,12,15,0.5060070671378092,1.1553311293788364,1,0.7971216150586944,1.3454829344458112,-0.042325229414497276,0.5909090909090909,legacy,unknown,9.4598,1.0694787226086242,1,1787068018363
529,1787032813422,1787119213422,9.42556,0.9333333333333333,15,1.6113585212852648,1.1716552772358895,2.562113654263832,24,15,0.6235632183908046,0.33607413123515234,0,0.9491986730759894,1.6113585212852648,-0.0630683294623363,0.7777777777777778,legacy,unknown,9.607,1.9249784628181081,1,1787130012340
530,1787032813616,1787076013616,9.42556,1,15,0.7506105444620184,0.4952385498460701,1.3152645640163978,12,15,0.629498941425547,0.33607413123515234,0,1,0.7506105444620184,-0.0630683294623363,1,legacy,unknown,9.4515,0.275209112243713,1,1787086812377
531,1787043612594,1787130012594,9.4487,0,15,-0.9902772776377334,-1.1558342107782194,-0.24412056171898472,24,15,0.6269727403156384,0.3303269595199346,0,0,-1.0095538205003802,-0.07611197395257596,0.6296296296296297,legacy,unknown,9.785,3.55921978684898,1,1787134753397
532,1787043612827,1787086812827,9.4487,0.5333333333333333,15,0.02175857650556485,-0.583492441839242,0.7541042756629928,12,15,0.6328400281888654,0.3303269595199346,0,0.5667753614027228,0.10525424343974815,-0.07611197395257596,0.6666666666666666,legacy,unknown,9.4682,0.20637759691808358,1,1787095998558
533,1787054412864,1787097612864,9.43697,0.5333333333333333,15,0.02175857650556485,-0.583492441839242,0.7541042756629928,12,15,0.6354679802955665,0.3056344620278602,0,0.5709665541471838,0.10525424343974815,-0.0930139872647873,0.6666666666666666,legacy,unknown,9.5382,1.0726960030602966,1,1787106367535
534,1787054413052,1787140813052,9.43697,0,15,-0.9902772776377334,-1.1558342107782194,-0.24412056171898472,24,15,0.631578947368421,0.3056344620278602,0,0,-1.0095538205003802,-0.0930139872647873,0.6296296296296297,legacy,unknown,9.7611,3.434682954380487,1,1787151612184
535,1787056095322,1787099295322,9.4227,0.6923076923076923,13,0.6696914478592122,-0.08906970306085317,1.3396621930944774,12,15,0.6361717100633357,0.3715374374812831,0,0.6994622560763837,0.6696914478592122,-0.0463657814987639,0.4583333333333333,legacy,unknown,9.5382,1.2257633162469255,1,1787106367792
536,1787056095361,1787142495361,9.4227,0.7333333333333333,15,1.37512266928361,-0.006114786777392546,4.560609525643647,24,15,0.6322901849217639,0.3715374374812831,0,0.7024877007284915,1.37512266928361,-0.0463657814987639,0.5555555555555556,legacy,unknown,9.7611,3.5913273265624506,1,1787151612326
537,1787056108594,1787099308594,9.4231,0.7692307692307693,13,1.7881861710577125,0.8818512828577381,2.2406558854775893,12,15,0.6361717100633357,0.40424598618360863,1,0.7081639567801513,1.7881861710577125,-0.03442417685555884,0.5833333333333334,legacy,unknown,9.5382,1.2214663964088248,1,1787106368084
538,1787056108836,1787142508836,9.4231,0.8666666666666667,15,2.254606329209017,1.1628401360544307,4.560609525643647,24,15,0.6322901849217639,0.40424598618360863,1,0.8549190114345453,3.0720670794882396,-0.03442417685555884,0.5925925925925926,legacy,unknown,9.7611,3.5869299911918686,1,1787151612423
539,1787056113335,1787142513335,9.4231,0.8666666666666667,15,2.254606329209017,1.1628401360544307,4.560609525643647,24,15,0.6322901849217639,0.4042492727584899,1,0.8549207597553588,3.0720670794882396,-0.03459687882247719,0.5925925925925926,legacy,unknown,9.7611,3.5869299911918686,1,1787151612536
540,1787056120888,1787142520888,9.4216,0.8666666666666667,15,2.254606329209017,1.1628401360544307,4.560609525643647,24,21,0.20270270270270271,0.4042565276652988,1,0.889419418738272,2.7897598826907686,-0.032328414651204604,0.5925925925925926,legacy,unknown,9.7611,3.6034219240893375,1,1787151612636
541,1787056121004,1787099321004,9.4216,0.7692307692307693,13,1.7881861710577125,0.8818512828577381,2.2406558854775893,12,21,0.2047853624208304,0.4042565276652988,1,0.6970958680510319,1.4309280870043242,-0.032328414651204604,0.5833333333333334,legacy,unknown,9.5382,1.2375817270951859,1,1787106368370
542,1787056131135,1787099331135,9.4169,0.7692307692307693,13,1.4309280870043242,0.8818512828577381,2.2406558854775893,12,21,0.03518648838845883,0.3604795514259198,0,0.6857208227478266,1.4309280870043242,-0.02470968006399284,0.5833333333333334,legacy,unknown,9.5382,1.288109675158489,1,1787106368614
543,1787056131198,1787142531198,9.4169,0.8666666666666667,15,2.254606329209017,1.1628401360544307,4.560609525643647,24,21,0.03556187766714083,0.3604795514259198,0,0.8980424274712958,2.7897598826907686,-0.02470968006399284,0.5925925925925926,legacy,unknown,9.7611,3.6551306693285555,1,1787151612727
544,1787056139707,1787142539707,9.4169,0.8666666666666667,15,2.254606329209017,1.1628401360544307,4.560609525643647,24,21,0.02418207681365576,0.36047657970726654,0,0.8980424571628903,2.7897598826907686,-0.013401213550695745,0.5925925925925926,legacy,unknown,9.7611,3.6551306693285555,1,1787151612827
545,1787056139739,1787099339739,9.4169,0.7692307692307693,13,1.4309280870043242,0.8818512828577381,2.2406558854775893,12,21,0.023926812104152005,0.36047657970726654,0,0.6857769153682887,1.4309280870043242,-0.013401213550695745,0.5833333333333334,legacy,unknown,9.5382,1.288109675158489,1,1787106368859
546,1787056461604,1787099661604,9.4241,0.6923076923076923,13,1.3396621930944774,-0.08906970306085317,2.2406558854775893,12,21,0.0063335679099225895,0.45435364777250603,1,0.6671883848220421,1.4309280870043242,0.002831774044068033,0.4583333333333333,legacy,unknown,9.5382,1.2107256926390908,1,1787106369115
547,1787056461718,1787142861718,9.4241,0.8666666666666667,15,2.254606329209017,0.5624977318639842,4.560609525643647,24,21,0.006401137980085348,0.45435364777250603,1,0.8443033315516582,2.254606329209017,0.002831774044068033,0.5925925925925926,legacy,unknown,9.7611,3.57593828588408,1,1787151612926
548,1787056490273,1787142890273,9.42651,0.6666666666666666,15,0.2703452936987739,-0.1740390704925318,5.75252689532207,24,21,0.007823613086770981,0.7125588585436381,1,0.7571601741294153,0.2715554697306058,0.007242909384687792,0.48148148148148145,legacy,unknown,9.7611,3.5494578587409378,1,1787151613031
549,1787065213357,1787108413357,9.4598,0.3333333333333333,15,-1.0596697885488033,-1.383979246310866,0.07185657913965367,12,21,0.03724525650035137,0.3000910372989606,0,0.45258748011929917,-1.0596697885488033,0.014447830835426966,0.7083333333333334,legacy,unknown,9.5347,0.7917714962261495,1,1787116407350
550,1787065213621,1787151613621,9.4598,0.5333333333333333,15,0.12533593646430763,-0.395987328405506,0.2715554697306058,24,21,0.03750884642604388,0.3000910372989606,0,0.41702091445333145,-0.08993237085711886,0.014447830835426966,0.8888888888888888,legacy,unknown,9.7701,3.280196198651132,1,1787152038614
551,1787068019648,1787154419648,9.51518,0.4666666666666667,15,-1.1041558907666766,-2.4146492861576663,2.6002065145968327,24,21,0.1372965322009908,1.353263042252701,1,0.5947954597085715,2.112351790031086,0.04126207517894269,0.8888888888888888,,,9.8086,3.083704144325166,1,1787162412087
552,1787068020302,1787111220302,9.51518,0.5833333333333334,12,0.09269737317313724,-2.2764169412214064,2.2523259619430585,12,21,0.13538032100488487,1.353263042252701,1,0.7032719062250659,1.0498445953724027,0.04126207517894269,0.5833333333333334,,,9.5347,0.20514588268430003,1,1787116407600
553,1787068042783,1787111242783,9.512,0.5833333333333334,12,0.09269737317313724,-2.2764169412214064,2.2523259619430585,12,21,0.1388695045359386,1.2976804343034267,1,0.6995304263931921,0.833922709087653,0.06814878997043755,0.5833333333333334,,,9.5347,0.23864592094197207,1,1787116407860
554,1787068044069,1787154444069,9.512,0.4666666666666667,15,-1.1041558907666766,-2.4146492861576663,2.6002065145968327,24,21,0.14012738853503184,1.2976804343034267,1,0.5909082459058872,2.112351790031086,0.06814878997043755,0.8888888888888888,,,9.8086,3.1181665264928484,1,1787162412221
555,1787068051801,1787154451801,9.5084,0.5333333333333333,15,1.9040160830333406,-2.4146492861576663,4.749810740189007,24,21,0.14154281670205238,1.136619793573163,1,0.4986110600114753,-1.1041558907666766,0.09453297987549827,0.8888888888888888,,,9.8086,3.1572083631315495,1,1787162412317
556,1787076012596,1787162412596,9.4515,0.3333333333333333,15,-0.1740390704925318,-0.39993136491428644,0.2703452936987739,24,21,0.10530035335689046,0.3722634061832794,0,0.3082114594960583,-0.1740390704925318,0.012172289061927778,0.6666666666666666,,,9.98,5.591705020367149,1,1787169234134
557,1787076012809,1787119212809,9.4515,0.3333333333333333,15,-1.0608638980411966,-1.383979246310866,0.07185657913965367,12,21,0.11607142857142858,0.3722634061832794,1,0.3258678940212615,-1.0608638980411966,0.012172289061927778,0.7083333333333334,,,9.607,1.6452414960588264,1,1787130012426
558,1787086812741,1787173212741,9.4682,0.2,15,-0.1740390704925318,-0.39993136491428644,-0.006114786777392546,24,21,0.11997177134791814,0.3779878868125311,1,0.29944691471659696,-0.1740390704925318,-0.016676707778363265,0.8148148148148148,,,10.596,11.911450962168106,1,1787182090873
559,1787086812960,1787130012960,9.4682,0.4666666666666667,15,-0.2457190843039114,-1.3799558414130773,0.31380880862547467,12,21,0.13031550068587106,0.3779878868125311,1,0.37653758070340176,-1.0596697885488033,-0.016676707778363265,0.6666666666666666,,,9.785,3.345936925709223,1,1787134753659
560,1787095999690,1787139199690,9.5367,0.7333333333333333,15,0.3390527072844967,-0.3598587724063065,1.2209388892434079,12,21,0.3095890410958904,0.7125560774601766,1,0.6766524964943754,0.24237079224755137,-0.01956582455860684,0.4583333333333333,,,9.7611,2.35301519393502,1,1787140812222
561,1787095999972,1787182399972,9.5367,0.6666666666666666,15,0.7976517133558916,-0.1740390704925318,1.6877412201206767,24,21,0.2988019732205779,0.7125560774601766,1,0.5523042123405046,0.7976517133558916,-0.01956582455860684,0.48148148148148145,,,10.565,10.782555810710202,1,1787184011968
562,1787096023024,1787182423024,9.5362,0.3333333333333333,15,-1.0650930157245255,-2.4146492861576663,0.7976517133558916,24,21,0.29950669485553205,0.6143339137378258,1,0.538808494841496,0.12533593646430763,-0.013746607311472902,0.6666666666666666,,,10.565,10.788364337996272,1,1787184012050
563,1787096023270,1787139223270,9.5362,0.4,15,-1.3733462871673248,-2.011439466158236,0.3390527072844967,12,21,0.3102739726027397,0.6143339137378258,1,0.541697611273085,0.07185657913965367,-0.013746607311472902,0.5833333333333334,,,9.7611,2.358381745349318,1,1787140812410
564,1787096027247,1787182427247,9.5367,0.3333333333333333,15,-1.0650930157245255,-2.4146492861576663,0.7976517133558916,24,21,0.29809725158562367,0.6142830933603448,1,0.5388370817156962,0.12533593646430763,0.006506366651090708,0.6666666666666666,,,10.565,10.782555810710202,1,1787184012174
565,1787096031688,1787182431688,9.5364,0.3333333333333333,15,-1.0650930157245255,-2.4146492861576663,0.7976517133558916,24,21,0.2988019732205779,0.6141841180031897,1,0.5388939979593782,0.12533593646430763,0.041872119540436674,0.6666666666666666,,,10.565,10.786040853991013,1,1787184012278
566,1787096032152,1787139232152,9.5364,0.4,15,-1.3733462871673248,-2.011439466158236,0.3390527072844967,12,21,0.3095890410958904,0.6141841180031897,1,0.541768398859915,0.07185657913965367,0.041872119540436674,0.5833333333333334,,,9.7611,2.356235057254313,1,1787140812496
567,1787097612425,1787184012425,9.5382,0.4666666666666667,15,-0.08993237085711886,-0.39993136491428644,0.2715554697306058,24,21,0.29809725158562367,0.5458844459243374,1,0.42336559430615633,-0.1740390704925318,0.054695842589249095,0.8888888888888888,,,10.544,10.544966555534595,1,1787185799885
568,1787097612638,1787140812638,9.5382,0.4,15,-1.0596697885488033,-1.3838609155584478,0.12179827311754803,12,21,0.3089041095890411,0.5458844459243374,1,0.4387733983349955,-1.0596697885488033,0.054695842589249095,0.5833333333333334,,,9.7611,2.3369189155186616,1,1787151613052
569,1787106369908,1787149569908,9.5091,0.4,15,-1.0596697885488033,-2.011439466158236,0.3390527072844967,12,21,0.23734610123119015,0.7134053143941809,1,0.49477420431672225,-1.0596697885488033,0.04012289584795269,0.5833333333333334,knn-core-v1,0280f8fe79ac0eeb633dfffa91889cd77bfd030c,9.7701,2.7447392497712637,1,1787151613214
570,1787106370330,1787192770330,9.5091,0.6,15,0.12533593646430763,-2.4146492861576663,0.7976517133558916,24,21,0.22448979591836735,0.7134053143941809,1,0.6273943578715984,0.2703452936987739,0.04012289584795269,0.4074074074074074,knn-core-v1,0280f8fe79ac0eeb633dfffa91889cd77bfd030c,10.496,10.378479561683022,1,1787194812140
571,1787106386403,1787192786403,9.5119,0.8,15,1.37512266928361,0.2703452936987739,1.6877412201206767,24,21,0.21815622800844475,0.7046471918420745,1,0.7223944089939487,0.7547891905683404,0.026274222174391525,0.5925925925925926,knn-core-v1,0280f8fe79ac0eeb633dfffa91889cd77bfd030c,10.496,10.345987657565784,1,1787194812338
572,1787106386922,1787149586922,9.5119,0.6,15,0.07185657913965367,-0.3598587724063065,0.6660942100098302,12,21,0.23119015047879618,0.7046471918420745,1,0.7201398327283645,0.3063199081359248,0.026274222174391525,0.5833333333333334,knn-core-v1,0280f8fe79ac0eeb633dfffa91889cd77bfd030c,9.7701,2.7144944753414,1,1787151613343
573,1787106390524,1787192790524,9.5139,1,15,0.7558603093605621,0.738725141101832,0.8094453012817132,24,21,0.033075299085151305,0.44388689248650026,1,0.9168122195856139,0.7655014034192498,0.01962859980736529,0.5,knn-core-v1,0280f8fe79ac0eeb633dfffa91889cd77bfd030c,10.496,10.322790863893891,1,1787194812430
574,1787108412497,1787194812497,9.5347,1,15,0.7558603093605621,0.738725141101832,0.8094453012817132,24,21,0.04644616467276566,0.466178596780019,1,0.9140509276195189,0.7665727499867175,0.016365919842784838,0.5,knn-core-v1,0280f8fe79ac0eeb633dfffa91889cd77bfd030c,10.496,10.082121094528402,1,1787205650593
575,1787108413464,1787151613464,9.5347,1,15,1.1789719874554925,1.1778963706333971,1.1848499603776943,12,21,0.07481629926519706,0.5329590343720001,1,0.9155928434515194,1.1785172534501642,0.012631191723856563,0.9375,knn-core-v1,0280f8fe79ac0eeb633dfffa91889cd77bfd030c,9.7701,2.4688768393342055,1,1787152039032
576,1787116409004,1787159609004,9.61941,0.8,15,0.6696914478592122,0.07185657913965367,1.1785172534501642,12,21,0.3199732798931196,0.3532214931124788,0,0.724612174122599,0.6696914478592122,0.034806180133000325,0.5833333333333334,knn-core-v1,0280f8fe79ac0eeb633dfffa91889cd77bfd030c,9.98,3.7485667000366982,1,1787162412426
577,1787116409328,1787202809328,9.61941,0.4666666666666667,15,-0.006114786777392546,-0.395987328405506,0.6085168011488884,24,21,0.29585382993675335,0.39233607890375716,1,0.5339938426026473,0.12533593646430763,0.034806180133000325,0.8888888888888888,knn-core-v1,0280f8fe79ac0eeb633dfffa91889cd77bfd030c,10.455,8.686499483856077,1,1787205650646
578,1787116420090,1787202820090,9.6229,0.6666666666666666,15,0.2703452936987739,-0.1740390704925318,0.377810876593891,24,21,0.29585382993675335,0.5750495030560049,1,0.6596726961826199,0.2703452936987739,0.06109555908987643,0.48148148148148145,knn-core-v1,0280f8fe79ac0eeb633dfffa91889cd77bfd030c,10.455,8.647081441145605,1,1787205650703
579,1787116420304,1787159620304,9.6229,0.6,15,0.07185657913965367,-1.0596697885488033,1.1838839029978916,12,21,0.3199732798931196,0.40580950518263953,1,0.6510344421804641,1.1785172534501642,0.06109555908987643,0.5833333333333334,knn-core-v1,0280f8fe79ac0eeb633dfffa91889cd77bfd030c,9.98,3.710939529663624,1,1787162412531
580,1787117453313,1787160653313,9.6226,0.4666666666666667,15,-1.3733462871673248,-2.011439466158236,0.37651147635942506,12,21,0.3208805870580387,0.5389825106937662,1,0.6149090957467541,0.37651147635942506,0.0944761458403414,0.6666666666666666,knn-core-v1,0280f8fe79ac0eeb633dfffa91889cd77bfd030c,9.98,3.7141728846673474,1,1787162412639
581,1787117453991,1787203853991,9.6226,0.26666666666666666,15,-1.2079743199864772,-2.4146492861576663,0.7976517133558916,24,21,0.29585382993675335,0.5389825106937662,1,0.4137456441461148,-1.0650930157245255,0.0944761458403414,0.6666666666666666,knn-core-v1,0280f8fe79ac0eeb633dfffa91889cd77bfd030c,10.455,8.6504686882963,1,1787205650770
582,1787117466891,1787203866891,9.6222,0.26666666666666666,15,-1.2079743199864772,-2.4146492861576663,0.7976517133558916,24,21,0.26423049894588896,0.5384002769298006,1,0.4137565163255142,-1.0650930157245255,0.12306518590977104,0.6666666666666666,knn-core-v1,0280f8fe79ac0eeb633dfffa91889cd77bfd030c,10.455,8.65498534638649,1,1787205650835
583,1787117467266,1787160667266,9.6222,0.4666666666666667,15,-1.3733462871673248,-2.011439466158236,0.37651147635942506,12,21,0.29086057371581053,0.5384002769298006,1,0.6148573979802572,0.37651147635942506,0.12306518590977104,0.6666666666666666,knn-core-v1,0280f8fe79ac0eeb633dfffa91889cd77bfd030c,9.98,3.718484338301023,1,1787162412754
584,1787117470895,1787203870895,9.62258,0.26666666666666666,15,-1.2079743199864772,-2.4146492861576663,0.7976517133558916,24,21,0.2663387210119466,0.5381119142943321,1,0.41376191671236934,-1.0650930157245255,0.11524167778286207,0.6666666666666666,knn-core-v1,0280f8fe79ac0eeb633dfffa91889cd77bfd030c,10.455,8.650694512282579,1,1787205650900
585,1787117471761,1787160671761,9.6227,0.4666666666666667,15,-1.3733462871673248,-2.011439466158236,0.37651147635942506,12,21,0.29286190793862577,0.5378253696062438,1,0.6148060629213564,0.37651147635942506,0.10749425355980759,0.6666666666666666,knn-core-v1,0280f8fe79ac0eeb633dfffa91889cd77bfd030c,9.98,3.713095077265221,1,1787162412858
586,1787117475571,1787203875571,9.6242,0.4,15,-1.7612175282078166,-2.4403292181070104,0.7976517133558916,24,21,0.2663387210119466,0.978701767680247,1,0.45115838102039757,-1.7612175282078166,0.09905396709199513,0.8148148148148148,knn-core-v1,0280f8fe79ac0eeb633dfffa91889cd77bfd030c,10.455,8.632405810353069,1,1787205650921
587,1787119212215,1787205612215,9.607,0.4,15,-1.7612175282078166,-2.4403292181070104,0.7976517133558916,24,21,0.27983251919050944,0.976782773401603,1,0.45117175636191353,-1.7612175282078166,0.07691137911909587,0.8148148148148148,knn-core-v1,0280f8fe79ac0eeb633dfffa91889cd77bfd030c,10.455,8.8268970542313,1,1787205650994
588,1787119212215,1787162412215,9.607,0.6,15,0.013644712673844376,-2.2764169412214064,1.2209388892434079,12,21,0.3028685790527018,0.976782773401603,1,0.597537784794479,0.013644712673844376,0.07691137911909587,0.5833333333333334,knn-core-v1,0280f8fe79ac0eeb633dfffa91889cd77bfd030c,9.98,3.8825856146559916,1,1787169234396
589,1787130012627,1787173212627,9.785,0.7142857142857143,14,0.27944506438175876,-2.2764169412214064,0.2955841205057564,12,9,0.7214521452145215,0.4515332836073568,1,0.5429809262153324,0.013644712673844376,0.10952103136699076,0.46153846153846156,knn-core-v1,0280f8fe79ac0eeb633dfffa91889cd77bfd030c,10.596,8.288196218702094,1,1787182091115
590,1787130012844,1787216412844,9.785,0.5333333333333333,15,1.744718936346868,-2.4146492861576663,3.1230413191263695,24,9,0.7101648351648352,0.4515332836073568,1,0.2634774878627829,-2.4146492861576663,0.10952103136699076,0.8620689655172413,knn-core-v1,0280f8fe79ac0eeb633dfffa91889cd77bfd030c,10.653,8.87072049054676,1,1787216451641
591,1787134754713,1787177954713,9.7353,0.7333333333333333,15,0.27944506438175876,-2.2764169412214064,0.2955841205057564,12,9,0.7412541254125412,0.6178606457423438,1,0.7843617186716769,0.27944506438175876,0.12343992264834881,0.6923076923076923,knn-core-v1,0280f8fe79ac0eeb633dfffa91889cd77bfd030c,10.54712,8.338931517261914,1,1787182091365
592,1787134754810,1787221154810,9.7353,0.5333333333333333,15,2.4703248019646984,-2.4146492861576663,4.749810740189007,24,9,0.7307692307692307,0.6818287867322567,1,0.3110781193848336,-2.4146492861576663,0.12343992264834881,0.8620689655172413,knn-core-v1,0280f8fe79ac0eeb633dfffa91889cd77bfd030c,10.603,8.912925128141909,1,1787223928054
593,1787137120859,1787180320859,9.7811,0.6,15,0.013644712673844376,-2.011439466158236,1.2209388892434079,12,9,0.7465346534653465,0.19451683303557593,0,0.4016759436346721,-2.011439466158236,0.15184735946695482,0.5,knn-core-v1,0280f8fe79ac0eeb633dfffa91889cd77bfd030c,10.54712,7.831634478739602,1,1787182091609
594,1787137121047,1787223521047,9.7811,0.4666666666666667,15,-1.7612175282078166,-2.4146492861576663,0.7976517133558916,24,9,0.7366255144032922,0.19451683303557593,0,0.31778106960556307,-2.4146492861576663,0.15184735946695482,0.8620689655172413,knn-core-v1,0280f8fe79ac0eeb633dfffa91889cd77bfd030c,10.698,9.374201265706311,1,1787223928303
595,1787137139683,1787223539683,9.7805,0.6,15,1.744718936346868,-2.4146492861576663,5.524276715535981,24,9,0.7366255144032922,0.15743174452623757,0,0.2974600790525032,-2.4146492861576663,0.19274289383751542,0.27586206896551724,knn-core-v1,0280f8fe79ac0eeb633dfffa91889cd77bfd030c,10.698,9.380910996370332,1,1787223928563
596,1787137139771,1787180339771,9.7805,0.7333333333333333,15,3.089381800144497,-2.011439466158236,3.7442443837449044,12,9,0.7465346534653465,0.15743174452623757,0,0.4032696522569385,-2.011439466158236,0.19274289383751542,0.6923076923076923,knn-core-v1,0280f8fe79ac0eeb633dfffa91889cd77bfd030c,10.54712,7.838249578242418,1,1787182091854
597,1787137143238,1787223543238,9.7809,0.6,15,1.744718936346868,-2.4146492861576663,5.524276715535981,24,9,0.7366255144032922,0.1574287323839187,0,0.297418463588084,-2.4146492861576663,0.1756511200863006,0.27586206896551724,knn-core-v1,0280f8fe79ac0eeb633dfffa91889cd77bfd030c,10.698,9.376437751127192,1,1787223928816
598,1787137150357,1787223550357,9.7812,0.6,15,1.744718936346868,-2.4146492861576663,5.524276715535981,24,9,0.7366255144032922,0.15742311388241603,0,0.2973355869192095,-2.4146492861576663,0.15479834669166612,0.27586206896551724,knn-core-v1,0280f8fe79ac0eeb633dfffa91889cd77bfd030c,10.698,9.373083057293586,1,1787223929071
599,1787137150641,1787180350641,9.7812,0.7333333333333333,15,3.089381800144497,-2.011439466158236,3.7442443837449044,12,9,0.7465346534653465,0.15742311388241603,0,0.4031148148935801,-2.011439466158236,0.15479834669166612,0.6923076923076923,knn-core-v1,0280f8fe79ac0eeb633dfffa91889cd77bfd030c,10.54712,7.830532041058351,1,1787182092100
600,1787137156746,1787223556746,9.7861,0.5333333333333333,15,1.744718936346868,-2.4403292181070104,5.524276715535981,24,9,0.7345679012345679,0.3383328822716757,0,0.3399800708611203,-1.7612175282078166,0.136883939197503,0.8620689655172413,knn-core-v1,0280f8fe79ac0eeb633dfffa91889cd77bfd030c,10.698,9.31831883998734,1,1787223929332
601,1787137156950,1787180356950,9.7861,0.6,15,0.2955841205057564,-2.2764169412214064,3.089381800144497,12,9,0.7445544554455445,0.3383328822716757,0,0.5099384873484123,0.013644712673844376,0.136883939197503,0.5,knn-core-v1,0280f8fe79ac0eeb633dfffa91889cd77bfd030c,10.54712,7.776540194766049,1,1787182092350
602,1787137335899,1787180535899,9.7813,0.6,15,3.089381800144497,-2.2764169412214064,3.7442443837449044,12,21,0.09636963696369637,0.29831879642627407,0,0.6409500873641362,0.5186158985925131,0.09114842844029575,0.5,knn-core-v1,0280f8fe79ac0eeb633dfffa91889cd77bfd030c,10.54712,7.829429625918842,1,1787182092595
603,1787137336586,1787223736586,9.7813,0.5333333333333333,15,1.744718936346868,-2.4403292181070104,5.524276715535981,24,21,0.07887517146776406,0.29831879642627407,0,0.5181099799170062,0.7976517133558916,0.09114842844029575,0.8620689655172413,knn-core-v1,0280f8fe79ac0eeb633dfffa91889cd77bfd030c,10.698,9.37196487174507,1,1787223929589
604,1787137344158,1787180544158,9.77456,0.6,15,3.089381800144497,-2.2764169412214064,3.7442443837449044,12,21,0.09966996699669967,0.2981395037806241,0,0.6409124326286159,0.5186158985925131,0.07460271608815751,0.5,knn-core-v1,0280f8fe79ac0eeb633dfffa91889cd77bfd030c,10.54712,7.903782881275479,1,1787182092857
605,1787140812710,1787184012710,9.7611,0.4666666666666667,15,-1.3733462871673248,-2.011439466158236,0.6329586815673504,12,21,0.047462096242584045,0.16393476566992127,0,0.5409290532395415,0.3390527072844967,0.03733773933247573,0.7692307692307693,knn-core-v1,0280f8fe79ac0eeb633dfffa91889cd77bfd030c,10.544,8.020612430976014,1,1787185800141
606,1787140812909,1787227212909,9.7611,0.4,15,-1.0650930157245255,-2.4146492861576663,0.7976517133558916,24,21,0.03223593964334705,0.16393476566992127,0,0.5035443138235726,0.37571914993541977,0.03733773933247573,0.896551724137931,knn-core-v1,0280f8fe79ac0eeb633dfffa91889cd77bfd030c,10.668,9.290961059716613,1,1787227250698
607,1787151613737,1787238013737,9.7701,0.6,15,0.12533593646430763,-2.4146492861576663,0.7976517133558916,24,21,0.03904109589041096,0.6884201446839172,1,0.5493649685447343,0.12533593646430763,-0.002689450746979508,0.27586206896551724,knn-core-v1,0280f8fe79ac0eeb633dfffa91889cd77bfd030c,10.561,8.09510649839818,1,1787238051512
608,1787151613925,1787194813925,9.7701,1,15,2.3369189155186616,1.1848499603776943,2.356235057254313,12,21,0.05504587155963303,0.17043276704629548,0,1,2.35301519393502,-0.002689450746979508,0.9047619047619048,knn-core-v1,0280f8fe79ac0eeb633dfffa91889cd77bfd030c,10.496,7.429811363240921,1,1787205651073
609,1787152040137,1787238440137,9.8259,0.6,15,0.12533593646430763,-0.1740390704925318,0.377810876593891,24,21,0.12876712328767123,0.8456944889275574,1,0.621209630132972,0.2703452936987739,0.010922743558259953,0.27586206896551724,knn-core-v1,0280f8fe79ac0eeb633dfffa91889cd77bfd030c,10.561,7.4812485370296775,1,1787248850939
610,1787152040295,1787195240295,9.8259,0.8666666666666667,15,1.1848499603776943,0.07185657913965367,2.356235057254313,12,21,0.14613368283093053,0.34381608021680765,0,0.836680385839005,1.1848499603776943,0.010922743558259953,0.6923076923076923,knn-core-v1,0280f8fe79ac0eeb633dfffa91889cd77bfd030c,10.496,6.819731525865312,1,1787205651142
611,1787152082567,1787195282567,9.81623,0.8666666666666667,15,1.1848499603776943,0.07185657913965367,2.356235057254313,12,21,0.15137614678899083,0.343551392981459,0,0.8366384736903828,1.1848499603776943,0.014730525658731595,0.6923076923076923,knn-core-v1,0280f8fe79ac0eeb633dfffa91889cd77bfd030c,10.496,6.924959989731307,1,1787205651214
612,1787152082718,1787238482718,9.81623,0.6,15,0.12533593646430763,-0.1740390704925318,0.377810876593891,24,21,0.13287671232876713,0.8452082362566226,1,0.6212386363026544,0.2703452936987739,0.014730525658731595,0.27586206896551724,knn-core-v1,0280f8fe79ac0eeb633dfffa91889cd77bfd030c,10.561,7.587128663448197,1,1787248851013
613,1787152087972,1787238487972,9.8083,0.7333333333333333,15,0.2715554697306058,-0.08993237085711886,0.7976517133558916,24,21,0.13493150684931507,0.7376016237466982,1,0.6214251008522634,0.2703452936987739,0.024138128332086162,0.5862068965517241,knn-core-v1,0280f8fe79ac0eeb633dfffa91889cd77bfd030c,10.561,7.6741127412497665,1,1787248851083
614,1787152094287,1787195294287,9.8086,0.8666666666666667,15,1.1848499603776943,0.07185657913965367,2.356235057254313,12,21,0.15203145478374835,0.3612520570822419,0,0.8626735535978821,1.1848499603776943,0.040683847604146756,0.6923076923076923,knn-core-v1,0280f8fe79ac0eeb633dfffa91889cd77bfd030c,10.496,7.008135717635547,1,1787205651291
615,1787152094516,1787238494516,9.8086,0.6666666666666666,15,0.2703452936987739,-0.1740390704925318,0.377810876593891,24,21,0.13356164383561644,0.6867301173343354,1,0.657808693733028,0.2703452936987739,0.040683847604146756,0.6206896551724138,knn-core-v1,0280f8fe79ac0eeb633dfffa91889cd77bfd030c,10.561,7.6708194849417835,1,1787248851159
616,1787162413737,1787205613737,9.98,1,15,2.3369189155186616,1.1848499603776943,2.358381745349318,12,9,0.7188519243313763,0.6946080801922242,1,1,2.3369189155186616,0.09467570322096462,0.9047619047619048,knn-core-v1,0280f8fe79ac0eeb633dfffa91889cd77bfd030c,10.455,4.7595190380761485,1,1787205651356
617,1787162413979,1787248813979,9.98,0.7333333333333333,15,0.2715554697306058,-0.08993237085711886,4.064663478695326,24,9,0.7120908483633934,0.8392477917365048,1,0.5944438180636471,0.12533593646430763,0.09467570322096462,0.5862068965517241,knn-core-v1,0280f8fe79ac0eeb633dfffa91889cd77bfd030c,10.81374,8.354108216432854,1,1787248851232
618,1787169235720,1787212435720,10.126,1,15,2.3369189155186616,0.7917714962261495,2.358381745349318,12,9,0.7794404684450228,0.35103209208845665,0,1,2.3369189155186616,0.18254545368333897,0.9047619047619048,knn-core-v1,0280f8fe79ac0eeb633dfffa91889cd77bfd030c,10.653,5.204424254394638,1,1787216451703
619,1787169235934,1787255635934,10.126,0.7333333333333333,15,0.2715554697306058,-0.08993237085711886,3.5429771615873538,24,9,0.7738492328218812,0.7180737036000444,1,0.6674552866842742,0.12533593646430763,0.18254545368333897,0.5862068965517241,knn-core-v1,0280f8fe79ac0eeb633dfffa91889cd77bfd030c,10.634,5.0167884653367665,1,1787259651336
620,1787169254671,1787255654671,10.124,0.8,15,3.5494578587409378,0.12533593646430763,4.0844735276621185,24,9,0.7765176784523016,1.2588505110461572,1,0.7937740809207584,3.5494578587409378,0.2746231567035946,0.6206896551724138,knn-core-v1,0280f8fe79ac0eeb633dfffa91889cd77bfd030c,10.634,5.037534571315684,1,1787259651399
621,1787169255255,1787212455255,10.124,1,15,0.2955841205057564,0.27944506438175876,1.1848499603776943,12,9,0.782042940793754,0.5541800996593607,1,1,0.2955841205057564,0.2746231567035946,0.9047619047619048,knn-core-v1,0280f8fe79ac0eeb633dfffa91889cd77bfd030c,10.653,5.225207427894111,1,1787216451764
622,1787169258844,1787255658844,10.123,0.8,15,3.5494578587409378,0.12533593646430763,4.0844735276621185,24,9,0.7758505670446965,1.2044509817413016,1,0.7924647254125511,3.5494578587409378,0.3212087957802239,0.6206896551724138,knn-core-v1,0280f8fe79ac0eeb633dfffa91889cd77bfd030c,10.634,5.047910698409573,1,1787259651454
623,1787169276098,1787212476098,10.126,1,15,0.2955841205057564,0.27944506438175876,1.1848499603776943,12,9,0.7735849056603774,0.5676333104923318,1,1,1.1848499603776943,0.370728776017398,0.9047619047619048,knn-core-v1,0280f8fe79ac0eeb633dfffa91889cd77bfd030c,10.653,5.204424254394638,1,1787216451772
624,1787169276365,1787255676365,10.126,0.8,15,3.5494578587409378,0.12533593646430763,4.0844735276621185,24,9,0.7678452301534356,1.1501384291206995,1,0.7910327900803535,3.5494578587409378,0.370728776017398,0.6206896551724138,knn-core-v1,0280f8fe79ac0eeb633dfffa91889cd77bfd030c,10.634,5.0167884653367665,1,1787259651486
625,1787169300005,1787212500005,10.137,1,15,0.2955841205057564,0.27944506438175876,1.1848499603776943,12,9,0.7699805068226121,0.5555845051049684,1,1,1.1848499603776943,0.3409825915313918,0.9047619047619048,knn-core-v1,0280f8fe79ac0eeb633dfffa91889cd77bfd030c,10.653,5.090263391535958,1,1787216451832
626,1787169300275,1787255700275,10.137,0.8,15,3.5494578587409378,0.12533593646430763,4.0844735276621185,24,9,0.7638425617078052,1.1983856137443962,1,0.7922345280818512,3.5494578587409378,0.3409825915313918,0.6206896551724138,knn-core-v1,0280f8fe79ac0eeb633dfffa91889cd77bfd030c,10.634,4.902831212390253,1,1787259651564
627,1787169304536,1787212504536,10.137,1,15,0.2955841205057564,0.27944506438175876,1.1848499603776943,12,9,0.7699805068226121,0.5546565773169618,1,1,1.1848499603776943,0.2749905342946314,0.9047619047619048,knn-core-v1,0280f8fe79ac0eeb633dfffa91889cd77bfd030c,10.653,5.090263391535958,1,1787216451893
628,1787169304765,1787255704765,10.137,0.8,15,3.5494578587409378,0.12533593646430763,4.0844735276621185,24,9,0.7638425617078052,1.19534284135598,1,0.7921139312663259,3.5494578587409378,0.2749905342946314,0.6206896551724138,knn-core-v1,0280f8fe79ac0eeb633dfffa91889cd77bfd030c,10.634,4.902831212390253,1,1787259651652
629,1787169385028,1787255785028,10.113,0.8,15,3.5494578587409378,0.12533593646430763,4.0844735276621185,24,21,0.05537024683122081,1.1402763056126415,1,0.72786643722598,3.280196198651132,0.18137242530785916,0.6206896551724138,knn-core-v1,0280f8fe79ac0eeb633dfffa91889cd77bfd030c,10.634,5.151784831405131,1,1787259651729
630,1787169385286,1787212585286,10.113,1,15,0.2955841205057564,0.27944506438175876,1.1848499603776943,12,21,0.054404145077720206,0.5642356425352144,1,1,0.2955841205057564,0.18137242530785916,0.9047619047619048,knn-core-v1,0280f8fe79ac0eeb633dfffa91889cd77bfd030c,10.653,5.3396618214179865,1,1787216451960
631,1787169446500,1787255846500,10.104,0.7333333333333333,15,3.280196198651132,-0.08993237085711886,4.064663478695326,24,21,0.05670446964643095,0.995269933420287,1,0.7254054063502239,3.280196198651132,0.11276141274650875,0.5862068965517241,knn-core-v1,0280f8fe79ac0eeb633dfffa91889cd77bfd030c,10.634,5.245447347585126,1,1787259651805
632,1787169446692,1787212646692,10.104,1,15,2.3369189155186616,1.1848499603776943,2.358381745349318,12,21,0.05569948186528497,0.6344934816016274,1,1,1.6452414960588264,0.11276141274650875,0.9047619047619048,knn-core-v1,0280f8fe79ac0eeb633dfffa91889cd77bfd030c,10.653,5.433491686460821,1,1787216452028
633,1787169450500,1787255850500,10.104,0.7333333333333333,15,3.280196198651132,-0.08993237085711886,4.064663478695326,24,21,0.05670446964643095,0.9943201397922832,1,0.7253966685832846,3.280196198651132,0.07647946437682351,0.5862068965517241,knn-core-v1,0280f8fe79ac0eeb633dfffa91889cd77bfd030c,10.634,5.245447347585126,1,1787259651886
634,1787173212942,1787259612942,10.596,1,15,3.1637182103115404,3.1561234684755792,3.1767403698483117,24,9,0.9187045604758758,1.0853946471830556,1,1,3.1767403698483117,0.15422329140992214,0.5,knn-core-v1,0280f8fe79ac0eeb633dfffa91889cd77bfd030c,10.634,0.3586258965647438,1,1787259651956
635,1787173213678,1787216413678,10.596,1,15,0.2955841205057564,0.2829255979301338,2.3369189155186616,12,9,0.9204398447606728,0.5795943332157024,1,1,1.6452414960588264,0.15422329140992214,0.9047619047619048,knn-core-v1,0280f8fe79ac0eeb633dfffa91889cd77bfd030c,10.653,0.5379388448471157,1,1787216452105
636,1787182094292,1787225294292,10.54712,1,15,0.2829255979301338,0.2755429352684557,1.1848499603776943,12,9,0.9205426356589147,0.8833323010686142,1,1,1.1848499603776943,0.2553187737825156,0.9047619047619048,knn-core-v1,0280f8fe79ac0eeb633dfffa91889cd77bfd030c,10.692,1.3736451277694819,1,1787226443331
637,1787182094510,1787268494510,10.54712,1,15,3.160137692690368,3.1181665264928484,3.1767403698483117,24,9,0.9188118811881189,0.8833323010686142,1,1,3.1572083631315495,0.2553187737825156,0.5,knn-core-v1,0280f8fe79ac0eeb633dfffa91889cd77bfd030c,10.657,1.0418009845341707,1,1787270450703
638,1787182242158,1787225442158,10.565,0.9333333333333333,15,2.3369189155186616,0.2955841205057564,2.358381745349318,12,9,0.9205426356589147,0.8698082596365528,1,0.9071561054788383,1.6452414960588264,0.395375340799963,0.9047619047619048,knn-core-v1,0280f8fe79ac0eeb633dfffa91889cd77bfd030c,10.743,1.6848083293895015,1,1787226443595
639,1787182243152,1787268643152,10.565,0.8,15,3.1767403698483117,3.1572083631315495,3.1767403698483117,24,9,0.9188118811881189,0.8698082596365528,1,0.8990314213992209,3.1767403698483117,0.395375340799963,0.6206896551724138,knn-core-v1,0280f8fe79ac0eeb633dfffa91889cd77bfd030c,10.657,0.8707998106956983,1,1787270450765
640,1787184012667,1787227212667,10.544,0.9333333333333333,15,2.3369189155186616,1.1848499603776943,2.358381745349318,12,9,0.9211886304909561,0.8790495326734432,1,0.9060926170283776,1.6452414960588264,0.5298877029262192,0.9047619047619048,knn-core-v1,0280f8fe79ac0eeb633dfffa91889cd77bfd030c,10.668,1.176024279210914,1,1787227250766
641,1787184012917,1787270412917,10.544,0.8,15,3.1767403698483117,3.1572083631315495,3.1767403698483117,24,9,0.9194719471947195,0.8790495326734432,1,0.6980854141372648,3.1767403698483117,0.5298877029262192,0.6206896551724138,knn-core-v1,0280f8fe79ac0eeb633dfffa91889cd77bfd030c,10.707,1.5459028831562998,1,1787270450830
643,1787185801955,1787272201955,10.58,0.6666666666666666,15,3.5494578587409378,-0.1740390704925318,4.0844735276621185,24,9,0.9188118811881189,0.5276769331109913,1,1,4.0844735276621185,0.43596208161457883,0.6206896551724138,knn-core-v1,0280f8fe79ac0eeb633dfffa91889cd77bfd030c,10.707,1.2003780718336547,1,1787281250729
642,1787185802026,1787229002026,10.58,0.8666666666666667,15,1.7724169105226957,1.1848499603776943,1.7942128307633765,12,9,0.9205426356589147,0.5276769331109913,1,1,1.7724169105226957,0.43596208161457883,0.6923076923076923,knn-core-v1,0280f8fe79ac0eeb633dfffa91889cd77bfd030c,10.589,0.0850661625708917,1,1787230491998
644,1787185840394,1787272240394,10.598,0.6,15,3.5494578587409378,-0.1740390704925318,4.0844735276621185,24,9,0.9188118811881189,0.5699703387664623,1,1,4.0844735276621185,0.3729896508359196,0.27586206896551724,knn-core-v1,0280f8fe79ac0eeb633dfffa91889cd77bfd030c,10.707,1.028495942630685,1,1787281250800
645,1787185840736,1787229040736,10.598,0.8666666666666667,15,1.7724169105226957,0.12179827311754803,1.7942128307633765,12,9,0.9205426356589147,0.5699703387664623,1,1,1.7724169105226957,0.3729896508359196,0.6923076923076923,knn-core-v1,0280f8fe79ac0eeb633dfffa91889cd77bfd030c,10.589,-0.08492168333648178,0,1787230492347
646,1787185844494,1787272244494,10.597,0.6,15,3.5494578587409378,-0.1740390704925318,4.0844735276621185,24,9,0.9188118811881189,0.5696082852285298,1,1,4.0844735276621185,0.33777217669561327,0.27586206896551724,knn-core-v1,0280f8fe79ac0eeb633dfffa91889cd77bfd030c,10.707,1.0380296310276607,1,1787281250888
647,1787185863609,1787272263609,10.597,0.6,15,3.5494578587409378,-0.1740390704925318,4.0844735276621185,24,21,0.18151815181518152,0.6725879219760793,1,0.7364166529092144,0.377810876593891,0.27280726295699376,0.27586206896551724,knn-core-v1,0280f8fe79ac0eeb633dfffa91889cd77bfd030c,10.707,1.0380296310276607,1,1787281250900
648,1787185863855,1787229063855,10.597,0.9333333333333333,15,1.7724169105226957,0.12179827311754803,1.7942128307633765,12,21,0.18087855297157623,0.6725879219760793,1,0.7586696029509763,1.1848499603776943,0.27280726295699376,0.9047619047619048,knn-core-v1,0280f8fe79ac0eeb633dfffa91889cd77bfd030c,10.589,-0.07549306407472982,0,1787230492590
649,1787185881282,1787229081282,10.589,0.8666666666666667,15,1.7724169105226957,0.12179827311754803,1.7942128307633765,12,21,0.0962532299741602,0.6329527639376418,1,0.7606646473753509,1.1848499603776943,0.19989490327177795,0.6923076923076923,knn-core-v1,0280f8fe79ac0eeb633dfffa91889cd77bfd030c,10.589,0,0,1787230492926
650,1787185881503,1787272281503,10.589,0.6,15,3.5494578587409378,-0.1740390704925318,4.0844735276621185,24,21,0.09636963696369637,0.6329527639376418,1,0.7405011750623746,0.377810876593891,0.19989490327177795,0.27586206896551724,knn-core-v1,0280f8fe79ac0eeb633dfffa91889cd77bfd030c,10.707,1.114363962602704,1,1787281250981
651,1787185887473,1787272287473,10.587,0.6,15,3.5494578587409378,-0.1740390704925318,4.0844735276621185,24,21,0.08712871287128712,0.671230688443087,1,0.7363273490901504,0.377810876593891,0.15818184388187082,0.27586206896551724,knn-core-v1,0280f8fe79ac0eeb633dfffa91889cd77bfd030c,10.707,1.1334655709832908,1,1787281251055
652,1787188290590,1787231490590,10.472,1,15,2.3369189155186616,1.1848499603776943,2.358381745349318,12,15,0.4232258064516129,0.5339152417883215,1,1,2.3369189155186616,0.031450675738886304,0.9047619047619048,knn-core-v1,0280f8fe79ac0eeb633dfffa91889cd77bfd030c,10.589,1.1172650878533317,1,1787238051575
653,1787188290832,1787274690832,10.472,0.8,15,3.5494578587409378,0.12533593646430763,4.0844735276621185,24,15,0.41254125412541254,0.5339152417883215,1,0.8248100407252583,3.5494578587409378,0.031450675738886304,0.6206896551724138,knn-core-v1,0280f8fe79ac0eeb633dfffa91889cd77bfd030c,10.707,2.2440794499618146,1,1787281251134
654,1787188325617,1787231525617,10.489,0.6,15,0.07185657913965367,-1.0596697885488033,1.1848499603776943,12,15,0.3870967741935484,0.1489816257238223,0,0.7271456772035241,0.7917714962261495,-0.10210439344617317,0.5,knn-core-v1,0280f8fe79ac0eeb633dfffa91889cd77bfd030c,10.589,0.9533797311469123,1,1787238051638
655,1787194812869,1787238012869,10.496,0.8666666666666667,15,0.39199931826204987,0.25408480840302533,1.1785172534501642,12,21,0.038338658146964855,0.26817261813520177,0,0.9111115256052844,0.9977368408244586,-0.05934788610636946,0.6923076923076923,,,10.561,0.6192835365853611,1,1787238051710
656,1787194812882,1787281212882,10.496,1,15,2.4321001180867574,2.3507653371620365,3.5429771615873538,24,21,0.03955174686882004,0.26817261813520177,0,1,2.7897598826907686,-0.05934788610636946,0.5,,,10.887,3.7252286585365857,1,1787281251210
657,1787205651583,1787248851583,10.455,1,15,1.288109675158489,1.2531647585229557,1.288109675158489,12,21,0.08132147395171538,0.42303961540438545,1,1,1.2870340872889452,-0.04953366748543443,0.9047619047619048,knn-core-v1,286bd281dbb46111a9d164712b596f0fd22ccfac,10.81374,3.431276901004296,1,1787259652032
658,1787205651695,1787292051695,10.455,1,15,3.6551306693285555,3.6193691183261545,3.6551306693285555,24,21,0.07929226736566186,0.42303961540438545,1,1,3.654029945842635,-0.04953366748543443,0.5,knn-core-v1,286bd281dbb46111a9d164712b596f0fd22ccfac,10.943,4.667623146819699,1,1787302850665
659,1787208079886,1787294479886,10.545,1,15,3.6551306693285555,3.5429771615873538,3.6551306693285555,24,21,0.32765399737876805,0.4932664021589982,1,1,3.6551306693285555,-0.012990016050496036,0.5,knn-core-v1,286bd281dbb46111a9d164712b596f0fd22ccfac,10.943,3.7743006164058768,1,1787302850719
660,1787208080612,1787251280612,10.545,0.8666666666666667,15,1.2870340872889452,1.1774439918533675,1.288109675158489,12,15,0.33989834815756037,0.4932664021589982,1,0.8553610765390253,1.2870340872889452,-0.012990016050496036,0.6923076923076923,knn-core-v1,286bd281dbb46111a9d164712b596f0fd22ccfac,10.81374,2.5485064011379737,1,1787259652112
661,1787216452323,1787302852323,10.653,0.4666666666666667,15,-0.022884673291188207,-0.18998605165697272,1.3381563993205416,24,15,0.5440313111545988,0.16411586141641996,0,0.4605721977234416,-0.022884673291188207,0.05439954323415988,0.875,knn-core-v1,286bd281dbb46111a9d164712b596f0fd22ccfac,11.69,9.734347132263203,1,1787309137134
662,1787216452470,1787259652470,10.653,0.3333333333333333,15,-0.39559851011515734,-1.0620767630113457,0.683495522134833,12,15,0.5469543147208121,0.16411586141641996,0,0.33387925015169173,-0.39559851011515734,0.05439954323415988,0.7241379310344828,knn-core-v1,286bd281dbb46111a9d164712b596f0fd22ccfac,10.634,-0.1783535154416608,0,1787267798400
664,1787216904247,1787260104247,10.662,0.5333333333333333,15,0.030079168371146887,-1.3838609155584478,0.4409597216517288,12,15,0.5450507614213198,0.21149529053681673,0,0.5046399345526289,0.030079168371146887,0.10923434126736577,0.7586206896551724,knn-core-v1,286bd281dbb46111a9d164712b596f0fd22ccfac,10.634,-0.2626148940161364,0,1787267798662
663,1787216904301,1787303304301,10.662,0.06666666666666667,15,-0.5489058154999489,-0.8106905303167107,-0.40005087629621544,24,15,0.5420743639921722,0.21149529053681673,0,0.0557498442010245,-0.5489058154999489,0.10923434126736577,0.65625,knn-core-v1,286bd281dbb46111a9d164712b596f0fd22ccfac,11.69,9.64171825173512,1,1787309137396
665,1787220107807,1787306507807,10.585,0.6,15,0.16093706513717138,-0.1743094663448481,0.24306781786961668,24,9,0.6675341574495771,0.9242606146422979,1,0.7417391298432648,0.16093706513717138,0.15104039499743077,0.34375,knn-core-v1,286bd281dbb46111a9d164712b596f0fd22ccfac,11.442,8.096362777515345,1,1787309137658
666,1787220108083,1787263308083,10.585,0.4666666666666667,15,-0.03675438060933526,-0.4237855742416382,0.7683744372675538,12,9,0.666243654822335,0.9242606146422979,1,0.27965734194122505,-0.4237855742416382,0.15104039499743077,0.6206896551724138,knn-core-v1,286bd281dbb46111a9d164712b596f0fd22ccfac,10.634,0.46291922531884255,1,1787267798904
668,1787220240150,1787263440150,10.593,0.7333333333333333,15,0.7683744372675538,-0.4237855742416382,1.007786890240198,12,9,0.6656091370558376,0.9148336838294475,1,0.618681311358194,0.7683744372675538,0.15305292826364103,0.7241379310344828,knn-core-v1,286bd281dbb46111a9d164712b596f0fd22ccfac,10.634,0.38704805059945596,1,1787267799165
667,1787220240316,1787306640316,10.593,0.8666666666666667,15,0.3690226214165081,0.17860638089645384,3.7671983440886416,24,9,0.6668835393623943,0.9148336838294475,1,0.8823629104605943,0.24306781786961668,0.15305292826364103,0.59375,knn-core-v1,286bd281dbb46111a9d164712b596f0fd22ccfac,11.442,8.014726706315493,1,1787309138051
669,1787220251202,1787263451202,10.603,0.7333333333333333,15,0.3912660268115844,-0.4237855742416382,0.9229270668452574,12,15,0.6351522842639594,0.9096202852612724,1,0.6885298689453002,0.3912660268115844,0.10863091209355871,0.7241379310344828,knn-core-v1,286bd281dbb46111a9d164712b596f0fd22ccfac,10.634,0.2923700839385135,1,1787267799407
670,1787220251407,1787306651407,10.603,0.8666666666666667,15,0.3690226214165081,0.17860638089645384,2.5387646549305223,24,15,0.6356538711776187,0.9096202852612724,1,0.8612977212182386,0.24306781786961668,0.10863091209355871,0.59375,knn-core-v1,286bd281dbb46111a9d164712b596f0fd22ccfac,11.442,7.912854852400268,1,1787309138364
671,1787223931299,1787267131299,10.698,0.7333333333333333,15,0.296952662252096,-0.4237855742416382,0.9229270668452574,12,15,0.6409290646578782,0.9087057469149646,1,0.6815405723627328,0.296952662252096,0.08761855865106147,0.7241379310344828,knn-core-v1,286bd281dbb46111a9d164712b596f0fd22ccfac,10.635,-0.5888951205832923,0,1787267799667
672,1787223931491,1787310331491,10.698,0.8666666666666667,15,0.3690226214165081,0.17860638089645384,2.5387646549305223,24,15,0.6468305304010349,0.9087057469149646,1,0.8571083039615636,0.24306781786961668,0.08761855865106147,0.59375,knn-core-v1,286bd281dbb46111a9d164712b596f0fd22ccfac,11.446,6.991961114226952,1,1787313650718
673,1787224070882,1787267270882,10.692,0.7333333333333333,15,2.3369189155186616,-0.4237855742416382,5.204424254394638,12,15,0.43753923414940366,1.1302467504225273,1,0.7040027105780993,2.3369189155186616,0.10119082404663922,0.7241379310344828,knn-core-v1,286bd281dbb46111a9d164712b596f0fd22ccfac,10.635,-0.5331088664422033,0,1787267799920
674,1787224071517,1787310471517,10.692,0.5333333333333333,15,0.149475029232006,-1.2053120338738506,0.26008913853104704,24,15,0.4385510996119017,1.1302467504225273,1,0.5227247227710694,0.149475029232006,0.10119082404663922,0.875,knn-core-v1,286bd281dbb46111a9d164712b596f0fd22ccfac,11.446,7.0520014964459365,1,1787313650781
675,1787224079778,1787310479778,10.68899,0.5333333333333333,15,0.149475029232006,-1.2053120338738506,0.26008913853104704,24,15,0.43919793014230274,1.0993427821281727,1,0.5220869412858499,0.149475029232006,0.10558885824977962,0.875,knn-core-v1,286bd281dbb46111a9d164712b596f0fd22ccfac,11.446,7.082147143930337,1,1787313650796
676,1787224130015,1787310530015,10.69405,0.4666666666666667,15,-0.1740390704925318,-1.2053120338738506,0.26008913853104704,24,15,0.43790426908150065,1.069785577181369,1,0.46052400674498767,-0.1740390704925318,0.11509988675586634,0.875,knn-core-v1,286bd281dbb46111a9d164712b596f0fd22ccfac,11.446,7.031480122123974,1,1787313650891
677,1787224130042,1787267330042,10.69405,0.5333333333333333,15,0.07185657913965367,-0.4237855742416382,4.7595190380761485,12,15,0.4369114877589454,1.069785577181369,1,0.510100770960234,0.07185657913965367,0.11509988675586634,0.7586206896551724,knn-core-v1,286bd281dbb46111a9d164712b596f0fd22ccfac,10.635,-0.5521762101355514,0,1787267800164
678,1787224149757,1787310549757,10.689,0.4666666666666667,15,-0.1740390704925318,-1.2053120338738506,0.26008913853104704,24,21,0.30595084087968955,1.0669886578346237,1,0.5141168795957421,0.03189205765101833,0.09106876346681182,0.875,knn-core-v1,286bd281dbb46111a9d164712b596f0fd22ccfac,11.446,7.082046964168769,1,1787313650975
679,1787224150465,1787267350465,10.689,0.5333333333333333,15,0.07185657913965367,-0.4237855742416382,4.7595190380761485,12,21,0.3088512241054614,1.0669886578346237,1,0.5069822027014937,0.07185657913965367,0.09106876346681182,0.7586206896551724,knn-core-v1,286bd281dbb46111a9d164712b596f0fd22ccfac,10.635,-0.5051922537187788,0,1787267800411
680,1787224154675,1787310554675,10.692,0.4666666666666667,15,-0.1740390704925318,-1.2053120338738506,0.26008913853104704,24,21,0.3072445019404916,1.0656072844903515,1,0.5140957216201897,0.03189205765101833,0.07645583607095897,0.875,knn-core-v1,286bd281dbb46111a9d164712b596f0fd22ccfac,11.446,7.0520014964459365,1,1787313651053
681,1787226444882,1787312844882,10.743,0.5333333333333333,15,0.149475029232006,-1.2053120338738506,0.26008913853104704,24,15,0.3473479948253558,1.1524278286808864,1,0.5238311934496546,0.149475029232006,0.07454909217412843,0.875,knn-core-v1,286bd281dbb46111a9d164712b596f0fd22ccfac,11.275,4.952061807688728,1,1787313651131
682,1787226445238,1787269645238,10.743,0.4666666666666667,15,-0.03675438060933526,-0.4237855742416382,2.3369189155186616,12,15,0.34858934169279,1.1524278286808864,1,0.44330668987732796,-0.03675438060933526,0.07454909217412843,0.6206896551724138,knn-core-v1,286bd281dbb46111a9d164712b596f0fd22ccfac,10.707,-0.3351019268360754,0,1787270450909
683,1787227251007,1787270451007,10.668,0.4666666666666667,15,-0.03675438060933526,-0.4237855742416382,0.19871205151793372,12,21,0.29905956112852666,1.0638616769542282,1,0.5654766823377558,0.04712045088763803,0.06164055244315253,0.6206896551724138,knn-core-v1,286bd281dbb46111a9d164712b596f0fd22ccfac,10.707,0.3655793025871905,1,1787281251280
684,1787227251167,1787313651167,10.668,0.6666666666666666,15,0.16093706513717138,-0.1743094663448481,0.26008913853104704,24,21,0.296248382923674,1.0638616769542282,1,0.4808125833881419,-0.08303112446121517,0.06164055244315253,0.65625,knn-core-v1,286bd281dbb46111a9d164712b596f0fd22ccfac,11.275,5.6899137607799135,1,1787324450763
685,1787230494086,1787316894086,10.589,0.7333333333333333,15,0.24306781786961668,-0.08303112446121517,0.3690226214165081,24,15,0.4036222509702458,0.7855846977723798,1,0.6948314003839712,0.24306781786961668,0.019743721519332128,0.625,knn-core-v1,286bd281dbb46111a9d164712b596f0fd22ccfac,11.275,6.478421002927566,1,1787324450878
686,1787230494123,1787273694123,10.589,0.6,15,0.296952662252096,-0.4237855742416382,0.7950049007151587,12,15,0.4031347962382445,0.7855846977723798,1,0.5156576964597611,0.15531748361217837,0.019743721519332128,0.5862068965517241,knn-core-v1,286bd281dbb46111a9d164712b596f0fd22ccfac,10.707,1.114363962602704,1,1787281251349
687,1787238052722,1787324452722,10.561,0.6,15,0.16093706513717138,-0.1743094663448481,0.24306781786961668,24,15,0.41214470284237725,0.7633763634133175,1,0.5997132004224904,0.16093706513717138,-0.035992266005045695,0.34375,knn-core-v1,286bd281dbb46111a9d164712b596f0fd22ccfac,11.529,9.165798693305558,1,1787328652167
688,1787238052722,1787281252722,10.561,0.4666666666666667,15,-0.03675438060933526,-0.4237855742416382,0.7683744372675538,12,15,0.41092489137181876,0.7633763634133175,1,0.41015946414551274,-0.03675438060933526,-0.035992266005045695,0.6206896551724138,knn-core-v1,286bd281dbb46111a9d164712b596f0fd22ccfac,10.887,3.0868288987785295,1,1787281311969
689,1787248851414,1787335251414,10.81374,0.6,15,0.24306781786961668,-0.1740390704925318,3.5429771615873538,24,9,0.865814696485623,0.7168214076890631,1,0.5241908976655395,0.24306781786961668,-0.04128195894080397,0.34375,knn-core-v1,286bd281dbb46111a9d164712b596f0fd22ccfac,11.63,7.548359771919813,1,1787346050712
690,1787248851535,1787292051535,10.81374,0.8,15,1.0497184845882357,0.07185657913965367,2.3369189155186616,12,9,0.8627692307692307,0.7168214076890631,1,0.7523507827284045,2.3369189155186616,-0.04128195894080397,0.7241379310344828,knn-core-v1,286bd281dbb46111a9d164712b596f0fd22ccfac,10.943,1.195331125031676,1,1787302850773
691,1787259652351,1787346052351,10.634,0.6,15,0.4871557509835844,-1.168802754459316,0.7880615083753397,24,9,0.8875476493011436,0,0,0.8888888888888888,0.7880615083753397,-0.054264821085115295,0.34375,knn-core-v1,286bd281dbb46111a9d164712b596f0fd22ccfac,11.882,11.735941320293392,1,1787356850712
692,1787259652507,1787302852507,10.634,0.6,15,0.6098125433927303,-0.9991730981256861,0.9391635864890622,12,9,0.883220651505839,0,0,0.8888888888888888,0.7399449567862612,-0.054264821085115295,0.5862068965517241,knn-core-v1,286bd281dbb46111a9d164712b596f0fd22ccfac,11.69,9.930411886402098,1,1787309138646
693,1787267801738,1787354201738,10.635,0.6666666666666666,15,1.37512266928361,-0.006114786777392546,3.434682954380487,24,9,0.8876903553299492,0.8706719152572194,1,0.4616665381361152,-0.006114786777392546,-0.02203531691936174,0.65625,knn-core-v1,286bd281dbb46111a9d164712b596f0fd22ccfac,11.986,12.703338034790793,1,1787356850775
694,1787267801951,1787311001951,10.635,0.8,15,0.6696914478592122,0.31380880862547467,1.3396621930944774,12,9,0.8833640270104358,0.8706719152572194,1,0.6522595895386331,0.6660942100098302,-0.02203531691936174,0.7241379310344828,knn-core-v1,286bd281dbb46111a9d164712b596f0fd22ccfac,11.446,7.625763986835919,1,1787313651221
695,1787267817075,1787354217075,10.635,0.4666666666666667,15,-0.006114786777392546,-0.08303112446121517,0.3690226214165081,24,9,0.8870558375634517,0.5516416107041138,1,0.3914415739532616,-0.006114786777392546,0.02254798527852576,0.875,knn-core-v1,286bd281dbb46111a9d164712b596f0fd22ccfac,11.986,12.703338034790793,1,1787356850840
696,1787267817304,1787311017304,10.635,0.6,15,0.296952662252096,-1.01053899427883,0.6696914478592122,12,9,0.8827501534683855,0.5516416107041138,1,0.42582217896948804,-0.4237855742416382,0.02254798527852576,0.5862068965517241,knn-core-v1,286bd281dbb46111a9d164712b596f0fd22ccfac,11.446,7.625763986835919,1,1787313651288
697,1787267825727,1787354225727,10.63407,0.4666666666666667,15,-0.006114786777392546,-0.08303112446121517,0.3690226214165081,24,9,0.8838832487309645,0.550530780868097,1,0.39146597286262347,-0.006114786777392546,-0.05098380218425434,0.875,knn-core-v1,286bd281dbb46111a9d164712b596f0fd22ccfac,11.986,12.71319447774936,1,1787356850902
698,1787267826400,1787311026400,10.63407,0.6,15,0.296952662252096,-1.01053899427883,0.6696914478592122,12,9,0.8796807857581338,0.550530780868097,1,0.4259460350224674,-0.4237855742416382,-0.05098380218425434,0.5862068965517241,knn-core-v1,286bd281dbb46111a9d164712b596f0fd22ccfac,11.446,7.635176371793681,1,1787313651351
699,1787267932284,1787354332284,10.654,0.6,15,0.24306781786961668,-0.18998605165697272,2.5387646549305223,24,21,0.053934010152284266,0.587135518486501,1,0.5928285566600978,0.24306781786961668,-0.009774718441679316,0.34375,knn-core-v1,286bd281dbb46111a9d164712b596f0fd22ccfac,11.986,12.502346536512116,1,1787356850952
700,1787267932508,1787311132508,10.654,0.8,15,0.3912660268115844,0.296952662252096,0.9229270668452574,12,21,0.05279312461632903,0.587135518486501,1,0.714911823815273,0.3912660268115844,-0.009774718441679316,0.7241379310344828,knn-core-v1,286bd281dbb46111a9d164712b596f0fd22ccfac,11.446,7.433827670358549,1,1787313651421
701,1787267940085,1787354340085,10.657,0.5333333333333333,15,0.24306781786961668,-0.08303112446121517,2.431351925165211,24,21,0.053934010152284266,0.5628589017754032,1,0.5069286264886491,0.17860638089645384,-0.01021898567589781,0.875,knn-core-v1,286bd281dbb46111a9d164712b596f0fd22ccfac,11.986,12.47067655062401,1,1787356851042
702,1787270451076,1787356851076,10.707,0.5333333333333333,15,0.24306781786961668,-0.08303112446121517,2.431351925165211,24,21,0.10215736040609137,0.5441503427536024,1,0.4630625043973294,-0.006114786777392546,-0.0020541739125629725,0.875,knn-core-v1,286bd281dbb46111a9d164712b596f0fd22ccfac,11.986,11.945456243578965,1,1787360824872
703,1787270452646,1787313652646,10.707,0.6666666666666666,15,0.31380880862547467,-0.2626148940161364,0.6696914478592122,12,21,0.10471524800979792,0.5441503427536024,1,0.48101472576079,-0.2626148940161364,-0.0020541739125629725,0.5172413793103449,knn-core-v1,286bd281dbb46111a9d164712b596f0fd22ccfac,11.275,5.304940693004573,1,1787324450957
704,1787281251567,1787324451567,10.887,0.6,15,0.683495522134833,-1.0620767630113457,1.8208703515868352,12,9,0.6878402903811253,0.15939749685867166,0,0.6027189183713056,0.7043369118847533,0.10344363982775226,0.5862068965517241,knn-core-v1,286bd281dbb46111a9d164712b596f0fd22ccfac,11.529,5.896941306144939,1,1787328652767
705,1787281251685,1787367651685,10.887,0.6666666666666666,15,0.6085168011488884,-0.40076793856491866,1.5049413255669417,24,9,0.684012539184953,0.15939749685867166,0,0.8384269790476475,1.5049413255669417,0.10344363982775226,0.65625,knn-core-v1,286bd281dbb46111a9d164712b596f0fd22ccfac,12.222,12.262331220721952,1,1787378450573
706,1787281313139,1787367713139,10.913,0.3333333333333333,15,-0.40005087629621544,-0.6258003720975194,1.5049413255669417,24,9,0.6777429467084639,0.26735190907316175,0,0.4654177729285662,-0.6258003720975194,0.1792585373516363,0.8125,knn-core-v1,286bd281dbb46111a9d164712b596f0fd22ccfac,12.222,11.994868505452207,1,1787378450684
707,1787281313564,1787324513564,10.913,0.7333333333333333,15,0.4409597216517288,-0.2457190843039114,0.7043369118847533,12,9,0.6817906836055656,0.26735190907316175,0,0.8841228093565364,0.4409597216517288,0.1792585373516363,0.7241379310344828,knn-core-v1,286bd281dbb46111a9d164712b596f0fd22ccfac,11.529,5.6446440025657445,1,1787328653044
708,1787281327298,1787367727298,10.921,1,15,5.897964846247563,5.75252689532207,5.922243405651955,24,9,0.6739811912225705,0.19427335836968485,0,1,5.897964846247563,0.25180609848529384,0.6666666666666666,knn-core-v1,286bd281dbb46111a9d164712b596f0fd22ccfac,12.222,11.912828495559017,1,1787378450739
709,1787281327550,1787324527550,10.921,0.8666666666666667,15,4.797751317964105,4.653824376257406,4.821777638342539,12,9,0.6781609195402298,0.19427335836968485,0,1,4.797751317964105,0.25180609848529384,0.7241379310344828,knn-core-v1,286bd281dbb46111a9d164712b596f0fd22ccfac,11.529,5.5672557458108285,1,1787328653971
710,1787281335206,1787367735206,10.928,0.8,15,4.086950314106232,0.12533593646430763,5.897964846247563,24,9,0.6727272727272727,0.3058052410748109,0,0.9062028792274937,5.897964846247563,0.27694955191529413,0.59375,knn-core-v1,286bd281dbb46111a9d164712b596f0fd22ccfac,12.222,11.841142020497792,1,1787378450799
711,1787281340690,1787324540690,10.921,1,15,1.7942128307633765,1.7724169105226957,4.797751317964105,12,9,0.6799758015728977,0.43548138590531427,1,1,1.7942128307633765,0.3010293117151805,0.9565217391304348,knn-core-v1,286bd281dbb46111a9d164712b596f0fd22ccfac,11.529,5.5672557458108285,1,1787328654228
712,1787281344001,1787367744001,10.921,0.9333333333333333,15,4.086950314106232,4.064663478695326,5.897964846247563,24,9,0.6815047021943573,0.41449533844504316,1,1,5.75252689532207,0.2831555390443305,0.6666666666666666,knn-core-v1,286bd281dbb46111a9d164712b596f0fd22ccfac,12.222,11.912828495559017,1,1787378450816
713,1787292050992,1787378450992,10.943,0.6,15,0.24306781786961668,-0.1740390704925318,2.1757801316919703,24,9,0.6752926678989526,0.6409624224090158,1,0.3391229435138622,-0.08303112446121517,0.2476869316602432,0.34375,knn-core-v1,286bd281dbb46111a9d164712b596f0fd22ccfac,11.85605,8.343690030156266,1,1787389250599
714,1787292050992,1787335250992,10.943,0.6,15,0.2923700839385135,-0.4237855742416382,1.114363962602704,12,9,0.6813518406759204,0.40894631495406064,1,0.7162922103786042,1.114363962602704,0.2476869316602432,0.5862068965517241,knn-core-v1,286bd281dbb46111a9d164712b596f0fd22ccfac,11.63,6.2779859270766805,1,1787346050773
715,1787302851028,1787346051028,11.69,1,15,5.090263391535958,1.6848083293895015,5.225207427894111,12,9,0.9427365883062085,0.6272758993504423,1,1,1.6848083293895015,0.4155574206916477,0.9655172413793104,knn-core-v1,286bd281dbb46111a9d164712b596f0fd22ccfac,11.882,1.6424294268605661,1,1787356851120
716,1787302851065,1787389251065,11.69,1,15,4.902831212390253,1.0418009845341707,5.037534571315684,24,9,0.9415384615384615,0.6272758993504423,1,1,1.0418009845341707,0.4155574206916477,0.7,knn-core-v1,286bd281dbb46111a9d164712b596f0fd22ccfac,11.577,-0.966638152266891,0,1787396149113
717,1787309140688,1787352340688,11.442,1,15,5.131747754860371,5.090263391535958,5.225207427894111,12,9,0.944544906570223,0.5017713694084455,1,1,5.090263391535958,0.5082148670645671,0.9655172413793104,knn-core-v1,286bd281dbb46111a9d164712b596f0fd22ccfac,11.986,4.754413564062231,1,1787356851200
718,1787309140947,1787395540947,11.442,1,15,5.0167884653367665,4.902831212390253,5.047910698409573,24,9,0.9433846153846154,0.48667482125464656,1,1,4.902831212390253,0.5082148670645671,0.7,knn-core-v1,286bd281dbb46111a9d164712b596f0fd22ccfac,11.525,0.7253976577521428,1,1787396149370
719,1787309213458,1787352413458,11.442,1,15,2.3369189155186616,0.9726327834461744,5.204424254394638,12,9,0.944544906570223,0.2332131270661671,0,1,4.7595190380761485,0.6028042419278383,0.9655172413793104,knn-core-v1,286bd281dbb46111a9d164712b596f0fd22ccfac,11.986,4.754413564062231,1,1787356851272
720,1787309225138,1787395625138,11.446,1,15,2.2440794499618146,1.0380296310276607,5.245447347585126,24,9,0.9433846153846154,0.18732419655980134,0,1,5.245447347585126,0.5689947329332511,0.7,knn-core-v1,286bd281dbb46111a9d164712b596f0fd22ccfac,11.525,0.6901974488904475,1,1787396149613
721,1787309225312,1787352425312,11.446,0.8666666666666667,15,1.1172650878533317,0.5379388448471157,5.204424254394638,12,9,0.944544906570223,0.18732419655980134,0,1,4.7595190380761485,0.5689947329332511,0.75,knn-core-v1,286bd281dbb46111a9d164712b596f0fd22ccfac,11.986,4.717805346846068,1,1787356851346
722,1787313651629,1787356851629,11.275,0.3333333333333333,15,-0.07549306407472982,-0.5303952650168218,0.0850661625708917,12,9,0.954846478025286,0.9992683433075932,1,0.11334187236289342,-0.07549306407472982,0.35551687198714593,0.625,knn-core-v1,286bd281dbb46111a9d164712b596f0fd22ccfac,11.986,6.3059866962306,1,1787360825186
723,1787313651783,1787400051783,11.275,0.9333333333333333,15,1.0380296310276607,1.028495942630685,1.2003780718336547,24,9,0.9539594843462247,0.9992683433075932,1,1,1.0380296310276607,0.35551687198714593,0.7,knn-core-v1,286bd281dbb46111a9d164712b596f0fd22ccfac,11.689,3.6718403547671814,1,1787410850821
725,1787324451339,1787367651339,11.529,0.13333333333333333,15,-0.08492168333648178,-0.5331088664422033,0,12,9,0.9612634088200238,0.716286252487224,1,0.21960686669845336,-0.07549306407472982,0.2860887949259996,0.53125,knn-core-v1,286bd281dbb46111a9d164712b596f0fd22ccfac,12.222,6.010928961748631,1,1787378450905
724,1787324451368,1787410851368,11.529,0.9333333333333333,15,1.1334655709832908,1.0380296310276607,2.0978354152760623,24,9,0.9603416717510678,0.716286252487224,1,0.8834013558644148,1.0380296310276607,0.2860887949259996,0.7,knn-core-v1,286bd281dbb46111a9d164712b596f0fd22ccfac,11.657,1.1102437331945538,1,1787421650659
726,1787328655672,1787415055672,11.556,0.8666666666666667,15,7.031480122123974,0.149475029232006,7.0520014964459365,24,9,0.8993329290479078,0.8530566874809713,1,1,7.0520014964459365,0.2273969837411299,0.7222222222222222,knn-core-v1,286bd281dbb46111a9d164712b596f0fd22ccfac,11.657,0.8740048459674703,1,1787421650750
727,1787328657151,1787371857151,11.556,0.06666666666666667,15,-0.5303952650168218,-0.5331088664422033,-0.3351019268360754,12,9,0.901072705601907,0.8463091361196797,1,0.11380697311653895,-0.5331088664422033,0.2273969837411299,0.53125,knn-core-v1,286bd281dbb46111a9d164712b596f0fd22ccfac,12.222,5.763239875389411,1,1787378450982
728,1787335251651,1787378451651,11.63,0.7333333333333333,15,0.9630053394355538,0,2.3369189155186616,12,9,0.8689982216953172,0.5828744564191894,1,0.7743765705422748,2.3369189155186616,0.18884647705370708,0.53125,knn-core-v1,286bd281dbb46111a9d164712b596f0fd22ccfac,11.85605,1.9436801375752277,1,1787389250651
729,1787335251732,1787421651732,11.63,1,15,2.0881006864988674,1.114363962602704,5.0167884653367665,24,9,0.8731117824773413,0.5828744564191894,1,1,5.0167884653367665,0.18884647705370708,0.7,knn-core-v1,286bd281dbb46111a9d164712b596f0fd22ccfac,11.741,0.954428202923464,1,1787432450825
730,1787346051028,1787389251028,11.882,0.6,15,0.9726327834461744,-0.07549306407472982,4.7595190380761485,12,9,0.8975725281231498,0.5062590526038254,1,0.42914726224567157,0,0.292251286751743,0.59375,knn-core-v1,286bd281dbb46111a9d164712b596f0fd22ccfac,11.577,-2.566907927958254,0,1787396149863
731,1787346051187,1787432451187,11.882,1,15,2.0978354152760623,1.0380296310276607,5.0167884653367665,24,9,0.8955944477972239,0.5062590526038254,1,1,1.114363962602704,0.292251286751743,0.7,knn-core-v1,286bd281dbb46111a9d164712b596f0fd22ccfac,11.702,-1.5148964820737225,0,1787438502484
732,1787356851627,1787443251627,11.986,0.9333333333333333,15,7.031480122123974,1.1334655709832908,7.0520014964459365,24,9,0.8981314044605184,0.6647816264480586,1,1,7.0520014964459365,0.31550553666369274,0.7,knn-core-v1,286bd281dbb46111a9d164712b596f0fd22ccfac,11.672,-2.619723010178542,0,1787454048128
733,1787356851843,1787400051843,11.986,0.13333333333333333,15,-0.5051922537187788,-0.5331088664422033,-0.07549306407472982,12,9,0.898876404494382,0.6647816264480586,1,0.11705235338850084,-0.5331088664422033,0.31550553666369274,0.53125,knn-core-v1,286bd281dbb46111a9d164712b596f0fd22ccfac,11.689,-2.477890872684804,0,1787410850893
734,1787360826739,1787404026739,12.128,0.13333333333333333,15,-0.5050991721388143,-0.5331088664422033,0,12,9,0.8746303962152573,0.6973798613572046,1,0.22802768180078187,-0.07549306407472982,0.4886652763722358,0.53125,knn-core-v1,286bd281dbb46111a9d164712b596f0fd22ccfac,11.689,-3.6197229551451193,0,1787410851089
735,1787360827324,1787447227324,12.128,1,15,7.031480122123974,1.114363962602704,7.0520014964459365,24,9,0.8800482218203737,0.6973798613572046,1,1,1.1334655709832908,0.4886652763722358,0.7,knn-core-v1,286bd281dbb46111a9d164712b596f0fd22ccfac,11.672,-3.7598944591028984,0,1787454048214
736,1787360837924,1787447237924,12.12882,1,15,7.031480122123974,1.114363962602704,7.0520014964459365,24,9,0.8800482218203737,0.6969189888107408,1,1,1.1334655709832908,0.5381669671108636,0.7,knn-core-v1,286bd281dbb46111a9d164712b596f0fd22ccfac,11.672,-3.76640101840079,0,1787454048398
737,1787360849385,1787447249385,12.134,1,15,7.031480122123974,1.114363962602704,7.0520014964459365,24,9,0.8203737191078964,0.6960047572893061,1,1,1.1334655709832908,0.5838499871742255,0.7,knn-core-v1,286bd281dbb46111a9d164712b596f0fd22ccfac,11.672,-3.807483105323881,0,1787454048497
738,1787360850481,1787404050481,12.134,0.13333333333333333,15,-0.5050991721388143,-0.5331088664422033,0,12,9,0.8160851567120048,0.6960047572893061,1,0.22803439649290533,-0.07549306407472982,0.5838499871742255,0.53125,knn-core-v1,286bd281dbb46111a9d164712b596f0fd22ccfac,11.689,-3.6673809131366433,0,1787410851174
739,1787367650975,1787454050975,12.222,0.7333333333333333,15,2.078367813900276,-0.1740390704925318,6.478421002927566,24,15,0.6116797110174593,0.1851632613322553,0,0.6205083838332803,2.078367813900276,0.3565209201689171,0.5833333333333334,knn-core-v1,286bd281dbb46111a9d164712b596f0fd22ccfac,11.552,-5.481917853051874,0,1787462520113
740,1787367651119,1787410851119,12.222,0.8,15,1.0497184845882357,0.07185657913965367,1.195331125031676,12,15,0.6011764705882353,0.1851632613322553,0,0.674445334926422,0.9533797311469123,0.3565209201689171,0.6875,knn-core-v1,286bd281dbb46111a9d164712b596f0fd22ccfac,11.657,-4.622811323842248,0,1787421650824
741,1787378451212,1787421651212,11.85605,0.6,15,0.04712045088763803,-0.3291157756161687,0.22734927585045905,12,9,0.8877790834312573,0.5349420280952496,1,0.5403852711307703,0.05283571694465944,0.1875007059087685,0.59375,knn-core-v1,286bd281dbb46111a9d164712b596f0fd22ccfac,11.741,-0.9703906444389159,0,1787432450873
742,1787378451350,1787464851350,11.85605,0.6,15,0.149475029232006,-1.2053120338738506,0.26008913853104704,24,9,0.8939213349225268,0.5349420280952496,1,0.3473944946749365,-0.1743094663448481,0.1875007059087685,0.6111111111111112,knn-core-v1,286bd281dbb46111a9d164712b596f0fd22ccfac,11.145,-5.997359997638338,0,1787470232007
743,1787389250859,1787475650859,11.577,0.2,15,-0.39718252396895753,-0.6258003720975194,-0.022884673291188207,24,9,0.9045643153526971,0.17413231651354275,0,0.197065990170849,-0.08303112446121517,-0.04758879565115921,0.7692307692307693,knn-core-v1,286bd281dbb46111a9d164712b596f0fd22ccfac,11.324,-2.18536753908612,0,1787486428628
744,1787389251786,1787432451786,11.577,0.3333333333333333,15,-0.39559851011515734,-1.0620767630113457,0.31380880862547467,12,9,0.8980070339976554,0.17413231651354275,0,0.3149200672719883,-0.1783535154416608,-0.04758879565115921,0.6470588235294118,knn-core-v1,286bd281dbb46111a9d164712b596f0fd22ccfac,11.702,1.0797270450030232,1,1787438502735
745,1787396151107,1787439351107,11.525,0.8666666666666667,15,0.5186797243380424,0.030079168371146887,2.082848356387605,12,9,0.8980070339976554,0.1919398528466743,0,0.8808980053790154,0.8563400764471732,-0.2853903511655463,0.7941176470588235,knn-core-v1,286bd281dbb46111a9d164712b596f0fd22ccfac,11.602,0.6681127982646416,1,1787442471516
746,1787396151411,1787482551411,11.525,0.5333333333333333,15,1.3381563993205416,-0.8000876808417533,2.177189134882828,24,9,0.9046773238602723,0.1919398528466743,0,0.631134669298034,1.7457430052546856,-0.2853903511655463,0.6666666666666666,knn-core-v1,286bd281dbb46111a9d164712b596f0fd22ccfac,11.417,-0.9370932754880742,0,1787486428644
747,1787400050867,1787486450867,11.689,0.4666666666666667,15,-0.519676912183007,-0.8342576071755844,5.897964846247563,24,9,0.9117821195973949,0.15737329287944007,0,0.5225562103169987,2.177189134882828,-0.47812107953401883,0.9230769230769231,knn-core-v1,286bd281dbb46111a9d164712b596f0fd22ccfac,11.417,-2.3269740781931754,0,1787497228693
748,1787400051074,1787443251074,11.689,0.9333333333333333,15,0.5381285220209581,0.12179827311754803,4.797751317964105,12,9,0.905152224824356,0.15737329287944007,0,1,2.082848356387605,-0.47812107953401883,0.7941176470588235,knn-core-v1,286bd281dbb46111a9d164712b596f0fd22ccfac,11.672,-0.14543587988706871,0,1787454048594
749,1787410852449,1787454052449,11.657,0.5333333333333333,15,0.07185657913965367,-1.3838609155584478,0.5381285220209581,12,9,0.9052631578947369,0.3096887001882775,0,0.3023664802755822,-1.3811392298738852,-0.5103099894292211,0.6176470588235294,knn-core-v1,286bd281dbb46111a9d164712b596f0fd22ccfac,11.552,-0.9007463326756492,0,1787462520363
750,1787410852449,1787497252449,11.657,0.2,15,-0.1740390704925318,-0.40005087629621544,-0.08303112446121517,24,9,0.9107037256061502,0.3096887001882775,0,0.3023664802755822,-0.39718252396895753,-0.5103099894292211,0.7692307692307693,knn-core-v1,286bd281dbb46111a9d164712b596f0fd22ccfac,11.493,-1.406879986274339,0,1787508028704
751,1787421651100,1787464851100,11.741,0.2,15,-1.3799558414130773,-1.3846892248620024,-1.01053899427883,12,9,0.905868680999419,0.18486604134403428,0,0.33622674431099253,-1.0620767630113457,-0.38081170540294884,0.5588235294117647,knn-core-v1,286bd281dbb46111a9d164712b596f0fd22ccfac,11.145,-5.076228600630271,0,1787470232260
752,1787421651100,1787508051100,11.741,0.06666666666666667,15,-0.39993136491428644,-0.519676912183007,-0.08303112446121517,24,9,0.9058823529411765,0.18486604134403428,0,0,-0.395987328405506,-0.38081170540294884,0.6923076923076923,knn-core-v1,286bd281dbb46111a9d164712b596f0fd22ccfac,11.487,-2.1633591687249774,0,1787518828663
753,1787432451035,1787475651035,11.702,0.3333333333333333,12,-0.12747892388544202,-0.3045384524232788,2.0321348450858054,12,9,0.8659315147997678,0,0,0.37428744587851276,-0.16108471433537583,-0.2382784515621417,0.6470588235294118,knn-core-v1,286bd281dbb46111a9d164712b596f0fd22ccfac,11.324,-3.230217056913349,0,1787486428657
754,1787432451170,1787518851170,11.702,0.7333333333333333,15,0.711797100363396,-1.5950112165305022,3.07422878036657,24,9,0.8685446009389671,0,0,0.6549289042279494,0.09850504114033759,-0.2382784515621417,0.5897435897435898,knn-core-v1,286bd281dbb46111a9d164712b596f0fd22ccfac,11.518,-1.5723807896086077,0,1787527954329
755,1787438503930,1787481703930,11.602,0.5333333333333333,15,0.08969601651388413,-0.536104227494678,0.296952662252096,12,9,0.7312826465467208,0.18006272936041912,0,0.44553636376689154,-0.0110472823685552,-0.19039993601088206,0.6176470588235294,knn-core-v1,286bd281dbb46111a9d164712b596f0fd22ccfac,11.417,-1.5945526633339122,0,1787486428671
756,1787438504436,1787524904436,11.602,0.9333333333333333,15,0.16093706513717138,0.03189205765101833,0.7397502269548764,24,9,0.7382629107981221,0.18006272936041912,0,1,0.3690226214165081,-0.19039993601088206,0.7272727272727273,knn-core-v1,286bd281dbb46111a9d164712b596f0fd22ccfac,11.566,-0.31029132908118934,0,1787527954638
757,1787442473066,1787528873066,11.664,0.8,15,0.7397502269548764,0.17860638089645384,2.5387646549305223,24,9,0.7344665885111371,0.23248397964143583,0,0.7711870112308452,0.8535096266512128,-0.11207031837669788,0.5897435897435898,knn-core-v1,787f3abbdb11773b72adf893abbab4523a02e77b,11.527,-1.174554183813447,0,1787529195955
758,1787442473402,1787485673402,11.664,0.8,15,0.9229270668452574,0.2581184394896728,1.282731230805296,12,9,0.7275362318840579,0.23248397964143583,0,1,1.282731230805296,-0.11207031837669788,0.6764705882352942,knn-core-v1,787f3abbdb11773b72adf893abbab4523a02e77b,11.417,-2.1176268861454037,0,1787486428671
759,1787442481074,1787485681074,11.666,0.9333333333333333,15,1.007786890240198,0.7683744372675538,1.282731230805296,12,15,0.518840579710145,0.2557278550156532,0,0.9467983183177217,1.007786890240198,-0.06121017134531319,0.7941176470588235,knn-core-v1,787f3abbdb11773b72adf893abbab4523a02e77b,11.417,-2.134407680438887,0,1787486428696
760,1787442481301,1787528881301,11.666,0.8,15,0.8535096266512128,0.17860638089645384,3.7671983440886416,24,15,0.5246189917936694,0.2557278550156532,0,0.7969993119234758,0.8535096266512128,-0.06121017134531319,0.5897435897435898,knn-core-v1,787f3abbdb11773b72adf893abbab4523a02e77b,11.527,-1.1914966569518353,0,1787529196198
761,1787442489456,1787485689456,11.665,1,15,0.9977368408244586,0.39199931826204987,1.2651124205492308,12,15,0.4973913043478261,0.4111114733789859,1,1,0.9977368408244586,-0.01615801525984861,0.9666666666666667,knn-core-v1,787f3abbdb11773b72adf893abbab4523a02e77b,11.417,-2.1260180025717905,0,1787486428713
762,1787442489597,1787528889597,11.665,0.9333333333333333,15,2.4321001180867574,2.3507653371620365,3.7671983440886416,24,15,0.5029308323563892,0.4111114733789859,1,0.9519293586716417,2.4321001180867574,-0.01615801525984861,0.7272727272727273,knn-core-v1,787f3abbdb11773b72adf893abbab4523a02e77b,11.527,-1.1830261465923695,0,1787529196448
763,1787442744148,1787485944148,11.678,1,15,0.9977368408244586,0.39199931826204987,1.2651124205492308,12,15,0.35478260869565215,0.4104206799375338,1,1,0.9977368408244586,0.007979298719644928,0.9666666666666667,knn-core-v1,787f3abbdb11773b72adf893abbab4523a02e77b,11.417,-2.2349717417366075,0,1787486428728
764,1787442744263,1787529144263,11.678,0.9333333333333333,15,2.4321001180867574,2.3507653371620365,3.7671983440886416,24,15,0.35873388042203985,0.4104206799375338,1,0.951913056650237,2.4321001180867574,0.007979298719644928,0.7272727272727273,knn-core-v1,787f3abbdb11773b72adf893abbab4523a02e77b,11.527,-1.293029628361034,0,1787529196699
765,1787442824106,1787529224106,11.67736,0.9333333333333333,15,2.4321001180867574,2.3507653371620365,3.7671983440886416,24,21,0.12133645955451348,0.4100829816124586,1,0.8890732966795111,2.431351925165211,0.0013599852367800873,0.7272727272727273,knn-core-v1,787f3abbdb11773b72adf893abbab4523a02e77b,11.527,-1.2876198044763623,0,1787529646379
766,1787442824518,1787486024518,11.67736,1,15,0.9977368408244586,0.39199931826204987,1.2651124205492308,12,21,0.12,0.4100829816124586,1,0.9650039872635725,0.9977368408244586,0.0013599852367800873,0.9666666666666667,knn-core-v1,787f3abbdb11773b72adf893abbab4523a02e77b,11.417,-2.2296135427870714,0,1787486428740
767,1787442832129,1787529232129,11.678,1,15,2.4321001180867574,2.3507653371620365,3.7671983440886416,24,21,0.1201641266119578,0.5125931371750128,1,0.9299009746772846,2.4321001180867574,0.005041635201489765,0.7272727272727273,knn-core-v1,787f3abbdb11773b72adf893abbab4523a02e77b,11.527,-1.293029628361034,0,1787529646469
768,1787442842541,1787486042541,11.683,1,15,0.9977368408244586,0.39199931826204987,1.2651124205492308,12,21,0.029565217391304348,0.5121481500466953,1,1,0.9977368408244586,0.005723707650927739,0.9666666666666667,knn-core-v1,787f3abbdb11773b72adf893abbab4523a02e77b,11.417,-2.2768124625524266,0,1787486428761
769,1787442842874,1787529242874,11.683,1,15,2.5387646549305223,2.431351925165211,3.7671983440886416,24,21,0.029894490035169988,0.5121481500466953,1,0.9298926056770479,2.4321001180867574,0.005723707650927739,0.7272727272727273,knn-core-v1,787f3abbdb11773b72adf893abbab4523a02e77b,11.527,-1.3352734742788717,0,1787529646585
770,1787443249114,1787486449114,11.672,0.5333333333333333,15,0.08969601651388413,-0.536104227494678,0.7950049007151587,12,21,0.02782608695652174,0.15189395411550016,0,0.667399557001243,0.19871205151793372,0.004519633998157823,0.6176470588235294,knn-core-v1,787f3abbdb11773b72adf893abbab4523a02e77b,11.417,-2.1847155586017886,0,1787497228710
771,1787443249456,1787529649456,11.672,0.9333333333333333,15,0.20273757157249217,0.16093706513717138,0.7397502269548764,24,21,0.02813599062133646,0.15189395411550016,0,0.9187386362158695,0.20273757157249217,0.004519633998157823,0.7272727272727273,knn-core-v1,787f3abbdb11773b72adf893abbab4523a02e77b,11.553,-1.0195339273474961,0,1787533127822
772,1787454048822,1787497248822,11.552,0.8,15,1.2651124205492308,0.25408480840302533,1.4309280870043242,12,15,0.3475997686524002,0.3695099859909622,1,0.8067771097023705,1.2651124205492308,-0.03210631188437871,0.6764705882352942,knn-core-v1,787f3abbdb11773b72adf893abbab4523a02e77b,11.493,-0.5107340720221544,0,1787508028740
773,1787454049047,1787540449047,11.552,0.6666666666666666,15,0.8535096266512128,-0.18998605165697272,2.5387646549305223,24,15,0.3518735362997658,0.3695099859909622,1,0.6602255558084089,0.8535096266512128,-0.03210631188437871,0.7435897435897436,knn-core-v1,787f3abbdb11773b72adf893abbab4523a02e77b,11.472,-0.6925207756232694,0,1787551247330
775,1787462522363,1787548922363,11.211,1,15,2.7897598826907686,2.3507653371620365,3.7252286585365857,24,9,0.8690058479532163,0.6859365032158846,1,1,2.7897598826907686,-0.15866023776785199,0.7272727272727273,knn-core-v1,787f3abbdb11773b72adf893abbab4523a02e77b,11.526,2.8097404335028053,1,1787551247425
774,1787462522456,1787505722456,11.211,0.8666666666666667,15,0.6192835365853611,0.25408480840302533,1.1774439918533675,12,9,0.86524002313476,0.6859365032158846,1,0.7855799491757899,0.3912660268115844,-0.15866023776785199,0.7941176470588235,knn-core-v1,787f3abbdb11773b72adf893abbab4523a02e77b,11.487,2.4618678084024603,1,1787508028767
776,1787464849106,1787508049106,11.145,0.8666666666666667,15,1.1774439918533675,0.25408480840302533,2.2406558854775893,12,9,0.8642403235124205,0.8942097241872717,1,0.8083185542280871,1.1774439918533675,-0.3038618736036288,0.7941176470588235,knn-core-v1,787f3abbdb11773b72adf893abbab4523a02e77b,11.487,3.0686406460296145,1,1787518828687
777,1787464849488,1787551249488,11.145,1,15,3.7252286585365857,2.2913829994164585,4.560609525643647,24,9,0.8691099476439791,0.8942097241872717,1,1,3.7743006164058768,-0.3038618736036288,0.7272727272727273,knn-core-v1,787f3abbdb11773b72adf893abbab4523a02e77b,11.526,3.4185733512786025,1,1787552095101
778,1787470233316,1787513433316,11.314,0.8666666666666667,15,1.1774439918533675,0.25408480840302533,2.2406558854775893,12,9,0.8896591565569035,0.785260284394473,1,0.8086153169654509,1.1774439918533675,-0.39983865183470335,0.7714285714285715,knn-core-v1,2d30dd1ccc8f8eee50632d809fc492716e8ee61f,11.518,1.8030758352483702,1,1787518828712
779,1787470233487,1787556633487,11.314,1,15,3.7252286585365857,2.7897598826907686,4.560609525643647,24,9,0.893542757417103,0.785260284394473,1,1,3.7743006164058768,-0.39983865183470335,0.6578947368421053,knn-core-v1,2d30dd1ccc8f8eee50632d809fc492716e8ee61f,11.573,2.289199222202584,1,1787562045485
780,1787475628717,1787562028717,11.324,0.9333333333333333,15,2.3507653371620365,0.6063772906236228,2.4321001180867574,24,9,0.8936664729808251,0.8859865244944329,1,0.8918841074643622,2.431351925165211,-0.4206383405830221,0.6578947368421053,knn-core-v1,2d30dd1ccc8f8eee50632d809fc492716e8ee61f,11.494,1.5012363122571524,1,1787562045579
781,1787486428851,1787572828851,11.417,0.6666666666666666,15,2.174685436346041,-0.18998605165697272,4.560609525643647,24,9,0.8984329657573998,0.5618607406099876,1,0.889355385680128,4.560609525643647,-0.3095050408662832,0.7,knn-core-v1,7e2296f85642cd63c90282b9d291c2720ec70e23,11.703,2.5050363493036665,1,1787572849414
782,1787486428866,1787529628866,11.417,0.6153846153846154,13,1.4309280870043242,-0.08906970306085317,2.0803469695298835,12,9,0.8927953890489914,0.5618607406099876,1,0.6719439781306644,1.4309280870043242,-0.3095050408662832,0.6285714285714286,knn-core-v1,7e2296f85642cd63c90282b9d291c2720ec70e23,11.553,1.1912060961723834,1,1787529646593
783,1787497228793,1787540428793,11.493,0.8461538461538461,13,1.288109675158489,1.1785172534501642,1.4309280870043242,12,9,0.8936895963615691,0.4192362971198394,1,0.7384682322185911,1.4309280870043242,-0.12657386245585284,0.6857142857142857,knn-core-v1,7e2296f85642cd63c90282b9d291c2720ec70e23,11.472,-0.18271991647090224,0,1787540445441
784,1787497228793,1787583628793,11.493,0.8666666666666667,15,3.6551306693285555,2.7897598826907686,4.560609525643647,24,9,0.8968115942028986,0.4192362971198394,1,0.9075328294012605,4.560609525643647,-0.12657386245585284,0.775,knn-core-v1,7e2296f85642cd63c90282b9d291c2720ec70e23,11.72564,2.024188636561385,1,1787585897842
785,1787508028883,1787594428883,11.487,0.6666666666666666,15,0.5624977318639842,-0.18998605165697272,4.9235112440884,24,9,0.8947368421052632,0.44087807795569783,1,0.6697829712362537,0.4556636814232363,-0.07301660574152004,0.7,knn-core-v1,7e2296f85642cd63c90282b9d291c2720ec70e23,11.526,0.33951423348132415,1,1787605218900
786,1787508030114,1787551230114,11.487,0.6153846153846154,13,0.683495522134833,-0.08906970306085317,2.0803469695298835,12,9,0.7086882453151618,0.4191865257847871,1,0.8749973562241545,0.8818512828577381,-0.01937419881132774,0.6285714285714286,knn-core-v1,7e2296f85642cd63c90282b9d291c2720ec70e23,11.526,0.33951423348132415,1,1787551247511
787,1787518828833,1787562028833,11.518,0.6,15,0.683495522134833,-0.39559851011515734,1.700696055684452,12,9,0.7059490084985836,0.2564446755313192,0,0.5913780164006932,0.8818512828577381,0.0363586386126257,0.6285714285714286,knn-core-v1,7e2296f85642cd63c90282b9d291c2720ec70e23,11.494,-0.2083695085952501,0,1787562045694
788,1787518829132,1787605229132,11.518,0.6,15,0.4556636814232363,-0.18998605165697272,1.3381563993205416,24,9,0.6730213749277874,0.18956468665041193,0,0.6920159423637615,0.8535096266512128,0.0923332749868714,0.7,knn-core-v1,7e2296f85642cd63c90282b9d291c2720ec70e23,11.612,0.8161139086646936,1,1787615831326
789,1787527955774,1787571155774,11.566,0.5333333333333333,15,0.296952662252096,-0.39559851011515734,1.700696055684452,12,15,0.34934991520633124,0.15556472783852712,0,0.5133650119526546,0.296952662252096,0.1760343058324974,0.6,knn-core-v1,be223a025cca5aa3ef7a73bcb9b1ae0371b96099,11.703,1.1845063116029628,1,1787572849501
790,1787527955986,1787614355986,11.566,0.6,15,0.3690226214165081,-0.15889118398376745,0.8535096266512128,24,15,0.3491055972302366,0.15556472783852712,0,0.5660712975809193,0.3690226214165081,0.1760343058324974,0.7,knn-core-v1,be223a025cca5aa3ef7a73bcb9b1ae0371b96099,11.631,0.5619920456510419,1,1787615831616
791,1787529197828,1787572397828,11.527,0.5333333333333333,15,0.296952662252096,-0.39559851011515734,1.700696055684452,12,15,0.40192198982475974,0.1263688971829036,0,0.48875140432233766,-0.34227736690911886,0.20525472123428917,0.6,knn-core-v1,be223a025cca5aa3ef7a73bcb9b1ae0371b96099,11.703,1.5268500043376436,1,1787572849584
792,1787529198688,1787615598688,11.527,0.6,15,0.3690226214165081,-0.15889118398376745,0.8535096266512128,24,15,0.4004616272360069,0.1263688971829036,0,0.5532042247755812,0.3690226214165081,0.20525472123428917,0.7,knn-core-v1,be223a025cca5aa3ef7a73bcb9b1ae0371b96099,11.631,0.902229548017706,1,1787615831869
793,1787533128899,1787619528899,11.537,0.4666666666666667,15,-0.10387515428515234,-0.15889118398376745,0.8535096266512128,24,21,0.1777264858626659,0.18242875837343767,0,0.5977622804898955,0.3690226214165081,0.1532518483731462,0.9,knn-core-v1,c5c02ae54c65b1db1aa925671435d2ef2e9c643e,11.765,1.9762503250411696,1,1787620382429
794,1787533129042,1787576329042,11.537,0.4666666666666667,15,-0.15092448887313348,-0.35689404402507363,1.700696055684452,12,21,0.18032786885245902,0.18242875837343767,0,0.4410529808402124,-0.15092448887313348,0.1532518483731462,0.8,knn-core-v1,c5c02ae54c65b1db1aa925671435d2ef2e9c643e,11.739,1.7508884458698095,1,1787576849603
795,1787538713829,1787625113829,11.488,0.8666666666666667,15,1.4180685054896716,0.4556636814232363,8.211066742726748,24,21,0.2478386167146974,0.42470417443600744,1,0.8404020409274247,1.5049413255669417,0.08266544491112907,0.775,knn-core-v1,c5c02ae54c65b1db1aa925671435d2ef2e9c643e,11.832,2.994428969359342,1,1787626839874
796,1787540445785,1787583645785,11.472,0.5333333333333333,15,0.7104161219160908,-0.35324027672525665,2.0803469695298835,12,21,0.1411631846414455,0.41018761349271315,1,0.6092547737731592,0.7104161219160908,-0.01440692690838087,0.6,knn-core-v1,c5c02ae54c65b1db1aa925671435d2ef2e9c643e,11.72564,2.2109483960948464,1,1787585898118
797,1787540445992,1787626845992,11.472,0.6,15,0.3789622547701757,-0.14424546176885178,1.7457430052546856,24,21,0.1377521613832853,0.41018761349271315,1,0.6546317435527833,0.8535096266512128,-0.01440692690838087,0.7,knn-core-v1,c5c02ae54c65b1db1aa925671435d2ef2e9c643e,11.832,3.1380753138075423,1,1787633568275
798,1787551247842,1787637647842,11.526,0.7333333333333333,15,4.0003328657362385,-0.6830470357433388,4.0844735276621185,24,21,0.19954519613416713,0.4665975322113098,1,0.8248864137128589,4.0844735276621185,-0.0309158790404657,0.625,knn-core-v1,c5c02ae54c65b1db1aa925671435d2ef2e9c643e,11.824,2.5854589623460007,1,1787648855350
799,1787551248001,1787594448001,11.526,0.8,15,1.7095033167693074,0.12179827311754803,1.7917906008328464,12,21,0.19796954314720813,0.4665975322113098,1,0.8575340969644708,1.7917906008328464,-0.0309158790404657,0.6857142857142857,knn-core-v1,c5c02ae54c65b1db1aa925671435d2ef2e9c643e,11.526,0,0,1787605219152
800,1787552096671,1787638496671,11.573,0.9333333333333333,15,4.0844735276621185,4.0003328657362385,5.75252689532207,24,21,0.2490051165434906,0.3146703904398335,0,0.8995574483042561,4.0844735276621185,-0.018365340120320157,0.6578947368421053,knn-core-v1,c5c02ae54c65b1db1aa925671435d2ef2e9c643e,11.824,2.168841268469709,1,1787648855599
801,1787552096873,1787595296873,11.573,0.8666666666666667,15,1.7917906008328464,1.7095033167693074,4.653824376257406,12,21,0.2470389170896785,0.3146703904398335,0,0.9270254764554118,1.7917906008328464,-0.018365340120320157,0.7714285714285715,knn-core-v1,c5c02ae54c65b1db1aa925671435d2ef2e9c643e,11.526,-0.40611768772142565,0,1787605219443
802,1787562045991,1787648445991,11.494,0.8666666666666667,15,5.897964846247563,5.75252689532207,5.922243405651955,24,15,0.3577512776831346,0.16892596600949308,0,0.8817539611205409,5.897964846247563,-0.014358614135495544,0.7380952380952381,knn-core-v1,c5c02ae54c65b1db1aa925671435d2ef2e9c643e,11.605,0.9657212458674147,1,1787648855846
803,1787562046199,1787605246199,11.494,1,15,4.797751317964105,4.653824376257406,4.821777638342539,12,15,0.35492957746478876,0.16892596600949308,0,1,4.797751317964105,-0.014358614135495544,0.8709677419354839,knn-core-v1,c5c02ae54c65b1db1aa925671435d2ef2e9c643e,11.612,1.0266225856968882,1,1787615832115
804,1787572849968,1787616049968,11.703,1,15,1.7942128307633765,1.7724169105226957,4.83189727994593,12,9,0.7433877321328081,0.20602455088972155,0,1,1.7917906008328464,0.05917379516953373,0.8709677419354839,knn-core-v1,c5c02ae54c65b1db1aa925671435d2ef2e9c643e,11.636,-0.5725027770657112,0,1787617643526
805,1787572850081,1787659250081,11.703,0.9333333333333333,15,4.086950314106232,4.064663478695326,5.932469287765791,24,9,0.746742209631728,0.20602455088972155,0,0.9249889398618784,4.0844735276621185,0.05917379516953373,0.48717948717948717,knn-core-v1,c5c02ae54c65b1db1aa925671435d2ef2e9c643e,11.563,-1.1962744595402786,0,1787659255265
806,1787576850957,1787663250957,11.739,0.9333333333333333,15,4.086950314106232,4.064663478695326,5.897964846247563,24,9,0.7357102433503112,0.2316274769552709,0,0.8900829693845339,4.064663478695326,0.11949885053682684,0.48717948717948717,knn-core-v1,c5c02ae54c65b1db1aa925671435d2ef2e9c643e,11.589,-1.2777919754663971,0,1787667753118
807,1787576851008,1787620051008,11.739,1,15,1.7942128307633765,1.7724169105226957,4.797751317964105,12,9,0.7332583005064716,0.2316274769552709,0,1,1.7724169105226957,0.11949885053682684,0.8709677419354839,knn-core-v1,c5c02ae54c65b1db1aa925671435d2ef2e9c643e,11.742,0.025555839509328847,1,1787620382688
808,1787576861166,1787663261166,11.735,0.8,15,4.086950314106232,4.0003328657362385,5.897964846247563,24,9,0.7357102433503112,0.14207676546667927,0,0.8767004408658741,4.0003328657362385,0.13728234470835193,0.6428571428571429,knn-core-v1,c5c02ae54c65b1db1aa925671435d2ef2e9c643e,11.589,-1.2441414571793696,0,1787667753366
809,1787578084375,1787621284375,11.679,0.6666666666666666,15,0.05283571694465944,-0.5303952650168218,0.22734927585045905,12,9,0.7433877321328081,0.057503673313282766,0,0.39177435667782656,-0.5303952650168218,0.20712913396170957,0.6486486486486487,knn-core-v1,d23a30d7df227a7bf21d015cb1f869f92e315a76,11.735,0.47949310728657557,1,1787626839900
810,1787578085166,1787664485166,11.679,0.4666666666666667,15,-0.889971540205493,-1.3099315068493191,0.8158569496545377,24,9,0.745897000565931,0.057503673313282766,0,0.5537130562739737,0.03189205765101833,0.20712913396170957,0.8809523809523809,knn-core-v1,d23a30d7df227a7bf21d015cb1f869f92e315a76,11.5426,-1.167908211319463,0,1787667753609
811,1787578517239,1787621717239,11.612,0.4666666666666667,15,-0.14543587988706871,-0.837672820848967,0.05283571694465944,12,9,0.7563308947664603,0.10736648094933535,0,0.8633540536989979,0.05283571694465944,0.14368865134479844,0.7297297297297297,knn-core-v1,a0b2aeb2b045bc4ab746be9922bb97b7f9f06970,11.735,1.0592490527040934,1,1787626839925
812,1787583133042,1787626333042,11.724,0.6,15,0.1945334386545055,-0.04913099551681307,0.4033444488034488,12,9,0.7694896242288278,0.2900067621488173,0,0.7085774979983261,0.19871205151793372,0.09917588828435199,0.6486486486486487,knn-core-v1,a0b2aeb2b045bc4ab746be9922bb97b7f9f06970,11.832,0.9211873080859821,1,1787626839931
813,1787583133237,1787669533237,11.724,0.7333333333333333,15,0.1018804929542694,-0.1552301562079913,0.7184189878383704,24,9,0.7704918032786885,0.2900067621488173,0,0.9027562189287774,0.1018804929542694,0.09917588828435199,0.7857142857142857,knn-core-v1,a0b2aeb2b045bc4ab746be9922bb97b7f9f06970,11.59,-1.1429546229955674,0,1787670055613
814,1787583621318,1787626821318,11.72564,0.8666666666666667,15,0.19871205151793372,0.04712045088763803,0.4033444488034488,12,15,0.4666292765002804,0.49070258500314795,1,0.8819147434440265,0.19871205151793372,0.04367580713557758,0.7567567567567568,knn-core-v1,a0b2aeb2b045bc4ab746be9922bb97b7f9f06970,11.832,0.9070720233607755,1,1787626839970
815,1787583622046,1787670022046,11.72564,0.5333333333333333,15,0.03189205765101833,-1.2053120338738506,0.8158569496545377,24,15,0.46749576031656304,0.49070258500314795,1,0.541651907847469,0.03189205765101833,0.04367580713557758,0.5476190476190477,knn-core-v1,a0b2aeb2b045bc4ab746be9922bb97b7f9f06970,11.59,-1.1567812076782198,0,1787670055683
816,1787585899579,1787672299579,11.664,0.6666666666666666,15,0.149475029232006,-1.2053120338738506,0.8158569496545377,24,15,0.5387224420576597,0.47529613769136164,1,0.6456570505788068,0.149475029232006,0.029177785063568683,0.7857142857142857,knn-core-v1,a0b2aeb2b045bc4ab746be9922bb97b7f9f06970,11.59,-0.6344307270233183,0,1787680854809
817,1787585967524,1787629167524,11.641,0.8,15,0.1945334386545055,0.04712045088763803,0.4033444488034488,12,15,0.5403135498320268,0.3740094676194445,1,0.8101317243163537,0.1945334386545055,0.030486835196897915,0.5945945945945946,knn-core-v1,a0b2aeb2b045bc4ab746be9922bb97b7f9f06970,11.832,1.640752512670739,1,1787633568538
818,1787585967911,1787672367911,11.641,0.6666666666666666,15,0.03189205765101833,-1.0548292730296294,0.8158569496545377,24,15,0.5409836065573771,0.3740094676194445,1,0.6840598686838801,0.03189205765101833,0.030486835196897915,0.7857142857142857,knn-core-v1,a0b2aeb2b045bc4ab746be9922bb97b7f9f06970,11.59,-0.43810669186496143,0,1787680854892
819,1787585978920,1787672378920,11.627,0.5333333333333333,15,0.03189205765101833,-1.2053120338738506,0.8158569496545377,24,15,0.5398530243075184,0.4636505974547186,1,0.5491185210014199,0.03189205765101833,-0.0011244093081319336,0.5476190476190477,knn-core-v1,a0b2aeb2b045bc4ab746be9922bb97b7f9f06970,11.59,-0.3182248215360868,0,1787680854975
820,1787585984735,1787629184735,11.627,0.8,15,0.1945334386545055,0.04712045088763803,0.4033444488034488,12,15,0.47144456886898095,0.4166425453620198,1,0.8116484523319157,0.1945334386545055,-0.03270140380930203,0.5945945945945946,knn-core-v1,a0b2aeb2b045bc4ab746be9922bb97b7f9f06970,11.832,1.7631375247269294,1,1787633568790
821,1787585988576,1787672388576,11.626,0.6666666666666666,15,0.03189205765101833,-1.0548292730296294,0.8158569496545377,24,15,0.4708875070661391,0.4165876284497374,1,0.6756027947586947,0.03189205765101833,-0.0469723905802931,0.7857142857142857,knn-core-v1,a0b2aeb2b045bc4ab746be9922bb97b7f9f06970,11.59,-0.30965078272836394,0,1787680855032
822,1787586013561,1787672413561,11.631,0.5333333333333333,15,0.03189205765101833,-1.2053120338738506,0.8158569496545377,24,15,0.40474844544940647,0.46353472027518366,1,0.5493563651202151,0.03189205765101833,-0.0728466970422902,0.5476190476190477,knn-core-v1,a0b2aeb2b045bc4ab746be9922bb97b7f9f06970,11.59,-0.3525062333419342,0,1787680855076
823,1787586014444,1787629214444,11.631,0.8,15,0.19871205151793372,0.04712045088763803,0.4033444488034488,12,15,0.4053751399776036,0.46353472027518366,1,0.8169404015882404,0.19871205151793372,-0.0728466970422902,0.5945945945945946,knn-core-v1,a0b2aeb2b045bc4ab746be9922bb97b7f9f06970,11.832,1.7281403146763006,1,1787633569566
824,1787594423030,1787680823030,11.526,0.3333333333333333,15,-0.6258003720975194,-0.9370932754880742,1.7457430052546856,24,15,0.34839073969508755,0.15662314569170224,0,0.44040956330959896,-0.6258003720975194,-0.0853345705554143,0.9047619047619048,knn-core-v1,a0b2aeb2b045bc4ab746be9922bb97b7f9f06970,11.545,0.16484469894152462,1,1787680855171
825,1787605220116,1787691620116,11.612,0.6666666666666666,15,1.4180685054896716,-0.15889118398376745,2.174685436346041,24,15,0.5109983079526227,0.14402045478581008,0,0.7171390825161177,1.4187172838902382,-0.07573143955864678,0.7857142857142857,knn-core-v1,a0b2aeb2b045bc4ab746be9922bb97b7f9f06970,11.289,-2.7816052359628007,0,1787691654940
826,1787605220610,1787648420610,11.612,0.8666666666666667,15,2.054317548746524,0.8563400764471732,2.2109483960948464,12,15,0.5142061281337047,0.14402045478581008,0,0.8902822641172332,2.054317548746524,-0.07573143955864678,0.7567567567567568,knn-core-v1,a0b2aeb2b045bc4ab746be9922bb97b7f9f06970,11.605,-0.060282466414051605,0,1787648856104
827,1787615833332,1787659033332,11.63,0.2857142857142857,14,-0.2866621201438029,-0.9316371861991803,0.3584880524167701,12,15,0.4568725653867557,0.4447032333759032,1,0.29988500691105785,-0.2866621201438029,-0.07242775752364458,0.6486486486486487,knn-core-v1,cb4a05123f9357931eb9c0ba73519ee20a7d7782,11.563,-0.5760963026655216,0,1787659255331
828,1787615833724,1787702233724,11.63,0.2,15,-1.7012556887226422,-1.8785939474088003,-0.06713118359220026,24,15,0.451830985915493,0.4447032333759032,1,0.1961571523834383,-1.7012556887226422,-0.07242775752364458,0.7142857142857143,knn-core-v1,cb4a05123f9357931eb9c0ba73519ee20a7d7782,11.281,-3.0008598452278603,0,1787702455806
829,1787615841522,1787659041522,11.631,0.2857142857142857,14,-0.2866621201438029,-0.9316371861991803,0.3584880524167701,12,15,0.452977184195882,0.4448957061730619,1,0.29972904538184547,-0.2866621201438029,-0.06725369618959748,0.6486486486486487,knn-core-v1,cb4a05123f9357931eb9c0ba73519ee20a7d7782,11.563,-0.5846444845671018,0,1787659255344
830,1787615841756,1787702241756,11.631,0.2,15,-1.7012556887226422,-1.8785939474088003,-0.06713118359220026,24,15,0.447887323943662,0.4448957061730619,1,0.19619760151970403,-1.7012556887226422,-0.06725369618959748,0.7142857142857143,knn-core-v1,cb4a05123f9357931eb9c0ba73519ee20a7d7782,11.281,-3.0091995529189206,0,1787702455884
831,1787616041625,1787659241625,11.636,0.8181818181818182,11,0.09749643093422429,0.05761959066081833,0.7043369118847533,12,21,0.20589872008903728,0.3713280377209023,1,0.8268174446889487,0.09749643093422429,0.021628681644392758,0.5945945945945946,knn-core-v1,cb4a05123f9357931eb9c0ba73519ee20a7d7782,11.563,-0.6273633551048352,0,1787659255408
832,1787617644926,1787704044926,11.668,0.6,15,0.33951423348132415,-1.9060823437217342,2.5050363493036665,24,21,0.06253521126760564,0.4898852433881846,1,0.6153494305460872,0.33951423348132415,0.031074063636152734,0.6428571428571429,knn-core-v1,ff4e23b900812e5fdc3dbe703586469202430dad,11.256,-3.5310250257113394,0,1787706728447
833,1787617645106,1787660845106,11.668,0.7333333333333333,15,1.7508884458698095,-0.18271991647090224,2.054317548746524,12,21,0.06176961602671119,0.4898852433881846,1,0.6811996532576218,1.1912060961723834,0.031074063636152734,0.7567567567567568,knn-core-v1,ff4e23b900812e5fdc3dbe703586469202430dad,11.589,-0.6770654782310495,0,1787667753874
834,1787618776199,1787705176199,11.768,0.9333333333333333,15,2.024188636561385,1.3381563993205416,4.9235112440884,24,21,0.28169014084507044,0.34136877950209793,0,0.8779605187182793,2.024188636561385,0.05952951835688067,0.48717948717948717,knn-core-v1,ff4e23b900812e5fdc3dbe703586469202430dad,11.387,-3.2375934738273298,0,1787706728706
835,1787618785585,1787705185585,11.781,0.9333333333333333,15,5.897964846247563,5.75252689532207,5.922243405651955,24,21,0.27887323943661974,0.2649080189140817,0,0.9269310943166866,5.897964846247563,0.0710294691147958,0.48717948717948717,knn-core-v1,ff4e23b900812e5fdc3dbe703586469202430dad,11.387,-3.344368050250404,0,1787706728952
836,1787618800301,1787705200301,11.78123,0.9333333333333333,15,5.897964846247563,5.75252689532207,5.922243405651955,24,21,0.27887323943661974,0.2649513688016182,0,0.9600796845608667,5.897964846247563,0.08124918506845534,0.48717948717948717,knn-core-v1,ff4e23b900812e5fdc3dbe703586469202430dad,11.387,-3.3462550175151513,0,1787706729205
837,1787618812398,1787662012398,11.784,1,15,4.797751317964105,1.7095033167693074,4.821777638342539,12,21,0.27879799666110183,0.26503819422363767,0,0.9614617841878071,4.797751317964105,0.10960755674978147,0.8709677419354839,knn-core-v1,ff4e23b900812e5fdc3dbe703586469202430dad,11.589,-1.6547861507128332,0,1787667754140
838,1787618812649,1787705212649,11.784,0.9333333333333333,15,5.897964846247563,5.75252689532207,5.922243405651955,24,21,0.27605633802816903,0.26503819422363767,0,0.9600868800647484,5.897964846247563,0.10960755674978147,0.48717948717948717,knn-core-v1,ff4e23b900812e5fdc3dbe703586469202430dad,11.387,-3.3689748811948426,0,1787706729453
839,1787618946716,1787705346716,11.766,0.9333333333333333,15,5.75252689532207,4.0844735276621185,5.922243405651955,24,21,0.2895774647887324,0.3272277921214049,0,0.9552399454149086,5.897964846247563,0.12932999088423425,0.48717948717948717,knn-core-v1,ff4e23b900812e5fdc3dbe703586469202430dad,11.387,-3.2211456739758586,0,1787706730302
840,1787618946987,1787662146987,11.766,0.8666666666666667,15,4.653824376257406,1.0266225856968882,4.821777638342539,12,21,0.2921535893155259,0.3272277921214049,0,0.9105232413971995,1.7942128307633765,0.12932999088423425,0.7567567567567568,knn-core-v1,ff4e23b900812e5fdc3dbe703586469202430dad,11.589,-1.5043345232024443,0,1787667754392
841,1787618955790,1787705355790,11.766,1,15,5.897964846247563,5.75252689532207,5.922243405651955,24,21,0.29464788732394365,0.25795312640627716,0,0.8970562828666743,5.897964846247563,0.12706379415273153,0.48717948717948717,knn-core-v1,ff4e23b900812e5fdc3dbe703586469202430dad,11.387,-3.2211456739758586,0,1787706730557
842,1787618955996,1787662155996,11.766,1,15,4.797751317964105,4.653824376257406,4.821777638342539,12,21,0.29771841958820255,0.25795312640627716,0,0.9645702498011814,4.797751317964105,0.12706379415273153,0.8709677419354839,knn-core-v1,ff4e23b900812e5fdc3dbe703586469202430dad,11.589,-1.5043345232024443,0,1787667754641
843,1787619434220,1787705834220,11.765,1,15,5.897964846247563,5.75252689532207,5.922243405651955,24,21,0.28394366197183096,0.25799713982773864,0,0.8989244950871537,5.897964846247563,0.11267509978039389,0.48717948717948717,knn-core-v1,ff4e23b900812e5fdc3dbe703586469202430dad,11.387,-3.2129196770080757,0,1787706730806
844,1787620383941,1787706783941,11.742,0.8,15,4.064663478695326,2.4703248019646984,4.086950314106232,24,21,0.3008450704225352,0.8430417588706055,1,0.8026698551916346,4.064663478695326,0.07718439256522815,0.6428571428571429,knn-core-v1,9e7fcaa4d017260bdf10e05b28fb0775a3964e1b,11.387,-3.0233350366206815,0,1787713222698
845,1787620384108,1787663584108,11.742,0.8571428571428571,14,1.7724169105226957,1.0266225856968882,1.7917906008328464,12,21,0.3038397328881469,0.8011294548832497,1,0.7830614588937747,1.7724169105226957,0.07718439256522815,0.5945945945945946,knn-core-v1,9e7fcaa4d017260bdf10e05b28fb0775a3964e1b,11.589,-1.3030148185999018,0,1787667754905
846,1787620579437,1787706979437,11.723,0.9333333333333333,15,5.75252689532207,4.0844735276621185,5.932469287765791,24,21,0.3059154929577465,0.275116273073768,0,0.9369141253317896,4.086950314106232,0.05665813879507909,0.48717948717948717,knn-core-v1,9e7fcaa4d017260bdf10e05b28fb0775a3964e1b,11.387,-2.8661605391111515,0,1787713222852
847,1787620598464,1787706998464,11.718,1,15,5.75252689532207,4.0844735276621185,5.932469287765791,24,21,0.0647887323943662,0.32546456399717544,0,0.9561982802377799,5.75252689532207,0.0393260158760509,0.48717948717948717,knn-core-v1,9e7fcaa4d017260bdf10e05b28fb0775a3964e1b,11.387,-2.8247141150366915,0,1787713222989
848,1787620677668,1787707077668,11.746,0.9333333333333333,15,5.897964846247563,4.086950314106232,5.922243405651955,24,21,0.07943661971830986,0.277318965140405,0,0.9576995808991604,5.897964846247563,0.02562706416728327,0.48717948717948717,knn-core-v1,9e7fcaa4d017260bdf10e05b28fb0775a3964e1b,11.387,-3.0563596117827343,0,1787713223124
849,1787620797289,1787707197289,11.735,1,15,5.75252689532207,4.0844735276621185,5.932469287765791,24,21,0.07943661971830986,0.3255713727430213,0,0.9562130417579647,5.75252689532207,-0.002594355378746232,0.48717948717948717,knn-core-v1,9e7fcaa4d017260bdf10e05b28fb0775a3964e1b,11.387,-2.965487856838509,0,1787713223255
850,1787620797541,1787663997541,11.735,0.8666666666666667,15,4.653824376257406,1.7917906008328464,4.821777638342539,12,21,0.07846410684474124,0.3255713727430213,0,0.909519940613745,1.7942128307633765,-0.002594355378746232,0.7567567567567568,knn-core-v1,9e7fcaa4d017260bdf10e05b28fb0775a3964e1b,11.589,-1.2441414571793696,0,1787667755162
851,1787626840042,1787713240042,11.832,0.5333333333333333,15,0.47075273828944286,-0.4513328063965402,1.2412602089154907,24,21,0.3033202025886325,0.184283182966254,0,0.5493558798060554,0.46702738858828097,0.004224606475408315,0.5476190476190477,knn-core-v1,9e7fcaa4d017260bdf10e05b28fb0775a3964e1b,11.427,-3.4229208924949384,0,1787722585935
852,1787626840115,1787670040115,11.832,0.7142857142857143,14,2.5400861086792297,-0.2909607432099548,3.1344674900955503,12,21,0.3068371317398555,0.184283182966254,0,0.6270951321248177,0.4268212039964983,0.004224606475408315,0.7567567567567568,knn-core-v1,9e7fcaa4d017260bdf10e05b28fb0775a3964e1b,11.59,-2.0453008789722857,0,1787670055749
853,1787633571404,1787719971404,11.781,0.7333333333333333,15,2.4997297264832006,-0.19088093351581364,2.8038739163553212,24,15,0.3477285473920359,0.35894568233232826,1,0.728210631658034,2.4997297264832006,0.006537719187518038,0.7857142857142857,knn-core-v1,9e7fcaa4d017260bdf10e05b28fb0775a3964e1b,11.394,-3.284950343773877,0,1787722586181
854,1787633571567,1787676771567,11.781,0.8666666666666667,15,1.1764421391176152,0.5935505664064953,2.082727325615222,12,15,0.3495575221238938,0.35894568233232826,1,0.8659276264322752,1.1764421391176152,0.006537719187518038,0.7567567567567568,knn-core-v1,9e7fcaa4d017260bdf10e05b28fb0775a3964e1b,11.545,-2.0032255326373027,0,1787680855280
855,1787633816187,1787720216187,11.742,1,15,5.897964846247563,5.874974370107704,5.932469287765791,24,15,0.3466068424004487,0.500762414460176,1,1,5.897964846247563,0.026288960818413164,0.48717948717948717,knn-core-v1,9e7fcaa4d017260bdf10e05b28fb0775a3964e1b,11.394,-2.963719979560558,0,1787722586431
856,1787634032654,1787720432654,11.758,0.7333333333333333,15,1.5049413255669417,-1.2796085903135357,5.874974370107704,24,15,0.3477285473920359,0.31665328812811183,0,0.7206424467978877,1.5049413255669417,0.011209923627346395,0.7857142857142857,knn-core-v1,9e7fcaa4d017260bdf10e05b28fb0775a3964e1b,11.394,-3.0957645858139053,0,1787722586685
857,1787634973716,1787721373716,11.78858,0.7333333333333333,15,4.520954130202517,-1.3793847296957202,4.71848643720082,24,21,0.07347167694896242,0.3565616603015393,0,0.6092065412084615,1.5049413255669417,-0.000059074656208084904,0.7857142857142857,knn-core-v1,9e7fcaa4d017260bdf10e05b28fb0775a3964e1b,11.394,-3.3471376535596273,0,1787722586936
858,1787634973926,1787678173926,11.78858,0.7333333333333333,15,1.7508884458698095,-2.1884374962649504,2.890117932168007,12,21,0.07237569060773481,0.3565616603015393,1,0.6599683186533667,1.7508884458698095,-0.000059074656208084904,0.7567567567567568,knn-core-v1,9e7fcaa4d017260bdf10e05b28fb0775a3964e1b,11.545,-2.066236985285757,0,1787680855395
859,1787635160818,1787721560818,11.79135,0.6,15,1.046313262146961,-1.3793847296957202,1.9639380343689061,24,21,0.07291082445316882,0.28590328107799134,0,0.6485989959534602,1.5049413255669417,0.005988143827070847,0.6428571428571429,knn-core-v1,9e7fcaa4d017260bdf10e05b28fb0775a3964e1b,11.394,-3.369843147731171,0,1787722587193
860,1787635161685,1787678361685,11.79135,0.6363636363636364,11,0.7043369118847533,-2.1884374962649504,5.896941306144939,12,21,0.0717835450027609,0.28590328107799134,0,0.6434016655032218,0.7043369118847533,0.005988143827070847,0.6486486486486487,knn-core-v1,9e7fcaa4d017260bdf10e05b28fb0775a3964e1b,11.545,-2.0892433860414594,0,1787680855499
861,1787635200457,1787721600457,11.798,0.6,15,1.5049413255669417,-1.639276012448096,11.994868505452207,24,21,0.07010656197420079,0.26531910950024534,0,0.6071258427894425,1.5049413255669417,0.010868826887194365,0.6428571428571429,knn-core-v1,9e7fcaa4d017260bdf10e05b28fb0775a3964e1b,11.394,-3.424309204949991,0,1787722587444
862,1787637638605,1787680838605,11.824,0.5,14,0.7043369118847533,-2.1884374962649504,5.6446440025657445,12,21,0.06177606177606178,0.26544773933085347,0,0.5092374276736884,0.2333444449735762,0.026810615357001008,0.7297297297297297,knn-core-v1,9e7fcaa4d017260bdf10e05b28fb0775a3964e1b,11.545,-2.359607577807848,0,1787680855598
863,1787637638667,1787724038667,11.824,0.5333333333333333,15,0.5092442814862581,-1.9673228393512388,11.994868505452207,24,21,0.06270996640537514,0.26544773933085347,0,0.6485755451740493,1.5049413255669417,0.026810615357001008,0.5476190476190477,knn-core-v1,9e7fcaa4d017260bdf10e05b28fb0775a3964e1b,11.391,-3.6620433017591325,0,1787734826674
864,1787648857363,1787735257363,11.605,0.8666666666666667,15,5.897964846247563,1.5049413255669417,7.1813273371123865,24,9,0.7068676716917923,0.21161006127570461,0,0.7917937093746836,1.5049413255669417,0.009944752945823539,0.7674418604651163,knn-core-v1,9e7fcaa4d017260bdf10e05b28fb0775a3964e1b,11.302,-2.6109435588108645,0,1787739836718
865,1787659591692,1787745991692,11.519,0.8666666666666667,15,2.024188636561385,1.9762503250411696,5.581727823541422,24,9,0.7080779944289693,0.29339764953595604,0,1,2.024188636561385,-0.12464145432533881,0.7674418604651163,knn-core-v1,9ace9bedd93627ea15cbadb68cff4c31fdc48612,11.39729,-1.0566021356020507,0,1787752785697
866,1787659592865,1787702792865,11.519,0.6923076923076923,13,1.1912060961723834,-0.060282466414051605,1.7508884458698095,12,9,0.7059145673603505,0.29339764953595604,0,0.7571249901216993,1.7508884458698095,-0.12464145432533881,0.6410256410256411,knn-core-v1,9ace9bedd93627ea15cbadb68cff4c31fdc48612,11.261,-2.2397777584859875,0,1787703000608
867,1787659886314,1787746286314,11.567,0.9333333333333333,15,2.5050363493036665,1.9762503250411696,5.372498839302898,24,9,0.7325905292479109,0.37829316051325296,1,1,2.5050363493036665,-0.20410481706117312,0.5121951219512195,knn-core-v1,9ace9bedd93627ea15cbadb68cff4c31fdc48612,11.39729,-1.4671911472291885,0,1787752785951
868,1787659911332,1787746311332,11.572,0.8666666666666667,15,2.024188636561385,0.33951423348132415,5.581727823541422,24,9,0.7331476323119778,0.31243295177277713,0,1,2.024188636561385,-0.23635751082898146,0.7674418604651163,knn-core-v1,9ace9bedd93627ea15cbadb68cff4c31fdc48612,11.39729,-1.509764949879012,0,1787752786230
869,1787659911541,1787703111541,11.572,0.6923076923076923,13,1.1912060961723834,-0.060282466414051605,1.7508884458698095,12,9,0.7305585980284776,0.31243295177277713,0,0.6885943163752006,1.7508884458698095,-0.23635751082898146,0.6410256410256411,knn-core-v1,9ace9bedd93627ea15cbadb68cff4c31fdc48612,11.256,-2.7307293466989195,0,1787706731057
870,1787667757823,1787754157823,11.5426,0.8,15,0.8165155503558565,0.021775422806139873,2.024188636561385,24,21,0.27434613244296047,0.5981982506459509,1,0.782516394492014,0.8165155503558565,-0.12197800102816753,0.627906976744186,knn-core-v1,9ace9bedd93627ea15cbadb68cff4c31fdc48612,11.355,-1.6252837315682753,0,1787756431341
871,1787667757866,1787710957866,11.5426,0.13333333333333333,15,-0.5846444845671018,-1.313736960124805,-0.18271991647090224,12,21,0.2696078431372549,0.5981982506459509,1,0.11509384685142804,-0.5835333040434568,-0.12197800102816753,0.5128205128205128,knn-core-v1,9ace9bedd93627ea15cbadb68cff4c31fdc48612,11.427,-1.001507459324594,0,1787713223395
872,1787691655338,1787734855338,11.289,1,10,2.043072543412845,0.881536636956057,2.7207808768635102,12,9,0.7926634768740032,0.061443057921432453,0,1,0.9162752006263397,-0.09703457137531082,0.8333333333333334,knn-core-v1,9ace9bedd93627ea15cbadb68cff4c31fdc48612,11.302,0.11515634688634867,1,1787739836974
873,1787691655498,1787778055498,11.289,0.8666666666666667,15,1.504801882592376,0.8191810634681946,2.3370661473186236,24,9,0.7859495060373216,0.061443057921432453,0,0.8251296463945399,0.9945684086905316,-0.09703457137531082,0.7674418604651163,knn-core-v1,9ace9bedd93627ea15cbadb68cff4c31fdc48612,11.3032,0.1257861635220184,1,1787787053213
874,1787700215819,1787786615819,11.35,0,15,-1.2918789184952888,-2.0788951737309866,-0.9963022567290458,24,9,0.8020833333333334,0.626502806830229,1,0,-1.4877006922963614,-0.09983382033093223,0.6744186046511628,knn-core-v1,9ace9bedd93627ea15cbadb68cff4c31fdc48612,11.576,1.9911894273127828,1,1787787053457
875,1787700232935,1787786632935,11.348,0,15,-1.2918789184952888,-2.0788951737309866,-0.666561056749088,24,9,0.8020833333333334,0.46243477014578477,1,0,-1.2918789184952888,-0.12093715437220656,0.6744186046511628,knn-core-v1,9ace9bedd93627ea15cbadb68cff4c31fdc48612,11.576,2.009164610504051,1,1787787053713
876,1787702457022,1787745657022,11.281,0.3333333333333333,15,-0.3844364455544902,-0.9820728840125343,0.16142839672252918,12,9,0.8150903294367694,0.46223985210748963,1,0.4687311285188875,-0.3844364455544902,-0.20896643618613064,0.6666666666666666,knn-core-v1,9ace9bedd93627ea15cbadb68cff4c31fdc48612,11.39729,1.0308483290488373,1,1787752786476
877,1787702457047,1787788857047,11.281,0,15,-1.2918789184952888,-2.0788951737309866,-0.666561056749088,24,9,0.8092105263157895,0.46223985210748963,1,0,-1.2918789184952888,-0.20896643618613064,0.6744186046511628,knn-core-v1,9ace9bedd93627ea15cbadb68cff4c31fdc48612,11.615,2.960730431699314,1,1787799623501
878,1787703001843,1787789401843,11.261,0,15,-1.2918789184952888,-2.0788951737309866,-0.9963022567290458,24,9,0.8037280701754386,0.5992280213444745,1,0,-1.4877006922963614,-0.2496553201061429,0.6744186046511628,knn-core-v1,9ace9bedd93627ea15cbadb68cff4c31fdc48612,11.615,3.1435929313560167,1,1787799623740
879,1787703040007,1787789440007,11.256,0,15,-1.2918789184952888,-2.0788951737309866,-0.9963022567290458,24,9,0.8031798245614035,0.5992720992591468,1,0,-1.4877006922963614,-0.2911126234600236,0.6744186046511628,knn-core-v1,9ace9bedd93627ea15cbadb68cff4c31fdc48612,11.615,3.1894100923951667,1,1787799623842
880,1787706732710,1787793132710,11.387,0.26666666666666666,15,-0.666561056749088,-2.0788951737309866,1.2552148137305128,24,9,0.8399122807017544,0.6176761530867035,1,0.08221524156578307,-2.0788951737309866,-0.22346288535506936,0.7209302325581395,knn-core-v1,a01ba6629584b7f00edea1e9161074d00be36beb,11.615,2.0022833055238407,1,1787799623931
881,1787713223884,1787756423884,11.427,0.26666666666666666,15,-0.5356199555287975,-0.9820728840125343,0.9422241903145367,12,9,0.849973586899102,0.11622294085593686,0,0.16633299271051297,-0.9820728840125343,-0.1654635177652605,0.6666666666666666,knn-core-v1,a01ba6629584b7f00edea1e9161074d00be36beb,11.166,-2.2840640588080796,0,1787756431468
882,1787722588594,1787808988594,11.394,0.3333333333333333,15,-1.9060823437217342,-2.074477747502276,0.6063772906236228,24,9,0.8462371413102329,0.3667627014317842,1,0.4059134026962328,-1.84090688886737,-0.1256886951867846,0.8604651162790697,knn-core-v1,a01ba6629584b7f00edea1e9161074d00be36beb,11.547,1.3428120063191193,1,1787810424901
883,1787722620795,1787809020795,11.397,0.3333333333333333,15,-1.9060823437217342,-2.074477747502276,0.6063772906236228,24,15,0.6128857606930157,0.36682507049212554,1,0.38173926352592596,-1.84090688886737,-0.038592855395354425,0.8604651162790697,knn-core-v1,a01ba6629584b7f00edea1e9161074d00be36beb,11.547,1.3161358252171655,1,1787810425161
884,1787722620923,1787765820923,11.397,0,15,-1.7668789189714724,-2.1281179681141325,-1.3378618557203201,12,15,0.6162361623616236,0.36682507049212554,1,0,-1.7668789189714724,-0.038592855395354425,0.5128205128205128,knn-core-v1,a01ba6629584b7f00edea1e9161074d00be36beb,11.238,-1.3951039747301983,0,1787767226525
885,1787724026321,1787767226321,11.391,0,15,-1.5275182349749787,-2.1281179681141325,-1.2615317562168638,12,15,0.5767000527148128,0.28436349098376135,0,0,-1.5275182349749787,0.01721197376507129,0.5128205128205128,knn-core-v1,a01ba6629584b7f00edea1e9161074d00be36beb,11.238,-1.3431656570977129,0,1787767226638
886,1787734827179,1787821227179,11.302,0.2,15,-3.0008598452278603,-3.0091995529189206,-0.8608643577203307,24,15,0.6195593766792047,0.4953942362413958,1,0.1896298137717762,-3.0081154720154144,0.019327709964928014,0.7446808510638298,knn-core-v1,a01ba6629584b7f00edea1e9161074d00be36beb,11.625,2.8579012564147974,1,1787821235636
887,1787734828724,1787778028724,11.302,0,15,-2.438813456715385,-2.7307293466989195,-0.5846444845671018,12,15,0.6203264876250658,0.302842047852413,0,0,-2.438813456715385,0.019327709964928014,0.5,knn-core-v1,a01ba6629584b7f00edea1e9161074d00be36beb,11.3032,0.010617589807120475,1,1787787053981
888,1787739838312,1787826238312,11.347,0.26666666666666666,15,-0.4354404221557894,-1.4877006922963614,0.6269325347551796,24,15,0.6333155934007451,0.27959072809736685,0,0.3990161038260901,-0.19948527872528074,0.018337254507251734,0.7446808510638298,knn-core-v1,a01ba6629584b7f00edea1e9161074d00be36beb,11.855,4.476954261038168,1,1787832037502
889,1787739856043,1787783056043,11.351,0,15,-2.1633362293657736,-2.438813456715385,-1.313736960124805,12,15,0.35281727224855186,0.40256073816209514,1,0,-2.2397777584859875,0.009818854718718493,0.5,knn-core-v1,a01ba6629584b7f00edea1e9161074d00be36beb,11.576,1.9822042110827207,1,1787787054234
890,1787739856087,1787826256087,11.351,0.26666666666666666,15,-0.4354404221557894,-1.9060823437217342,0.6269325347551796,24,15,0.3528472591804151,0.4772706678040601,1,0.29736460877245974,-0.4354404221557894,0.009818854718718493,0.7446808510638298,knn-core-v1,a01ba6629584b7f00edea1e9161074d00be36beb,11.855,4.440137432825297,1,1787832037597
891,1787745627694,1787832027694,11.39729,0.26666666666666666,15,-0.4354404221557894,-2.0194193564008844,0.6269325347551796,24,15,0.36416799574694314,0.4232846043432277,1,0.3213662363618193,-0.4354404221557894,-0.0017869979013944522,0.7446808510638298,knn-core-v1,a01ba6629584b7f00edea1e9161074d00be36beb,11.855,4.015954669925925,1,1787832037685
892,1787745627724,1787788827724,11.39729,0,15,-2.1633362293657736,-2.438813456715385,-1.313736960124805,12,15,0.36296685954760655,0.4025839536083389,1,0,-2.1633362293657736,-0.0017869979013944522,0.5,knn-core-v1,a01ba6629584b7f00edea1e9161074d00be36beb,11.615,1.9101909313529821,1,1787799624031
893,1787752787786,1787839187786,11.337,0.2,15,-1.9060823437217342,-2.0194193564008844,-0.4354404221557894,24,15,0.4165781083953241,0.34814742674079724,0,0.16400951508390077,-1.9060823437217342,-0.012753207455888257,0.7446808510638298,knn-core-v1,a01ba6629584b7f00edea1e9161074d00be36beb,11.757,3.704683778777454,1,1787842853915
894,1787752803830,1787796003830,11.337,0,15,-1.4063848144952567,-2.438813456715385,-1.2986225628091848,12,15,0.4009458749343142,0.4075278991579406,1,0,-2.1633362293657736,-0.006732304557779411,0.5,knn-core-v1,a01ba6629584b7f00edea1e9161074d00be36beb,11.615,2.4521478345241285,1,1787799624130
895,1787752804877,1787839204877,11.337,0.3333333333333333,15,-0.4354404221557894,-1.9060823437217342,0.6269325347551796,24,15,0.4027630180658874,0.5168883491059008,1,0.3289439535072098,-0.4354404221557894,-0.006732304557779411,0.7446808510638298,knn-core-v1,a01ba6629584b7f00edea1e9161074d00be36beb,11.757,3.704683778777454,1,1787842854369
896,1787752863076,1787839263076,11.33,0.26666666666666666,15,-0.4354404221557894,-1.9060823437217342,0.6269325347551796,24,15,0.4022316684378321,0.41357952559898925,1,0.3468226686885881,-0.4354404221557894,-0.016252967094136497,0.7446808510638298,knn-core-v1,a01ba6629584b7f00edea1e9161074d00be36beb,11.757,3.768755516328328,1,1787842854618
897,1787752880038,1787839280038,11.331,0.3333333333333333,15,-0.4354404221557894,-1.9060823437217342,0.6269325347551796,24,15,0.4032943676939426,0.5107710591713724,1,0.3509596998009468,-0.4354404221557894,-0.026642956105455286,0.7446808510638298,knn-core-v1,a01ba6629584b7f00edea1e9161074d00be36beb,11.757,3.7595975642043964,1,1787842854887
898,1787752880324,1787796080324,11.331,0,15,-2.1633362293657736,-2.438813456715385,-1.313736960124805,12,15,0.40147136100893327,0.4029580412972625,1,0,-2.2397777584859875,-0.026642956105455286,0.5,knn-core-v1,a01ba6629584b7f00edea1e9161074d00be36beb,11.615,2.5063983761362696,1,1787799624221
899,1787756431847,1787799631847,11.166,0.06666666666666667,15,-1.2986225628091848,-2.8077314343845203,-0.8038662136944316,12,9,0.6696381751442055,0.5682861321345868,1,0.12876738449230707,-1.2615317562168638,-0.04605929915693454,0.5,knn-core-v1,a01ba6629584b7f00edea1e9161074d00be36beb,11.547,3.41214400859753,1,1787800364473
900,1787756433395,1787842833395,11.166,0.13333333333333333,15,-1.8272868367445767,-2.301300061907697,-1.2918789184952888,24,9,0.6758767268862912,0.5682861321345868,1,0.11761903359461454,-1.6863144036861768,-0.04605929915693454,0.6595744680851063,knn-core-v1,a01ba6629584b7f00edea1e9161074d00be36beb,11.757,5.2928533046749,1,1787842855144
901,1787787055416,1787873455416,11.576,0.2,15,-1.9060823437217342,-2.074477747502276,-1.8272868367445767,24,9,0.8736176935229067,0.3954966998155279,1,0.12995357767573623,-1.9060823437217342,-0.05785414002725479,0.7446808510638298,knn-core-v1,a01ba6629584b7f00edea1e9161074d00be36beb,11.889,2.7038700760193404,1,1787875253090
902,1787787095439,1787873495439,11.586,0.13333333333333333,15,-1.970124958107894,-2.074477747502276,-1.8272868367445767,24,9,0.8736176935229067,0.4532038893521164,1,0.26205659226624295,-1.84090688886737,0.04894612443050437,0.6595744680851063,knn-core-v1,a01ba6629584b7f00edea1e9161074d00be36beb,11.889,2.6152252718798468,1,1787875253216
903,1787787095608,1787830295608,11.586,0,15,-1.2986225628091848,-2.1281179681141325,-1.1032394792612878,12,9,0.8748696558915537,0.4532038893521164,1,0,-1.1032394792612878,0.04894612443050437,0.5,knn-core-v1,a01ba6629584b7f00edea1e9161074d00be36beb,11.855,2.3217676506128098,1,1787832037778
904,1787788823170,1787832023170,11.615,0.06666666666666667,15,-2.087614926987542,-2.372589865323127,-0.8038662136944316,12,9,0.8748696558915537,0.6164045380682539,1,0,-1.1032394792612878,0.273723797465693,0.5,knn-core-v1,135925d3dc1c0bfa3ea647046579bf8737a53b6e,11.855,2.066293585880329,1,1787832037875
905,1787788823584,1787875223584,11.615,0.13333333333333333,15,-1.84090688886737,-2.074477747502276,-1.1962744595402786,24,9,0.8114797261716693,0.6194229080426266,1,0.2283782891950941,-1.84090688886737,0.31801451200301584,0.6595744680851063,knn-core-v1,135925d3dc1c0bfa3ea647046579bf8737a53b6e,11.889,2.3590185105466994,1,1787875253337
906,1787810427124,1787853627124,11.625,0.5333333333333333,15,1.6908850726552194,-1.1032394792612878,1.7715494447382383,12,9,0.8323013415892673,0.06180545882419709,0,0.827088201351951,3.41214400859753,0.25527168668959027,0.7,knn-core-v1,135925d3dc1c0bfa3ea647046579bf8737a53b6e,11.845,1.8924731182795755,1,1787853653675
907,1787821238196,1787864438196,11.855,0.3333333333333333,15,-0.6713105254590268,-1.2441414571793696,1.6908850726552194,12,9,0.8752577319587629,0.4562084214936476,1,0.37951226994143467,-0.5725027770657112,0.25788265999204407,0.6585365853658537,knn-core-v1,135925d3dc1c0bfa3ea647046579bf8737a53b6e,11.891,0.30366933783213484,1,1787864453342
908,1787864455869,1787950855869,11.889,0.5333333333333333,15,0.2159750323369236,-4.863169897377412,3.1441069141351807,24,9,0.824045407636739,0,0,0.355073262065508,-4.005722460658082,0.24524413383230992,0.8367346938775511,knn-core-v1,5b448b7b29ad94ef26efc65a1fe5befb07773db4,11.36,-4.449491126251156,0,1787950978275
909,1787886054176,1787972454176,11.723,0.5333333333333333,15,2.168841268469709,-2.965487856838509,4.064663478695326,24,9,0.86302780638517,0.7794471195845517,1,0.2401433371827581,-2.8661605391111515,0.2032232051318431,0.8367346938775511,knn-core-v1,40d5cf1fb83adca9cf06824d4284d367d9df3689,11.386,-2.8746907788108973,0,1787983252962
910,1787896853956,1787983253956,11.788,0.7333333333333333,15,2.865527360607621,-0.6830470357433388,4.315279612505505,24,9,0.7353846153846154,0.5595618637194489,1,0.875617432047271,2.8921695588362177,0.0912689907841286,0.5918367346938775,knn-core-v1,40d5cf1fb83adca9cf06824d4284d367d9df3689,11.369,-3.5544621649134753,0,1787994053051
911,1787896854245,1787940054245,11.788,0.8,15,1.3693969550055252,0.2867988190636771,2.2881720430107526,12,9,0.7316326530612245,0.43373686243422277,1,0.8980699157283245,1.3693969550055252,0.0912689907841286,0.5609756097560976,knn-core-v1,40d5cf1fb83adca9cf06824d4284d367d9df3689,11.467,-2.723108245673564,0,1787950853248
912,1787907654452,1787950854452,11.65,0.6,15,1.3693969550055252,-2.8077314343845203,1.6908850726552194,12,9,0.7920489296636085,0.21731515034603643,0,0.6860028453672621,1.3693969550055252,0.03769316610464575,0.5238095238095238,knn-core-v1,40d5cf1fb83adca9cf06824d4284d367d9df3689,11.36,-2.489270386266102,0,1787950978682
913,1787907654996,1787994054996,11.65,0.26666666666666666,15,-2.301300061907697,-3.650374699533404,4.315279612505505,24,9,0.7566598360655737,0.441078949078095,1,0.212798110250335,-1.6863144036861768,-0.02135966277195621,0.74,knn-core-v1,40d5cf1fb83adca9cf06824d4284d367d9df3689,11.302,-2.98712446351932,0,1788004853030
914,1787929254545,1787972454545,11.869,0.6666666666666666,15,1.7087994362723582,-0.6713105254590268,1.7715494447382383,12,9,0.8601220752797558,0.16116841760846026,0,0.6722603043722726,1.6908850726552194,-0.08770338111656008,0.6428571428571429,knn-core-v1,40d5cf1fb83adca9cf06824d4284d367d9df3689,11.386,-4.069424551352267,0,1787983253111
915,1787929254545,1788015654545,11.869,0.8,15,4.315279612505505,1.5242054213215566,4.398025735942187,24,9,0.8594069529652352,0.16116841760846026,0,1,4.315279612505505,-0.08770338111656008,0.56,knn-core-v1,40d5cf1fb83adca9cf06824d4284d367d9df3689,11.453,-3.504928806133629,0,1788026452753
916,1787961654834,1788004854834,11.424,0.4666666666666667,15,-0.6713105254590268,-1.1032394792612878,1.1538130010220555,12,9,0.9183569979716024,0.8520788029282322,1,0.5839875815259843,0.11515634688634867,-0.28435489635454897,0.7380952380952381,knn-core-v1,40d5cf1fb83adca9cf06824d4284d367d9df3689,11.2995,-1.0898109243697427,0,1788006539193
917,1787961654845,1788048054845,11.424,0.26666666666666666,15,-0.4354404221557894,-1.84090688886737,0.1257861635220184,24,9,0.9174311926605505,0.8515406146070434,1,0.0985477637478877,-0.4354404221557894,-0.2988572149241484,0.74,knn-core-v1,40d5cf1fb83adca9cf06824d4284d367d9df3689,11.448,0.21008403361345335,1,1788050262650
918,1787972454375,1788015654375,11.386,0.5333333333333333,15,0.11515634688634867,-3.0418614661676657,1.1538130010220555,12,9,0.9178498985801217,0.8946261659684175,1,0.7899958864447585,0.9422241903145367,-0.3653543595930625,0.5238095238095238,knn-core-v1,40d5cf1fb83adca9cf06824d4284d367d9df3689,11.453,0.588441946249782,1,1788026452954
919,1787972454763,1788058854763,11.386,0.13333333333333333,15,-0.4354404221557894,-1.8856193129506316,-0.13688663073907406,24,9,0.9170061099796334,0.9125721108508885,1,0.24961706150464955,-0.19948527872528074,-0.42842439317266334,0.72,knn-core-v1,40d5cf1fb83adca9cf06824d4284d367d9df3689,11.395,0.07904444054101828,1,1788059495236
920,1787983254544,1788069654544,11.369,0.13333333333333333,15,-1.3837649390498692,-2.3176026595052464,-0.13688663073907406,24,9,0.917090539165819,0.9417968697817991,1,0.12535234424534458,-0.666561056749088,-0.4076670882501065,0.72,knn-core-v1,40d5cf1fb83adca9cf06824d4284d367d9df3689,11.398,0.25507960242765343,1,1788072046104
921,1787983254969,1788026454969,11.369,0.4666666666666667,15,-0.01419345681639557,-1.6016016016016135,1.1318456964790922,12,9,0.914387031408308,0.940774374014678,1,0.7658068185382443,0.5446042005235016,-0.38698179222878626,0.7380952380952381,knn-core-v1,40d5cf1fb83adca9cf06824d4284d367d9df3689,11.383,0.12314187703403419,1,1788037252785
922,1787994055723,1788037255723,11.302,0.6,15,0.16142839672252918,-0.439097216123656,0.275209112243713,12,9,0.8922064777327935,1.1256327466094584,1,0.57254055535605,0.16142839672252918,-0.3148264178009359,0.5238095238095238,knn-core-v1,40d5cf1fb83adca9cf06824d4284d367d9df3689,11.448,1.2918067598655176,1,1788048053058
923,1787994055723,1788080455723,11.302,0.3333333333333333,15,-0.666561056749088,-2.0788951737309866,1.9249784628181081,24,9,0.8927845528455285,1.1256327466094584,1,0.3873285877105113,-1.7156263747006164,-0.3148264178009359,0.88,knn-core-v1,40d5cf1fb83adca9cf06824d4284d367d9df3689,11.377,0.6635993629446211,1,1788091203719
924,1788004854978,1788091254978,11.2995,0.3333333333333333,15,-0.666561056749088,-2.0788951737309866,0.1257861635220184,24,9,0.8918781725888325,1.5696124904873547,1,0.1131227057606073,-1.7156263747006164,-0.2915222822145241,0.88,knn-core-v1,40d5cf1fb83adca9cf06824d4284d367d9df3689,11.409,0.9690694278507951,1,1788102003461
925,1788015654117,1788102054117,11.453,0.3333333333333333,15,-0.666561056749088,-2.0788951737309866,0.1257861635220184,24,9,0.7053752535496958,1.2696818737112734,1,0,-1.7156263747006164,-0.2473868751087967,0.88,knn-core-v1,40d5cf1fb83adca9cf06824d4284d367d9df3689,11.544,0.7945516458569902,1,1788112803439
926,1788026454526,1788069654526,11.383,0.6,15,0.16142839672252918,-0.439097216123656,0.4343496651392242,12,9,0.6649848637739657,0.754137239336823,1,0.5509882955504483,0.16142839672252918,-0.14384559359067695,0.5238095238095238,knn-core-v1,40d5cf1fb83adca9cf06824d4284d367d9df3689,11.398,0.13177545462532347,1,1788072046352
927,1788037254668,1788123654668,11.448,0.2,15,-0.8608643577203307,-2.0752958387899647,-0.2270449138316316,24,9,0.6833839918946302,0,0,0.13208886302434777,-0.7794751805852143,-0.09521062343537501,0.74,knn-core-v1,40d5cf1fb83adca9cf06824d4284d367d9df3689,11.511,0.5503144654087948,1,1788125580754
928,1788048054166,1788134454166,11.448,0.3333333333333333,15,-0.666561056749088,-2.0788951737309866,0.1257861635220184,24,9,0.6791497975708503,0.9771537399552571,1,0.36140281385037365,-0.666561056749088,0.0394754442359065,0.88,knn-core-v1,40d5cf1fb83adca9cf06824d4284d367d9df3689,11.135,-2.734102026554862,0,1788145202954
929,1788058854633,1788145254633,11.395,0,15,-0.666561056749088,-1.84090688886737,-0.19948527872528074,24,9,0.6850353892821032,0.40220469339203613,1,0,-0.666561056749088,0.06696913941623713,0.72,knn-core-v1,de3ae03f12deda484b9d59c12d876cf0006027fc,11.073,-2.8258007898200894,0,1788156002741
930,1788069654398,1788112854398,11.398,0.7333333333333333,15,0.3308553744057681,-0.015791425997548188,0.34302088119672514,12,9,0.6648241206030151,0.21246509400050195,0,0.9153381731296414,0.3351236373305059,0.056880181615216435,0.6666666666666666,knn-core-v1,de3ae03f12deda484b9d59c12d876cf0006027fc,11.654,2.2460080715915094,1,1788123603249
931,1788069654398,1788156054398,11.398,0.2,15,-0.14889023599103599,-0.16375487808767944,-0.13678290022293563,24,9,0.6671717171717172,0.21246509400050195,0,0.1429998178538174,-0.14464238234512394,0.056880181615216435,0.74,knn-core-v1,de3ae03f12deda484b9d59c12d876cf0006027fc,11.261,-1.2019652570626467,0,1788166802673
932,1788080403157,1788123603157,11.377,0.2857142857142857,14,-0.5307318450874907,-0.8837732664447274,0.07285886024456568,12,21,0.32831325301204817,0.24838975145684283,0,0.36808706670259655,-0.5307318450874907,0.030401746323137187,0.5238095238095238,knn-core-v1,9e6ad008d37c937306bffe5b40ea7dd0bb26a179,11.654,2.434736749582484,1,1788123603289
933,1788080404189,1788166804189,11.377,0.6666666666666666,15,0.579651009288831,-0.7704733239590479,1.5130190007037383,24,21,0.32996972754793136,0.24838975145684283,0,0.7218675311134557,0.5995619966252257,0.030401746323137187,0.66,knn-core-v1,9e6ad008d37c937306bffe5b40ea7dd0bb26a179,11.2685,-0.9536784741144515,0,1788177603814
934,1788091205357,1788134405357,11.409,0.8181818181818182,11,0.7371007371007223,0.518684859283854,1.018634148730377,12,15,0.35005015045135407,0.18249205977048405,0,0.829808645103146,0.7371007371007223,0.019913946661976965,0.6190476190476191,knn-core-v1,9e6ad008d37c937306bffe5b40ea7dd0bb26a179,11.135,-2.401612761854684,0,1788145202990
935,1788112803923,1788156003923,11.654,0.4666666666666667,15,-0.31656194541705407,-1.3799558414130773,1.1838839029978916,12,15,0.6161161161161162,0.1640432268909235,0,0.404803269576696,-1.0596697885488033,0.06509336856098343,0.7380952380952381,knn-core-v1,9e6ad008d37c937306bffe5b40ea7dd0bb26a179,11.261,-3.3722327097992166,0,1788166802700
936,1788134403408,1788177603408,11.135,0.42857142857142855,14,-0.12747892388544202,-0.31942811679908395,0.48263586080017196,12,9,0.9055944055944056,0.06284117705021834,0,0.25,-0.3045384524232788,0.07672421329581092,0.7380952380952381,knn-core-v1,9e6ad008d37c937306bffe5b40ea7dd0bb26a179,11.2685,1.198922317018408,1,1788177603847
937,1788156003137,1788242403137,11.261,0.8666666666666667,15,0.6635993629446211,0.25507960242765343,0.9690694278507951,24,9,0.9163326653306614,0.3718670653022999,1,0.8407705524252038,0.7945516458569902,-0.12832202638380893,0.68,knn-core-v1,9e6ad008d37c937306bffe5b40ea7dd0bb26a179,,,,
938,1788166803178,1788210003178,11.2685,0.6666666666666666,15,1.1610953247554863,-0.32868082581057917,1.1828018549264423,12,9,0.9168326693227091,0.3072943566046238,0,0.8997671310181543,1.1621719418488274,-0.3075480003353682,0.627906976744186,knn-core-v1,9e6ad008d37c937306bffe5b40ea7dd0bb26a179,,,,
939,1788166803242,1788253203242,11.2685,0.8666666666666667,15,0.5587365105042487,0.5491055751242462,0.8186866662849986,24,9,0.9164164164164165,0.3072943566046238,0,0.8997671310181543,0.5587365105042487,-0.3075480003353682,0.7058823529411765,knn-core-v1,9e6ad008d37c937306bffe5b40ea7dd0bb26a179,,,,
940,1788177606279,1788264006279,11.242,0.8,15,0.5725492677063188,0.5449849786538797,0.639402380349446,24,9,0.91,0.18178488767245585,0,1,0.5725492677063188,-0.27134449445649045,0.49019607843137253,knn-core-v1,9e6ad008d37c937306bffe5b40ea7dd0bb26a179,,,,
