id,ts,coin,horizon_hours,chosen_variant,chosen_p_up,lca_score,comparison_count,corrected_alpha,cleared_gate,k_sel,reason,prediction_ts,scores_json
1,1786946421646,LINK,12,original,0.4666666666666667,1,6,0.008333333333333333,0,15,"No variant's local edge cleared the significance bar (needed >69.1pts above 50%, best was experimental at +50.0pts on n=3) -- defaulting to Original k-NN.",1786946417264,
2,1786946421839,LINK,24,original,0.6,0.8571428571428571,6,0.008333333333333333,0,15,"No variant's local edge cleared the significance bar (needed >45.2pts above 50%, best was challenger_calibrated at +35.7pts on n=7) -- defaulting to Original k-NN.",1786946417730,
3,1786946422150,BTC,24,original,0.4,0.75,6,0.008333333333333333,0,15,"No variant's local edge cleared the significance bar (needed >42.3pts above 50%, best was original at +25.0pts on n=8) -- defaulting to Original k-NN.",1786946417966,
4,1786946422499,BTC,12,original,0.26666666666666666,1,4,0.0125,0,15,"No variant's local edge cleared the significance bar (needed >64.7pts above 50%, best was challenger_flat at +50.0pts on n=3) -- defaulting to Original k-NN.",1786946418443,
5,1786957222430,LINK,24,original,1,0.8,6,0.008333333333333333,0,15,"No variant's local edge cleared the significance bar (needed >37.9pts above 50%, best was calibrated at +30.0pts on n=10) -- defaulting to Original k-NN.",1786957217437,
6,1786957222511,LINK,12,original,0.3333333333333333,0.3333333333333333,6,0.008333333333333333,0,15,"No variant's local edge cleared the significance bar (needed >69.1pts above 50%, best was experimental at +-16.7pts on n=3) -- defaulting to Original k-NN.",1786957217562,
7,1786957222735,BTC,12,original,0.26666666666666666,0.6,6,0.008333333333333333,0,15,"No variant's local edge cleared the significance bar (needed >53.5pts above 50%, best was original at +10.0pts on n=5) -- defaulting to Original k-NN.",1786957217564,
8,1786957222737,BTC,24,original,0.4666666666666667,0.6666666666666666,6,0.008333333333333333,0,15,"No variant's local edge cleared the significance bar (needed >48.9pts above 50%, best was calibrated at +16.7pts on n=6) -- defaulting to Original k-NN.",1786957217564,
9,1786968019504,LINK,12,original,0.2,0.4,6,0.008333333333333333,0,15,"No variant's local edge cleared the significance bar (needed >30.9pts above 50%, best was calibrated at +-10.0pts on n=15) -- defaulting to Original k-NN.",1786968016444,
10,1786968019510,LINK,24,original,0.7333333333333333,0.8,6,0.008333333333333333,0,15,"No variant's local edge cleared the significance bar (needed >37.9pts above 50%, best was calibrated at +30.0pts on n=10) -- defaulting to Original k-NN.",1786968016267,
11,1786968019895,BTC,12,original,0.26666666666666666,0.8,6,0.008333333333333333,0,15,"No variant's local edge cleared the significance bar (needed >53.5pts above 50%, best was challenger_flat at +30.0pts on n=5) -- defaulting to Original k-NN.",1786968016665,
12,1786968020380,BTC,24,original,0.4,0.75,6,0.008333333333333333,0,15,"No variant's local edge cleared the significance bar (needed >42.3pts above 50%, best was original at +25.0pts on n=8) -- defaulting to Original k-NN.",1786968017401,
13,1786978822960,LINK,24,experimental,0.8071726992977077,0.9,6,0.008333333333333333,1,15,"experimental locally outperformed (90% correct on 10 same-direction matches among the 15 most similar historical moments), clearing the significance bar for 6 variant(s) compared.",1786978815572,
14,1786978822992,LINK,12,original,0.2,0.8,6,0.008333333333333333,0,15,"No variant's local edge cleared the significance bar (needed >53.5pts above 50%, best was experimental at +30.0pts on n=5) -- defaulting to Original k-NN.",1786978815757,
15,1786978823106,BTC,24,original,0.3333333333333333,0.75,6,0.008333333333333333,0,15,"No variant's local edge cleared the significance bar (needed >42.3pts above 50%, best was original at +25.0pts on n=8) -- defaulting to Original k-NN.",1786978816559,
16,1786978823209,BTC,12,original,0.13333333333333333,0.75,6,0.008333333333333333,0,15,"No variant's local edge cleared the significance bar (needed >59.9pts above 50%, best was original at +25.0pts on n=4) -- defaulting to Original k-NN.",1786978816323,
17,1786989620009,BTC,12,original,0.2,0.42857142857142855,6,0.008333333333333333,0,15,"No variant's local edge cleared the significance bar (needed >45.2pts above 50%, best was calibrated at +-7.1pts on n=7) -- defaulting to Original k-NN.",1786989613803,
18,1786989620043,LINK,12,original,0.14285714285714285,0.4,5,0.01,0,15,"No variant's local edge cleared the significance bar (needed >30.0pts above 50%, best was calibrated at +-10.0pts on n=15) -- defaulting to Original k-NN.",1786989614566,
19,1786989620221,LINK,24,calibrated,0.8636363636363636,1,5,0.01,1,15,"calibrated locally outperformed (100% correct on 10 same-direction matches among the 15 most similar historical moments), clearing the significance bar for 5 variant(s) compared.",1786989614326,
20,1786989620235,BTC,24,original,0.2,0.8,6,0.008333333333333333,0,15,"No variant's local edge cleared the significance bar (needed >53.5pts above 50%, best was calibrated at +30.0pts on n=5) -- defaulting to Original k-NN.",1786989613981,
21,1787000416826,LINK,12,original,0.8333333333333334,0.5,6,0.008333333333333333,0,15,"No variant's local edge cleared the significance bar (needed >37.9pts above 50%, best was experimental at +0.0pts on n=10) -- defaulting to Original k-NN.",1787000412982,
22,1787000416830,BTC,24,original,0.26666666666666666,0.7142857142857143,6,0.008333333333333333,0,15,"No variant's local edge cleared the significance bar (needed >45.2pts above 50%, best was original at +21.4pts on n=7) -- defaulting to Original k-NN.",1787000412982,
23,1787000416954,BTC,12,original,0.7333333333333333,0.3333333333333333,6,0.008333333333333333,0,15,"No variant's local edge cleared the significance bar (needed >69.1pts above 50%, best was challenger_calibrated at +-16.7pts on n=3) -- defaulting to Original k-NN.",1787000413208,
24,1787000416958,LINK,24,challenger_calibrated,0.875,1,6,0.008333333333333333,1,15,"challenger_calibrated locally outperformed (100% correct on 6 same-direction matches among the 15 most similar historical moments), clearing the significance bar for 6 variant(s) compared.",1787000412990,
25,1787011217783,LINK,12,original,0.8,1,6,0.008333333333333333,0,15,"No variant's local edge cleared the significance bar (needed >69.1pts above 50%, best was experimental at +50.0pts on n=3) -- defaulting to Original k-NN.",1787011213429,
26,1787011217784,LINK,24,calibrated,0.8636363636363636,1,5,0.01,1,15,"calibrated locally outperformed (100% correct on 10 same-direction matches among the 15 most similar historical moments), clearing the significance bar for 5 variant(s) compared.",1787011213236,
27,1787011218062,BTC,24,original,0.26666666666666666,0.6923076923076923,6,0.008333333333333333,0,15,"No variant's local edge cleared the significance bar (needed >33.2pts above 50%, best was challenger_flat at +19.2pts on n=13) -- defaulting to Original k-NN.",1787011213819,
28,1787011218155,BTC,12,original,0.4666666666666667,0.5714285714285714,6,0.008333333333333333,0,15,"No variant's local edge cleared the significance bar (needed >45.2pts above 50%, best was challenger_calibrated at +7.1pts on n=7) -- defaulting to Original k-NN.",1787011213612,
29,1787022015094,LINK,24,calibrated,0.7272727272727273,1,6,0.008333333333333333,1,15,"calibrated locally outperformed (100% correct on 10 same-direction matches among the 15 most similar historical moments), clearing the significance bar for 6 variant(s) compared.",1787022012565,
30,1787022015871,LINK,12,calibrated,0.5909090909090909,1,2,0.025,1,15,"calibrated locally outperformed (100% correct on 15 same-direction matches among the 15 most similar historical moments), clearing the significance bar for 2 variant(s) compared.",1787022013202,
31,1787022015875,BTC,24,original,0.26666666666666666,0.6666666666666666,6,0.008333333333333333,0,15,"No variant's local edge cleared the significance bar (needed >34.6pts above 50%, best was original at +16.7pts on n=12) -- defaulting to Original k-NN.",1787022012976,
32,1787022015977,BTC,12,original,0.4666666666666667,1,5,0.01,0,15,"No variant's local edge cleared the significance bar (needed >67.2pts above 50%, best was challenger_calibrated at +50.0pts on n=3) -- defaulting to Original k-NN.",1787022013204,
33,1787032819308,LINK,24,original,0.9333333333333333,0.7,5,0.01,0,15,"No variant's local edge cleared the significance bar (needed >36.8pts above 50%, best was calibrated at +20.0pts on n=10) -- defaulting to Original k-NN.",1787032813422,
34,1787032819455,LINK,12,original,0.8,0.2727272727272727,5,0.01,0,15,"No variant's local edge cleared the significance bar (needed >35.1pts above 50%, best was calibrated at +-22.7pts on n=11) -- defaulting to Original k-NN.",1787032813616,
35,1787032819770,BTC,12,original,0.4,0.75,6,0.008333333333333333,0,15,"No variant's local edge cleared the significance bar (needed >59.9pts above 50%, best was original at +25.0pts on n=4) -- defaulting to Original k-NN.",1787032813616,
36,1787032819815,BTC,24,original,0.2,0.2,6,0.008333333333333333,0,15,"No variant's local edge cleared the significance bar (needed >53.5pts above 50%, best was original at +-30.0pts on n=5) -- defaulting to Original k-NN.",1787032813616,
37,1787043616174,LINK,24,original,0.6666666666666666,0.1,1,0.05,0,15,"No variant's local edge cleared the significance bar (needed >26.0pts above 50%, best was original at +-40.0pts on n=10) -- defaulting to Original k-NN.",1787043612594,
38,1787043616454,LINK,12,challenger_calibrated,0.529,1,2,0.025,1,15,"challenger_calibrated locally outperformed (100% correct on 5 same-direction matches among the 15 most similar historical moments), clearing the significance bar for 2 variant(s) compared.",1787043612827,
39,1787043617004,BTC,12,original,0.6,0.4,5,0.01,0,15,"No variant's local edge cleared the significance bar (needed >52.0pts above 50%, best was experimental at +-10.0pts on n=5) -- defaulting to Original k-NN.",1787043613243,
40,1787043617020,BTC,24,original,0.8666666666666667,1,5,0.01,0,15,"No variant's local edge cleared the significance bar (needed >67.2pts above 50%, best was original at +50.0pts on n=3) -- defaulting to Original k-NN.",1787043613243,
41,1787054417695,LINK,12,original,0.6,1,3,0.016666666666666666,0,15,"No variant's local edge cleared the significance bar (needed >53.2pts above 50%, best was calibrated at +50.0pts on n=4) -- defaulting to Original k-NN.",1787054412864,
42,1787054417758,LINK,24,original,0.4,0.3333333333333333,2,0.025,0,15,"No variant's local edge cleared the significance bar (needed >40.0pts above 50%, best was original at +-16.7pts on n=6) -- defaulting to Original k-NN.",1787054413052,
43,1787054418618,BTC,24,original,0.26666666666666666,0.625,6,0.008333333333333333,0,15,"No variant's local edge cleared the significance bar (needed >42.3pts above 50%, best was calibrated at +12.5pts on n=8) -- defaulting to Original k-NN.",1787054413076,
44,1787054418725,BTC,12,original,0.8666666666666667,0.3333333333333333,5,0.01,0,15,"No variant's local edge cleared the significance bar (needed >38.8pts above 50%, best was original at +-16.7pts on n=9) -- defaulting to Original k-NN.",1787054414140,
45,1787065219392,LINK,24,original,0.6,0.5,5,0.01,0,15,"No variant's local edge cleared the significance bar (needed >58.2pts above 50%, best was calibrated at +0.0pts on n=4) -- defaulting to Original k-NN.",1787065213621,
46,1787065219505,BTC,24,original,0.4666666666666667,1,3,0.016666666666666666,0,15,"No variant's local edge cleared the significance bar (needed >61.4pts above 50%, best was original at +50.0pts on n=3) -- defaulting to Original k-NN.",1787065213154,
47,1787065219510,LINK,12,original,0.6,0.625,5,0.01,0,15,"No variant's local edge cleared the significance bar (needed >41.1pts above 50%, best was experimental at +12.5pts on n=8) -- defaulting to Original k-NN.",1787065213357,
48,1787065219549,BTC,12,original,0.7333333333333333,0.6363636363636364,5,0.01,0,15,"No variant's local edge cleared the significance bar (needed >35.1pts above 50%, best was calibrated at +13.6pts on n=11) -- defaulting to Original k-NN.",1787065212948,
49,1787076015780,LINK,24,original,0.8,0.25,5,0.01,0,15,"No variant's local edge cleared the significance bar (needed >41.1pts above 50%, best was original at +-25.0pts on n=8) -- defaulting to Original k-NN.",1787076012596,
50,1787076015955,LINK,12,original,0.8181818181818182,0.625,5,0.01,0,15,"No variant's local edge cleared the significance bar (needed >41.1pts above 50%, best was experimental at +12.5pts on n=8) -- defaulting to Original k-NN.",1787076012809,
51,1787076016091,BTC,12,original,0.3333333333333333,0.46153846153846156,4,0.0125,0,15,"No variant's local edge cleared the significance bar (needed >31.1pts above 50%, best was challenger_flat at +-3.8pts on n=13) -- defaulting to Original k-NN.",1787076013173,
52,1787076017316,BTC,24,original,0.4666666666666667,1,2,0.025,1,15,"original locally outperformed (100% correct on 13 same-direction matches among the 15 most similar historical moments), clearing the significance bar for 2 variant(s) compared.",1787076013552,
53,1787086816692,LINK,24,original,0.6,0.5,5,0.01,0,15,"No variant's local edge cleared the significance bar (needed >58.2pts above 50%, best was calibrated at +0.0pts on n=4) -- defaulting to Original k-NN.",1787086812741,
54,1787086817267,LINK,12,original,1,0.6666666666666666,5,0.01,0,15,"No variant's local edge cleared the significance bar (needed >47.5pts above 50%, best was original at +16.7pts on n=6) -- defaulting to Original k-NN.",1787086812960,
55,1787086817404,BTC,12,original,0.7142857142857143,0.45454545454545453,3,0.016666666666666666,0,15,"No variant's local edge cleared the significance bar (needed >32.1pts above 50%, best was original at +-4.5pts on n=11) -- defaulting to Original k-NN.",1787086813587,
56,1787097615730,LINK,24,original,0.6,0.5,5,0.01,0,15,"No variant's local edge cleared the significance bar (needed >41.1pts above 50%, best was original at +0.0pts on n=8) -- defaulting to Original k-NN.",1787097612425,
57,1787097616339,LINK,12,original,0.5333333333333333,0.7142857142857143,5,0.01,0,15,"No variant's local edge cleared the significance bar (needed >44.0pts above 50%, best was calibrated at +21.4pts on n=7) -- defaulting to Original k-NN.",1787097612638,
58,1787097616455,BTC,12,original,0.4,0.3333333333333333,2,0.025,0,15,"No variant's local edge cleared the significance bar (needed >56.6pts above 50%, best was original at +-16.7pts on n=3) -- defaulting to Original k-NN.",1787097613656,
59,1787097616977,BTC,24,challenger_flat,0.35,1,4,0.0125,1,15,"challenger_flat locally outperformed (100% correct on 13 same-direction matches among the 15 most similar historical moments), clearing the significance bar for 4 variant(s) compared.",1787097613924,
60,1787108415946,LINK,24,challenger_calibrated,0.765,1,5,0.01,1,15,"challenger_calibrated locally outperformed (100% correct on 8 same-direction matches among the 15 most similar historical moments), clearing the significance bar for 5 variant(s) compared.",1787108412497,
61,1787108416678,BTC,12,original,0.5333333333333333,1,6,0.008333333333333333,0,15,"No variant's local edge cleared the significance bar (needed >53.5pts above 50%, best was challenger_calibrated at +50.0pts on n=5) -- defaulting to Original k-NN.",1787108413464,
62,1787108416752,LINK,12,original,0.737,0.75,4,0.0125,0,15,"No variant's local edge cleared the significance bar (needed >39.6pts above 50%, best was challenger_calibrated at +25.0pts on n=8) -- defaulting to Original k-NN.",1787108413464,
63,1787108416883,BTC,24,original,0.26666666666666666,1,4,0.0125,0,15,"No variant's local edge cleared the significance bar (needed >64.7pts above 50%, best was original at +50.0pts on n=3) -- defaulting to Original k-NN.",1787108413920,
64,1787119215068,LINK,24,original,0.26666666666666666,0.7777777777777778,6,0.008333333333333333,0,15,"No variant's local edge cleared the significance bar (needed >39.9pts above 50%, best was challenger_calibrated at +27.8pts on n=9) -- defaulting to Original k-NN.",1787119212215,
65,1787119215090,LINK,12,calibrated,0.5833333333333334,0.9,6,0.008333333333333333,1,15,"calibrated locally outperformed (90% correct on 10 same-direction matches among the 15 most similar historical moments), clearing the significance bar for 6 variant(s) compared.",1787119212215,
66,1787119215450,BTC,12,original,0.4666666666666667,0.8333333333333334,5,0.01,0,15,"No variant's local edge cleared the significance bar (needed >47.5pts above 50%, best was challenger_calibrated at +33.3pts on n=6) -- defaulting to Original k-NN.",1787119212392,
67,1787119215947,BTC,24,original,0.4666666666666667,1,6,0.008333333333333333,0,15,"No variant's local edge cleared the significance bar (needed >53.5pts above 50%, best was experimental at +50.0pts on n=5) -- defaulting to Original k-NN.",1787119212631,
68,1787130016780,LINK,12,original,0.3333333333333333,0.6923076923076923,6,0.008333333333333333,0,15,"No variant's local edge cleared the significance bar (needed >33.2pts above 50%, best was calibrated at +19.2pts on n=13) -- defaulting to Original k-NN.",1787130012627,
69,1787130017167,LINK,24,original,0.9333333333333333,0.8,6,0.008333333333333333,0,15,"No variant's local edge cleared the significance bar (needed >53.5pts above 50%, best was original at +30.0pts on n=5) -- defaulting to Original k-NN.",1787130012844,
70,1787130017593,BTC,12,original,0.4666666666666667,0.6666666666666666,6,0.008333333333333333,0,15,"No variant's local edge cleared the significance bar (needed >39.9pts above 50%, best was calibrated at +16.7pts on n=9) -- defaulting to Original k-NN.",1787130013412,
71,1787130017831,BTC,24,original,0.5333333333333333,1,5,0.01,0,15,"No variant's local edge cleared the significance bar (needed >58.2pts above 50%, best was original at +50.0pts on n=4) -- defaulting to Original k-NN.",1787130013417,
72,1787140817821,LINK,12,original,0.4,0.5,6,0.008333333333333333,0,15,"No variant's local edge cleared the significance bar (needed >42.3pts above 50%, best was original at +0.0pts on n=8) -- defaulting to Original k-NN.",1787140812710,
73,1787140818377,LINK,24,original,0,0.7,6,0.008333333333333333,0,15,"No variant's local edge cleared the significance bar (needed >37.9pts above 50%, best was calibrated at +20.0pts on n=10) -- defaulting to Original k-NN.",1787140812909,
74,1787140818384,BTC,12,original,0.6666666666666666,0.625,6,0.008333333333333333,0,15,"No variant's local edge cleared the significance bar (needed >42.3pts above 50%, best was challenger_calibrated at +12.5pts on n=8) -- defaulting to Original k-NN.",1787140814160,
75,1787140818593,BTC,24,original,0.8666666666666667,0.8333333333333334,5,0.01,0,15,"No variant's local edge cleared the significance bar (needed >47.5pts above 50%, best was challenger_flat at +33.3pts on n=6) -- defaulting to Original k-NN.",1787140814015,
76,1787151621678,LINK,12,original,0.6,1,6,0.008333333333333333,0,15,"No variant's local edge cleared the significance bar (needed >69.1pts above 50%, best was original at +50.0pts on n=3) -- defaulting to Original k-NN.",1787151613925,
77,1787151621690,LINK,24,original,0.6666666666666666,1,6,0.008333333333333333,0,15,"No variant's local edge cleared the significance bar (needed >59.9pts above 50%, best was challenger_calibrated at +50.0pts on n=4) -- defaulting to Original k-NN.",1787151613737,
78,1787151621691,BTC,12,original,0.4,0.8,5,0.01,0,15,"No variant's local edge cleared the significance bar (needed >52.0pts above 50%, best was original at +30.0pts on n=5) -- defaulting to Original k-NN.",1787151614322,
79,1787151622013,BTC,24,original,0.26666666666666666,1,6,0.008333333333333333,0,15,"No variant's local edge cleared the significance bar (needed >69.1pts above 50%, best was challenger_calibrated at +50.0pts on n=3) -- defaulting to Original k-NN.",1787151614557,
80,1787162420264,LINK,12,experimental,0.6148060629213564,1,6,0.008333333333333333,1,15,"experimental locally outperformed (100% correct on 9 same-direction matches among the 15 most similar historical moments), clearing the significance bar for 6 variant(s) compared.",1787162413737,
81,1787162420359,BTC,24,challenger_flat,0.05,0.8333333333333334,4,0.0125,1,15,"challenger_flat locally outperformed (83% correct on 12 same-direction matches among the 15 most similar historical moments), clearing the significance bar for 4 variant(s) compared.",1787162413737,
82,1787162420373,BTC,12,original,0.5333333333333333,0.6666666666666666,6,0.008333333333333333,0,15,"No variant's local edge cleared the significance bar (needed >69.1pts above 50%, best was experimental at +16.7pts on n=3) -- defaulting to Original k-NN.",1787162413737,
83,1787162420412,LINK,24,calibrated,0.8888888888888888,1,6,0.008333333333333333,1,15,"calibrated locally outperformed (100% correct on 8 same-direction matches among the 15 most similar historical moments), clearing the significance bar for 6 variant(s) compared.",1787162413979,
84,1787173216792,BTC,12,original,0.5333333333333333,1,6,0.008333333333333333,0,15,"No variant's local edge cleared the significance bar (needed >59.9pts above 50%, best was challenger_flat at +50.0pts on n=4) -- defaulting to Original k-NN.",1787173212767,
85,1787173216793,LINK,24,calibrated,0.6666666666666666,1,6,0.008333333333333333,1,15,"calibrated locally outperformed (100% correct on 9 same-direction matches among the 15 most similar historical moments), clearing the significance bar for 6 variant(s) compared.",1787173212942,
86,1787173217355,BTC,24,original,0,0.7692307692307693,6,0.008333333333333333,0,15,"No variant's local edge cleared the significance bar (needed >33.2pts above 50%, best was experimental at +26.9pts on n=13) -- defaulting to Original k-NN.",1787173214012,
87,1787173217446,LINK,12,original,0.6,1,6,0.008333333333333333,0,15,"No variant's local edge cleared the significance bar (needed >59.9pts above 50%, best was original at +50.0pts on n=4) -- defaulting to Original k-NN.",1787173213678,
88,1787184017716,BTC,24,original,0.26666666666666666,1,6,0.008333333333333333,0,15,"No variant's local edge cleared the significance bar (needed >59.9pts above 50%, best was challenger_calibrated at +50.0pts on n=4) -- defaulting to Original k-NN.",1787184012623,
89,1787184017886,LINK,12,original,0.6,1,6,0.008333333333333333,0,15,"No variant's local edge cleared the significance bar (needed >59.9pts above 50%, best was original at +50.0pts on n=4) -- defaulting to Original k-NN.",1787184012667,
90,1787184017896,LINK,24,experimental,0.5388939979593782,1,6,0.008333333333333333,1,15,"experimental locally outperformed (100% correct on 8 same-direction matches among the 15 most similar historical moments), clearing the significance bar for 6 variant(s) compared.",1787184012917,
91,1787184017961,BTC,12,original,0.4,1,6,0.008333333333333333,0,15,"No variant's local edge cleared the significance bar (needed >59.9pts above 50%, best was original at +50.0pts on n=4) -- defaulting to Original k-NN.",1787184012899,
92,1787194817316,LINK,12,challenger_calibrated,0.667,1,3,0.016666666666666666,1,15,"challenger_calibrated locally outperformed (100% correct on 5 same-direction matches among the 15 most similar historical moments), clearing the significance bar for 3 variant(s) compared.",1787194812869,
93,1787194817354,LINK,24,original,1,1,6,0.008333333333333333,1,15,"original locally outperformed (100% correct on 14 same-direction matches among the 15 most similar historical moments), clearing the significance bar for 6 variant(s) compared.",1787194812882,
94,1787194817695,BTC,12,original,0.26666666666666666,0.3333333333333333,5,0.01,0,15,"No variant's local edge cleared the significance bar (needed >47.5pts above 50%, best was experimental at +-16.7pts on n=6) -- defaulting to Original k-NN.",1787194813325,
95,1787194817757,BTC,24,original,0.8,1,6,0.008333333333333333,0,15,"No variant's local edge cleared the significance bar (needed >59.9pts above 50%, best was challenger_calibrated at +50.0pts on n=4) -- defaulting to Original k-NN.",1787194813065,
96,1787205657122,LINK,12,original,1,1,6,0.008333333333333333,0,15,"No variant's local edge cleared the significance bar (needed >53.5pts above 50%, best was challenger_calibrated at +50.0pts on n=5) -- defaulting to Original k-NN.",1787205651583,
97,1787205657192,LINK,24,challenger_calibrated,0.9,1,2,0.025,1,15,"challenger_calibrated locally outperformed (100% correct on 8 same-direction matches among the 15 most similar historical moments), clearing the significance bar for 2 variant(s) compared.",1787205651695,
98,1787205657224,BTC,24,challenger_calibrated,0.593,1,6,0.008333333333333333,1,15,"challenger_calibrated locally outperformed (100% correct on 6 same-direction matches among the 15 most similar historical moments), clearing the significance bar for 6 variant(s) compared.",1787205651945,
99,1787205657269,BTC,12,original,0.13333333333333333,0.42857142857142855,5,0.01,0,15,"No variant's local edge cleared the significance bar (needed >44.0pts above 50%, best was original at +-7.1pts on n=7) -- defaulting to Original k-NN.",1787205652115,
100,1787208086044,LINK,24,challenger_calibrated,0.9,1,2,0.025,1,15,"challenger_calibrated locally outperformed (100% correct on 8 same-direction matches among the 15 most similar historical moments), clearing the significance bar for 2 variant(s) compared.",1787208079886,
101,1787208086246,LINK,12,challenger_calibrated,0.762,1,6,0.008333333333333333,1,15,"challenger_calibrated locally outperformed (100% correct on 6 same-direction matches among the 15 most similar historical moments), clearing the significance bar for 6 variant(s) compared.",1787208080612,
102,1787208086829,BTC,24,challenger_calibrated,0.593,1,6,0.008333333333333333,1,15,"challenger_calibrated locally outperformed (100% correct on 6 same-direction matches among the 15 most similar historical moments), clearing the significance bar for 6 variant(s) compared.",1787208080944,
103,1787208087282,BTC,12,original,0.13333333333333333,0.42857142857142855,5,0.01,0,15,"No variant's local edge cleared the significance bar (needed >44.0pts above 50%, best was original at +-7.1pts on n=7) -- defaulting to Original k-NN.",1787208081545,
104,1787216456834,LINK,24,original,0.5333333333333333,0.625,5,0.01,0,15,"No variant's local edge cleared the significance bar (needed >41.1pts above 50%, best was original at +12.5pts on n=8) -- defaulting to Original k-NN.",1787216452323,
105,1787216456977,BTC,12,calibrated,0.5217391304347826,0.9230769230769231,6,0.008333333333333333,1,15,"calibrated locally outperformed (92% correct on 13 same-direction matches among the 15 most similar historical moments), clearing the significance bar for 6 variant(s) compared.",1787216452308,
106,1787216457001,BTC,24,original,0.4146341463414634,0,3,0.016666666666666666,0,15,"No variant's local edge cleared the significance bar (needed >61.4pts above 50%, best was calibrated at +-50.0pts on n=3) -- defaulting to Original k-NN.",1787216452187,
107,1787216909649,LINK,24,original,0.5333333333333333,0.5,5,0.01,0,15,"No variant's local edge cleared the significance bar (needed >47.5pts above 50%, best was experimental at +0.0pts on n=6) -- defaulting to Original k-NN.",1787216904301,
108,1787216909688,LINK,12,original,1,0.8,5,0.01,0,15,"No variant's local edge cleared the significance bar (needed >52.0pts above 50%, best was experimental at +30.0pts on n=5) -- defaulting to Original k-NN.",1787216904247,
109,1787216910403,BTC,24,original,0.4146341463414634,0,3,0.016666666666666666,0,15,"No variant's local edge cleared the significance bar (needed >61.4pts above 50%, best was calibrated at +-50.0pts on n=3) -- defaulting to Original k-NN.",1787216904395,
110,1787216910899,BTC,12,calibrated,0.5217391304347826,0.8461538461538461,6,0.008333333333333333,1,15,"calibrated locally outperformed (85% correct on 13 same-direction matches among the 15 most similar historical moments), clearing the significance bar for 6 variant(s) compared.",1787216905080,
111,1787216919064,BTC,24,original,0.4146341463414634,0,3,0.016666666666666666,0,15,"No variant's local edge cleared the significance bar (needed >61.4pts above 50%, best was calibrated at +-50.0pts on n=3) -- defaulting to Original k-NN.",1787216913340,
112,1787220113382,BTC,24,original,0.4146341463414634,0,3,0.016666666666666666,0,15,"No variant's local edge cleared the significance bar (needed >53.2pts above 50%, best was calibrated at +-50.0pts on n=4) -- defaulting to Original k-NN.",1787220107731,
113,1787220113389,LINK,24,original,0.5333333333333333,1,5,0.01,0,15,"No variant's local edge cleared the significance bar (needed >52.0pts above 50%, best was calibrated at +50.0pts on n=5) -- defaulting to Original k-NN.",1787220107807,
114,1787220113634,LINK,12,original,1,1,6,0.008333333333333333,0,15,"No variant's local edge cleared the significance bar (needed >69.1pts above 50%, best was challenger_calibrated at +50.0pts on n=3) -- defaulting to Original k-NN.",1787220108083,
115,1787220114410,BTC,12,original,0.13333333333333333,0.7857142857142857,6,0.008333333333333333,0,15,"No variant's local edge cleared the significance bar (needed >32.0pts above 50%, best was calibrated at +28.6pts on n=14) -- defaulting to Original k-NN.",1787220108642,
116,1787220122113,BTC,24,original,0.4146341463414634,0,3,0.016666666666666666,0,15,"No variant's local edge cleared the significance bar (needed >53.2pts above 50%, best was calibrated at +-50.0pts on n=4) -- defaulting to Original k-NN.",1787220116340,
117,1787220255597,BTC,24,original,0.4146341463414634,0,3,0.016666666666666666,0,15,"No variant's local edge cleared the significance bar (needed >53.2pts above 50%, best was calibrated at +-50.0pts on n=4) -- defaulting to Original k-NN.",1787220249098,
118,1787220256803,LINK,12,original,1,0.8571428571428571,5,0.01,0,15,"No variant's local edge cleared the significance bar (needed >44.0pts above 50%, best was experimental at +35.7pts on n=7) -- defaulting to Original k-NN.",1787220251202,
119,1787220257035,LINK,24,calibrated,0.8620689655172413,1,5,0.01,1,15,"calibrated locally outperformed (100% correct on 6 same-direction matches among the 15 most similar historical moments), clearing the significance bar for 5 variant(s) compared.",1787220251407,
120,1787220257789,BTC,12,original,0.13333333333333333,0.8,6,0.008333333333333333,0,15,"No variant's local edge cleared the significance bar (needed >30.9pts above 50%, best was calibrated at +30.0pts on n=15) -- defaulting to Original k-NN.",1787220252070,
121,1787220259082,BTC,24,original,0.4146341463414634,0,3,0.016666666666666666,0,15,"No variant's local edge cleared the significance bar (needed >53.2pts above 50%, best was calibrated at +-50.0pts on n=4) -- defaulting to Original k-NN.",1787220249098,
122,1787220264088,BTC,24,original,0.4146341463414634,0,1,0.05,0,15,"No variant's local edge cleared the significance bar (needed >41.1pts above 50%, best was calibrated at +-50.0pts on n=4) -- defaulting to Original k-NN.",1787220258363,
123,1787220272594,BTC,24,original,0.4146341463414634,0,1,0.05,0,15,"No variant's local edge cleared the significance bar (needed >41.1pts above 50%, best was calibrated at +-50.0pts on n=4) -- defaulting to Original k-NN.",1787220266866,
124,1787223318414,BTC,24,original,0.4634146341463415,0,2,0.025,0,15,"No variant's local edge cleared the significance bar (needed >49.0pts above 50%, best was calibrated at +-50.0pts on n=4) -- defaulting to Original k-NN.",1787223312525,
125,1787223333265,BTC,24,original,0.4634146341463415,0,2,0.025,0,15,"No variant's local edge cleared the significance bar (needed >49.0pts above 50%, best was calibrated at +-50.0pts on n=4) -- defaulting to Original k-NN.",1787223327340,
126,1787223940781,LINK,12,original,1,0.8571428571428571,5,0.01,0,15,"No variant's local edge cleared the significance bar (needed >44.0pts above 50%, best was experimental at +35.7pts on n=7) -- defaulting to Original k-NN.",1787223931299,
127,1787223940964,LINK,24,experimental,0.5181099799170062,1,5,0.01,1,15,"experimental locally outperformed (100% correct on 7 same-direction matches among the 15 most similar historical moments), clearing the significance bar for 5 variant(s) compared.",1787223931491,
128,1787223940968,BTC,12,original,0.13333333333333333,0.5,6,0.008333333333333333,0,15,"No variant's local edge cleared the significance bar (needed >37.9pts above 50%, best was calibrated at +0.0pts on n=10) -- defaulting to Original k-NN.",1787223931260,
129,1787223940970,BTC,24,original,0.6097560975609756,0.2,3,0.016666666666666666,0,15,"No variant's local edge cleared the significance bar (needed >47.6pts above 50%, best was calibrated at +-30.0pts on n=5) -- defaulting to Original k-NN.",1787223931366,
130,1787223949868,BTC,24,original,0.6097560975609756,0.2,3,0.016666666666666666,0,15,"No variant's local edge cleared the significance bar (needed >47.6pts above 50%, best was calibrated at +-30.0pts on n=5) -- defaulting to Original k-NN.",1787223944045,
131,1787223950197,BTC,24,original,0.6097560975609756,0.2,3,0.016666666666666666,0,15,"No variant's local edge cleared the significance bar (needed >47.6pts above 50%, best was calibrated at +-30.0pts on n=5) -- defaulting to Original k-NN.",1787223944045,
132,1787224073358,LINK,24,experimental,0.5181099799170062,1,5,0.01,1,15,"experimental locally outperformed (100% correct on 7 same-direction matches among the 15 most similar historical moments), clearing the significance bar for 5 variant(s) compared.",1787223931491,
133,1787224076774,LINK,12,original,1,1,6,0.008333333333333333,1,15,"original locally outperformed (100% correct on 10 same-direction matches among the 15 most similar historical moments), clearing the significance bar for 6 variant(s) compared.",1787224070882,
134,1787224077362,LINK,24,challenger_calibrated,0.682,1,6,0.008333333333333333,1,15,"challenger_calibrated locally outperformed (100% correct on 6 same-direction matches among the 15 most similar historical moments), clearing the significance bar for 6 variant(s) compared.",1787224071517,
135,1787224077784,BTC,12,original,0.13333333333333333,0.5,6,0.008333333333333333,0,15,"No variant's local edge cleared the significance bar (needed >37.9pts above 50%, best was calibrated at +0.0pts on n=10) -- defaulting to Original k-NN.",1787224072115,
136,1787224078123,BTC,24,original,0.6097560975609756,0.2,3,0.016666666666666666,0,15,"No variant's local edge cleared the significance bar (needed >47.6pts above 50%, best was calibrated at +-30.0pts on n=5) -- defaulting to Original k-NN.",1787224072403,
137,1787224085199,LINK,24,original,0.5333333333333333,1,6,0.008333333333333333,0,15,"No variant's local edge cleared the significance bar (needed >53.5pts above 50%, best was challenger_calibrated at +50.0pts on n=5) -- defaulting to Original k-NN.",1787224079778,
138,1787224135742,LINK,24,original,0.5333333333333333,1,6,0.008333333333333333,0,15,"No variant's local edge cleared the significance bar (needed >53.5pts above 50%, best was challenger_calibrated at +50.0pts on n=5) -- defaulting to Original k-NN.",1787224130015,
139,1787224136152,LINK,12,original,1,1,6,0.008333333333333333,1,15,"original locally outperformed (100% correct on 10 same-direction matches among the 15 most similar historical moments), clearing the significance bar for 6 variant(s) compared.",1787224130042,
140,1787224136450,BTC,12,original,0.13333333333333333,0.4,6,0.008333333333333333,0,15,"No variant's local edge cleared the significance bar (needed >37.9pts above 50%, best was calibrated at +-10.0pts on n=10) -- defaulting to Original k-NN.",1787224130691,
141,1787224136951,BTC,24,original,0.6097560975609756,0.2,3,0.016666666666666666,0,15,"No variant's local edge cleared the significance bar (needed >47.6pts above 50%, best was calibrated at +-30.0pts on n=5) -- defaulting to Original k-NN.",1787224130921,
142,1787224160171,LINK,24,original,0.5333333333333333,1,6,0.008333333333333333,0,15,"No variant's local edge cleared the significance bar (needed >53.5pts above 50%, best was challenger_calibrated at +50.0pts on n=5) -- defaulting to Original k-NN.",1787224154675,
143,1787226451459,LINK,24,original,0.5333333333333333,1,6,0.008333333333333333,0,15,"No variant's local edge cleared the significance bar (needed >53.5pts above 50%, best was challenger_calibrated at +50.0pts on n=5) -- defaulting to Original k-NN.",1787226444882,
144,1787226451588,LINK,12,original,0.9333333333333333,1,6,0.008333333333333333,1,15,"original locally outperformed (100% correct on 11 same-direction matches among the 15 most similar historical moments), clearing the significance bar for 6 variant(s) compared.",1787226445238,
145,1787226451686,BTC,24,original,0.6097560975609756,0,3,0.016666666666666666,0,15,"No variant's local edge cleared the significance bar (needed >47.6pts above 50%, best was calibrated at +-50.0pts on n=5) -- defaulting to Original k-NN.",1787226444934,
146,1787226451732,BTC,12,calibrated,0.5217391304347826,0.8666666666666667,6,0.008333333333333333,1,15,"calibrated locally outperformed (87% correct on 15 same-direction matches among the 15 most similar historical moments), clearing the significance bar for 6 variant(s) compared.",1787226445465,
147,1787226452554,BTC,24,original,0.6097560975609756,0,3,0.016666666666666666,0,15,"No variant's local edge cleared the significance bar (needed >47.6pts above 50%, best was calibrated at +-50.0pts on n=5) -- defaulting to Original k-NN.",1787226444934,
148,1787226460557,BTC,24,original,0.6097560975609756,0,3,0.016666666666666666,0,15,"No variant's local edge cleared the significance bar (needed >47.6pts above 50%, best was calibrated at +-50.0pts on n=5) -- defaulting to Original k-NN.",1787226454751,
149,1787227254112,BTC,12,original,0.2,0.46153846153846156,5,0.01,0,15,"No variant's local edge cleared the significance bar (needed >32.3pts above 50%, best was calibrated at +-3.8pts on n=13) -- defaulting to Original k-NN.",1787227251362,
150,1787227254113,LINK,12,original,0.9333333333333333,1,6,0.008333333333333333,1,15,"original locally outperformed (100% correct on 8 same-direction matches among the 15 most similar historical moments), clearing the significance bar for 6 variant(s) compared.",1787227251007,
151,1787227254163,BTC,24,original,0.7333333333333333,0,5,0.01,0,15,"No variant's local edge cleared the significance bar (needed >44.0pts above 50%, best was original at +-50.0pts on n=7) -- defaulting to Original k-NN.",1787227252619,
152,1787227254214,LINK,24,original,0.4,1,5,0.01,0,15,"No variant's local edge cleared the significance bar (needed >52.0pts above 50%, best was calibrated at +50.0pts on n=5) -- defaulting to Original k-NN.",1787227251167,
153,1787230499538,BTC,24,original,0.7333333333333333,0.09090909090909091,5,0.01,0,15,"No variant's local edge cleared the significance bar (needed >35.1pts above 50%, best was calibrated at +-40.9pts on n=11) -- defaulting to Original k-NN.",1787230495213,
154,1787230503699,LINK,24,original,0.4,1,6,0.008333333333333333,0,15,"No variant's local edge cleared the significance bar (needed >69.1pts above 50%, best was experimental at +50.0pts on n=3) -- defaulting to Original k-NN.",1787230494086,
155,1787230504164,BTC,12,original,0.7333333333333333,1,6,0.008333333333333333,0,15,"No variant's local edge cleared the significance bar (needed >53.5pts above 50%, best was challenger_calibrated at +50.0pts on n=5) -- defaulting to Original k-NN.",1787230495347,
156,1787230504207,LINK,12,original,0.8666666666666667,1,6,0.008333333333333333,0,15,"No variant's local edge cleared the significance bar (needed >59.9pts above 50%, best was challenger_calibrated at +50.0pts on n=4) -- defaulting to Original k-NN.",1787230494123,
157,1787230504504,BTC,24,original,0.7333333333333333,0.09090909090909091,5,0.01,0,15,"No variant's local edge cleared the significance bar (needed >35.1pts above 50%, best was calibrated at +-40.9pts on n=11) -- defaulting to Original k-NN.",1787230495213,
158,1787230514461,BTC,24,original,0.7333333333333333,0.16666666666666666,5,0.01,0,15,"No variant's local edge cleared the significance bar (needed >47.5pts above 50%, best was original at +-33.3pts on n=6) -- defaulting to Original k-NN.",1787230508710,
159,1787238055671,LINK,24,original,0.6,1,4,0.0125,0,15,"No variant's local edge cleared the significance bar (needed >50.1pts above 50%, best was experimental at +50.0pts on n=5) -- defaulting to Original k-NN.",1787238052722,
160,1787238055818,BTC,12,original,0.8,0.8,6,0.008333333333333333,0,15,"No variant's local edge cleared the significance bar (needed >53.5pts above 50%, best was challenger_calibrated at +30.0pts on n=5) -- defaulting to Original k-NN.",1787238052737,
161,1787238055822,LINK,12,original,0.8666666666666667,1,6,0.008333333333333333,0,15,"No variant's local edge cleared the significance bar (needed >69.1pts above 50%, best was challenger_calibrated at +50.0pts on n=3) -- defaulting to Original k-NN.",1787238052722,
162,1787238055921,BTC,24,original,0.2,0.7777777777777778,4,0.0125,0,15,"No variant's local edge cleared the significance bar (needed >37.4pts above 50%, best was original at +27.8pts on n=9) -- defaulting to Original k-NN.",1787238052722,
163,1787248855389,LINK,24,experimental,0.5944438180636471,1,6,0.008333333333333333,1,15,"experimental locally outperformed (100% correct on 8 same-direction matches among the 15 most similar historical moments), clearing the significance bar for 6 variant(s) compared.",1787248851414,
164,1787248855483,LINK,12,original,0.8666666666666667,1,6,0.008333333333333333,1,15,"original locally outperformed (100% correct on 10 same-direction matches among the 15 most similar historical moments), clearing the significance bar for 6 variant(s) compared.",1787248851535,
165,1787248855567,BTC,12,original,0.8,1,6,0.008333333333333333,0,15,"No variant's local edge cleared the significance bar (needed >59.9pts above 50%, best was original at +50.0pts on n=4) -- defaulting to Original k-NN.",1787248851742,
166,1787248855633,BTC,24,original,0.3333333333333333,0.3333333333333333,6,0.008333333333333333,0,15,"No variant's local edge cleared the significance bar (needed >48.9pts above 50%, best was calibrated at +-16.7pts on n=6) -- defaulting to Original k-NN.",1787248851742,
167,1787259658411,LINK,24,calibrated,0.5,1,6,0.008333333333333333,1,15,"calibrated locally outperformed (100% correct on 8 same-direction matches among the 15 most similar historical moments), clearing the significance bar for 6 variant(s) compared.",1787259652351,
168,1787259658427,LINK,12,original,0.8666666666666667,0.625,6,0.008333333333333333,0,15,"No variant's local edge cleared the significance bar (needed >42.3pts above 50%, best was challenger_flat at +12.5pts on n=8) -- defaulting to Original k-NN.",1787259652507,
169,1787259658551,BTC,24,original,1,0.75,5,0.01,0,15,"No variant's local edge cleared the significance bar (needed >33.6pts above 50%, best was calibrated at +25.0pts on n=12) -- defaulting to Original k-NN.",1787259652607,
170,1787259658580,BTC,12,original,1,0.5,6,0.008333333333333333,0,15,"No variant's local edge cleared the significance bar (needed >42.3pts above 50%, best was challenger_calibrated at +0.0pts on n=8) -- defaulting to Original k-NN.",1787259653780,
171,1787267814621,LINK,24,challenger_calibrated,0.682,1,6,0.008333333333333333,1,15,"challenger_calibrated locally outperformed (100% correct on 6 same-direction matches among the 15 most similar historical moments), clearing the significance bar for 6 variant(s) compared.",1787267801738,
172,1787267814692,LINK,12,calibrated,0.7586206896551724,0.9,6,0.008333333333333333,1,15,"calibrated locally outperformed (90% correct on 10 same-direction matches among the 15 most similar historical moments), clearing the significance bar for 6 variant(s) compared.",1787267801951,
174,1787267815243,BTC,24,original,0.571,1,2,0.025,0,15,"No variant's local edge cleared the significance bar (needed >56.6pts above 50%, best was challenger_calibrated at +50.0pts on n=3) -- defaulting to Original k-NN.",1787267803236,
173,1787267815247,BTC,12,challenger_calibrated,0.5,1,6,0.008333333333333333,1,15,"challenger_calibrated locally outperformed (100% correct on 10 same-direction matches among the 15 most similar historical moments), clearing the significance bar for 6 variant(s) compared.",1787267802567,
175,1787267823360,LINK,24,original,1,1,6,0.008333333333333333,0,15,"No variant's local edge cleared the significance bar (needed >69.1pts above 50%, best was experimental at +50.0pts on n=3) -- defaulting to Original k-NN.",1787267817075,
176,1787267823666,LINK,12,original,0.5333333333333333,0.5555555555555556,6,0.008333333333333333,0,15,"No variant's local edge cleared the significance bar (needed >39.9pts above 50%, best was calibrated at +5.6pts on n=9) -- defaulting to Original k-NN.",1787267817304,
177,1787267824886,BTC,12,challenger_calibrated,0.5,1,6,0.008333333333333333,1,15,"challenger_calibrated locally outperformed (100% correct on 10 same-direction matches among the 15 most similar historical moments), clearing the significance bar for 6 variant(s) compared.",1787267818443,
178,1787267824996,BTC,24,calibrated,0.7,0.7333333333333333,1,0.05,1,15,"calibrated locally outperformed (73% correct on 15 same-direction matches among the 15 most similar historical moments), clearing the significance bar for 1 variant(s) compared.",1787267819103,
179,1787267860122,BTC,24,calibrated,0.7,0.7333333333333333,1,0.05,1,15,"calibrated locally outperformed (73% correct on 15 same-direction matches among the 15 most similar historical moments), clearing the significance bar for 1 variant(s) compared.",1787267819103,
180,1787267937685,LINK,24,experimental,1,1,5,0.01,1,15,"experimental locally outperformed (100% correct on 7 same-direction matches among the 15 most similar historical moments), clearing the significance bar for 5 variant(s) compared.",1787267932284,
181,1787267937936,LINK,12,original,0.5333333333333333,0.8181818181818182,6,0.008333333333333333,0,15,"No variant's local edge cleared the significance bar (needed >36.1pts above 50%, best was calibrated at +31.8pts on n=11) -- defaulting to Original k-NN.",1787267932508,
182,1787267938473,BTC,24,calibrated,0.7,0.7333333333333333,1,0.05,1,15,"calibrated locally outperformed (73% correct on 15 same-direction matches among the 15 most similar historical moments), clearing the significance bar for 1 variant(s) compared.",1787267932791,
183,1787267938722,BTC,12,challenger_calibrated,0.5,1,6,0.008333333333333333,1,15,"challenger_calibrated locally outperformed (100% correct on 10 same-direction matches among the 15 most similar historical moments), clearing the significance bar for 6 variant(s) compared.",1787267933039,
184,1787267945453,LINK,24,experimental,1,1,5,0.01,1,15,"experimental locally outperformed (100% correct on 7 same-direction matches among the 15 most similar historical moments), clearing the significance bar for 5 variant(s) compared.",1787267940085,
185,1787270455233,BTC,24,original,0.9333333333333333,1,5,0.01,0,15,"No variant's local edge cleared the significance bar (needed >67.2pts above 50%, best was original at +50.0pts on n=3) -- defaulting to Original k-NN.",1787270452634,
186,1787270455320,LINK,12,original,0.4666666666666667,0.8,6,0.008333333333333333,0,15,"No variant's local edge cleared the significance bar (needed >53.5pts above 50%, best was challenger_calibrated at +30.0pts on n=5) -- defaulting to Original k-NN.",1787270452646,
187,1787270455382,LINK,24,original,0.8,0.875,5,0.01,0,15,"No variant's local edge cleared the significance bar (needed >41.1pts above 50%, best was experimental at +37.5pts on n=8) -- defaulting to Original k-NN.",1787270451076,
188,1787270455415,BTC,12,challenger_calibrated,0.682,1,4,0.0125,1,15,"challenger_calibrated locally outperformed (100% correct on 10 same-direction matches among the 15 most similar historical moments), clearing the significance bar for 4 variant(s) compared.",1787270452646,
189,1787281256538,LINK,12,original,0.6,0.8,5,0.01,0,15,"No variant's local edge cleared the significance bar (needed >52.0pts above 50%, best was experimental at +30.0pts on n=5) -- defaulting to Original k-NN.",1787281251567,
190,1787281256561,LINK,24,original,1,0.4444444444444444,5,0.01,0,15,"No variant's local edge cleared the significance bar (needed >38.8pts above 50%, best was original at +-5.6pts on n=9) -- defaulting to Original k-NN.",1787281251685,
191,1787281256700,BTC,24,original,0.8,1,6,0.008333333333333333,1,15,"original locally outperformed (100% correct on 7 same-direction matches among the 15 most similar historical moments), clearing the significance bar for 6 variant(s) compared.",1787281252097,
192,1787281256753,BTC,12,challenger_calibrated,0.682,1,4,0.0125,1,15,"challenger_calibrated locally outperformed (100% correct on 7 same-direction matches among the 15 most similar historical moments), clearing the significance bar for 4 variant(s) compared.",1787281251928,
193,1787281319380,LINK,24,original,1,0.375,5,0.01,0,15,"No variant's local edge cleared the significance bar (needed >41.1pts above 50%, best was calibrated at +-12.5pts on n=8) -- defaulting to Original k-NN.",1787281313139,
194,1787281319726,LINK,12,original,0.4666666666666667,0.875,5,0.01,0,15,"No variant's local edge cleared the significance bar (needed >41.1pts above 50%, best was calibrated at +37.5pts on n=8) -- defaulting to Original k-NN.",1787281313564,
195,1787281319738,BTC,12,calibrated,0.6538461538461539,1,6,0.008333333333333333,1,15,"calibrated locally outperformed (100% correct on 7 same-direction matches among the 15 most similar historical moments), clearing the significance bar for 6 variant(s) compared.",1787281313724,
196,1787281320035,BTC,24,original,0.8,1,6,0.008333333333333333,1,15,"original locally outperformed (100% correct on 8 same-direction matches among the 15 most similar historical moments), clearing the significance bar for 6 variant(s) compared.",1787281313245,
197,1787281329699,BTC,24,original,0.8,1,6,0.008333333333333333,1,15,"original locally outperformed (100% correct on 8 same-direction matches among the 15 most similar historical moments), clearing the significance bar for 6 variant(s) compared.",1787281322882,
198,1787281332808,LINK,24,original,1,0.4,5,0.01,0,15,"No variant's local edge cleared the significance bar (needed >52.0pts above 50%, best was original at +-10.0pts on n=5) -- defaulting to Original k-NN.",1787281327298,
199,1787281333028,LINK,12,original,0.4666666666666667,0.8571428571428571,5,0.01,0,15,"No variant's local edge cleared the significance bar (needed >44.0pts above 50%, best was calibrated at +35.7pts on n=7) -- defaulting to Original k-NN.",1787281327550,
200,1787281333798,BTC,12,calibrated,0.6538461538461539,1,6,0.008333333333333333,1,15,"calibrated locally outperformed (100% correct on 7 same-direction matches among the 15 most similar historical moments), clearing the significance bar for 6 variant(s) compared.",1787281328139,
201,1787281338229,BTC,24,original,0.8,1,6,0.008333333333333333,1,15,"original locally outperformed (100% correct on 8 same-direction matches among the 15 most similar historical moments), clearing the significance bar for 6 variant(s) compared.",1787281332503,
202,1787281341451,LINK,24,original,1,0.5,4,0.0125,0,15,"No variant's local edge cleared the significance bar (needed >56.0pts above 50%, best was original at +0.0pts on n=4) -- defaulting to Original k-NN.",1787281335206,
203,1787281346553,LINK,12,calibrated,0.6206896551724138,1,5,0.01,1,15,"calibrated locally outperformed (100% correct on 6 same-direction matches among the 15 most similar historical moments), clearing the significance bar for 5 variant(s) compared.",1787281340690,
204,1787281346814,BTC,12,calibrated,0.6538461538461539,1,6,0.008333333333333333,1,15,"calibrated locally outperformed (100% correct on 7 same-direction matches among the 15 most similar historical moments), clearing the significance bar for 6 variant(s) compared.",1787281340890,
205,1787281347789,BTC,24,original,0.8,1,6,0.008333333333333333,1,15,"original locally outperformed (100% correct on 8 same-direction matches among the 15 most similar historical moments), clearing the significance bar for 6 variant(s) compared.",1787281341859,
206,1787281349550,LINK,24,original,1,0.5,4,0.0125,0,15,"No variant's local edge cleared the significance bar (needed >56.0pts above 50%, best was original at +0.0pts on n=4) -- defaulting to Original k-NN.",1787281344001,
207,1787288038394,BTC,24,original,0.8,1,6,0.008333333333333333,1,15,"original locally outperformed (100% correct on 9 same-direction matches among the 15 most similar historical moments), clearing the significance bar for 6 variant(s) compared.",1787288032600,
208,1787292052997,LINK,24,experimental,1,1,6,0.008333333333333333,1,15,"experimental locally outperformed (100% correct on 6 same-direction matches among the 15 most similar historical moments), clearing the significance bar for 6 variant(s) compared.",1787292050992,
209,1787292053100,LINK,12,original,0.4666666666666667,0.5833333333333334,6,0.008333333333333333,0,15,"No variant's local edge cleared the significance bar (needed >34.6pts above 50%, best was calibrated at +8.3pts on n=12) -- defaulting to Original k-NN.",1787292050992,
210,1787292053565,BTC,24,original,0.8,1,6,0.008333333333333333,1,15,"original locally outperformed (100% correct on 9 same-direction matches among the 15 most similar historical moments), clearing the significance bar for 6 variant(s) compared.",1787292051286,
211,1787292054044,BTC,12,calibrated,0.6538461538461539,1,6,0.008333333333333333,1,15,"calibrated locally outperformed (100% correct on 8 same-direction matches among the 15 most similar historical moments), clearing the significance bar for 6 variant(s) compared.",1787292051576,
212,1787302853702,LINK,12,original,0.8,0.8,6,0.008333333333333333,0,15,"No variant's local edge cleared the significance bar (needed >30.9pts above 50%, best was original at +30.0pts on n=15) -- defaulting to Original k-NN.",1787302851028,
213,1787302853800,LINK,24,original,1,1,6,0.008333333333333333,1,15,"original locally outperformed (100% correct on 15 same-direction matches among the 15 most similar historical moments), clearing the significance bar for 6 variant(s) compared.",1787302851065,
214,1787302853891,BTC,24,original,1,1,6,0.008333333333333333,1,15,"original locally outperformed (100% correct on 9 same-direction matches among the 15 most similar historical moments), clearing the significance bar for 6 variant(s) compared.",1787302851202,
215,1787302853913,BTC,12,original,1,1,6,0.008333333333333333,1,15,"original locally outperformed (100% correct on 9 same-direction matches among the 15 most similar historical moments), clearing the significance bar for 6 variant(s) compared.",1787302851374,
216,1787309144738,BTC,24,calibrated,0.5227272727272727,1,6,0.008333333333333333,1,15,"calibrated locally outperformed (100% correct on 8 same-direction matches among the 15 most similar historical moments), clearing the significance bar for 6 variant(s) compared.",1787302851202,
217,1787309156243,BTC,12,original,0.5714285714285714,1,6,0.008333333333333333,1,15,"original locally outperformed (100% correct on 7 same-direction matches among the 15 most similar historical moments), clearing the significance bar for 6 variant(s) compared.",1787309142377,
218,1787309157053,LINK,24,original,0.8666666666666667,1,6,0.008333333333333333,1,15,"original locally outperformed (100% correct on 15 same-direction matches among the 15 most similar historical moments), clearing the significance bar for 6 variant(s) compared.",1787309140947,
219,1787309157339,BTC,24,original,0.4,1,5,0.01,0,15,"No variant's local edge cleared the significance bar (needed >58.2pts above 50%, best was calibrated at +50.0pts on n=4) -- defaulting to Original k-NN.",1787309145417,
220,1787309158407,LINK,12,original,0.6,0.8666666666666667,6,0.008333333333333333,1,15,"original locally outperformed (87% correct on 15 same-direction matches among the 15 most similar historical moments), clearing the significance bar for 6 variant(s) compared.",1787309140688,
221,1787309164598,BTC,24,original,0.4,1,5,0.01,0,15,"No variant's local edge cleared the significance bar (needed >58.2pts above 50%, best was calibrated at +50.0pts on n=4) -- defaulting to Original k-NN.",1787309158338,
222,1787313657011,LINK,12,original,0.8,0.46153846153846156,6,0.008333333333333333,0,15,"No variant's local edge cleared the significance bar (needed >33.2pts above 50%, best was calibrated at +-3.8pts on n=13) -- defaulting to Original k-NN.",1787313651629,
223,1787313657160,LINK,24,experimental,0.5238311934496546,0.9285714285714286,5,0.01,1,15,"experimental locally outperformed (93% correct on 14 same-direction matches among the 15 most similar historical moments), clearing the significance bar for 5 variant(s) compared.",1787313651783,
224,1787313657499,BTC,12,challenger_calibrated,0.5,1,6,0.008333333333333333,1,15,"challenger_calibrated locally outperformed (100% correct on 10 same-direction matches among the 15 most similar historical moments), clearing the significance bar for 6 variant(s) compared.",1787313652086,
225,1787313657576,BTC,24,original,0.4,1,6,0.008333333333333333,0,15,"No variant's local edge cleared the significance bar (needed >59.9pts above 50%, best was challenger_calibrated at +50.0pts on n=4) -- defaulting to Original k-NN.",1787313653312,
226,1787324454595,LINK,12,original,0.6666666666666666,0.6666666666666666,6,0.008333333333333333,0,15,"No variant's local edge cleared the significance bar (needed >69.1pts above 50%, best was experimental at +16.7pts on n=3) -- defaulting to Original k-NN.",1787324451339,
227,1787324454624,LINK,24,original,0.7333333333333333,1,5,0.01,1,15,"original locally outperformed (100% correct on 11 same-direction matches among the 15 most similar historical moments), clearing the significance bar for 5 variant(s) compared.",1787324451368,
228,1787324455400,BTC,12,original,1,1,6,0.008333333333333333,1,15,"original locally outperformed (100% correct on 13 same-direction matches among the 15 most similar historical moments), clearing the significance bar for 6 variant(s) compared.",1787324452687,
229,1787324455570,BTC,24,original,0.13333333333333333,1,6,0.008333333333333333,0,15,"No variant's local edge cleared the significance bar (needed >59.9pts above 50%, best was challenger_calibrated at +50.0pts on n=4) -- defaulting to Original k-NN.",1787324451916,
230,1787328674423,BTC,12,original,1,1,5,0.01,1,15,"original locally outperformed (100% correct on 13 same-direction matches among the 15 most similar historical moments), clearing the significance bar for 5 variant(s) compared.",1787328657568,
231,1787328674544,BTC,24,challenger_calibrated,0.613,1,6,0.008333333333333333,1,15,"challenger_calibrated locally outperformed (100% correct on 7 same-direction matches among the 15 most similar historical moments), clearing the significance bar for 6 variant(s) compared.",1787328656787,
233,1787328676058,LINK,12,original,1,0.4166666666666667,6,0.008333333333333333,0,15,"No variant's local edge cleared the significance bar (needed >34.6pts above 50%, best was calibrated at +-8.3pts on n=12) -- defaulting to Original k-NN.",1787328657151,
232,1787328676875,LINK,24,experimental,0.5997132004224904,0.9230769230769231,5,0.01,1,15,"experimental locally outperformed (92% correct on 13 same-direction matches among the 15 most similar historical moments), clearing the significance bar for 5 variant(s) compared.",1787328655672,
234,1787328683612,BTC,24,challenger_calibrated,0.613,1,6,0.008333333333333333,1,15,"challenger_calibrated locally outperformed (100% correct on 7 same-direction matches among the 15 most similar historical moments), clearing the significance bar for 6 variant(s) compared.",1787328656787,
235,1787328695321,BTC,24,challenger_calibrated,0.613,1,6,0.008333333333333333,1,15,"challenger_calibrated locally outperformed (100% correct on 7 same-direction matches among the 15 most similar historical moments), clearing the significance bar for 6 variant(s) compared.",1787328678967,
236,1787335254553,LINK,12,original,1,0.7857142857142857,6,0.008333333333333333,0,15,"No variant's local edge cleared the significance bar (needed >32.0pts above 50%, best was calibrated at +28.6pts on n=14) -- defaulting to Original k-NN.",1787335251651,
237,1787335254554,LINK,24,original,0.6,1,5,0.01,1,15,"original locally outperformed (100% correct on 14 same-direction matches among the 15 most similar historical moments), clearing the significance bar for 5 variant(s) compared.",1787335251732,
238,1787335254660,BTC,12,original,1,1,6,0.008333333333333333,1,15,"original locally outperformed (100% correct on 12 same-direction matches among the 15 most similar historical moments), clearing the significance bar for 6 variant(s) compared.",1787335252483,
239,1787335254676,BTC,24,challenger_flat,0.6165,1,6,0.008333333333333333,1,15,"challenger_flat locally outperformed (100% correct on 11 same-direction matches among the 15 most similar historical moments), clearing the significance bar for 6 variant(s) compared.",1787335251651,
240,1787356856713,BTC,12,original,1,1,6,0.008333333333333333,1,15,"original locally outperformed (100% correct on 12 same-direction matches among the 15 most similar historical moments), clearing the significance bar for 6 variant(s) compared.",1787356851485,
241,1787356856733,LINK,24,original,0.5333333333333333,1,6,0.008333333333333333,1,15,"original locally outperformed (100% correct on 12 same-direction matches among the 15 most similar historical moments), clearing the significance bar for 6 variant(s) compared.",1787356851627,
242,1787356856756,LINK,12,original,0.8666666666666667,0.5384615384615384,4,0.0125,0,15,"No variant's local edge cleared the significance bar (needed >31.1pts above 50%, best was experimental at +3.8pts on n=13) -- defaulting to Original k-NN.",1787356851843,
243,1787356856762,BTC,24,original,0.6,1,6,0.008333333333333333,1,15,"original locally outperformed (100% correct on 7 same-direction matches among the 15 most similar historical moments), clearing the significance bar for 6 variant(s) compared.",1787356851832,
244,1787360819733,BTC,24,original,0.6666666666666666,1,6,0.008333333333333333,1,15,"original locally outperformed (100% correct on 7 same-direction matches among the 15 most similar historical moments), clearing the significance bar for 6 variant(s) compared.",1787360810105,
245,1787360834369,LINK,24,original,0.5333333333333333,1,5,0.01,1,15,"original locally outperformed (100% correct on 12 same-direction matches among the 15 most similar historical moments), clearing the significance bar for 5 variant(s) compared.",1787360827324,
246,1787360834692,BTC,12,original,1,1,6,0.008333333333333333,1,15,"original locally outperformed (100% correct on 12 same-direction matches among the 15 most similar historical moments), clearing the significance bar for 6 variant(s) compared.",1787360827556,
247,1787360834798,LINK,12,original,0.3333333333333333,0.6666666666666666,4,0.0125,0,15,"No variant's local edge cleared the significance bar (needed >64.7pts above 50%, best was original at +16.7pts on n=3) -- defaulting to Original k-NN.",1787360826739,
248,1787360835566,BTC,24,original,0.6666666666666666,1,6,0.008333333333333333,1,15,"original locally outperformed (100% correct on 7 same-direction matches among the 15 most similar historical moments), clearing the significance bar for 6 variant(s) compared.",1787360829404,
249,1787360844087,LINK,24,original,0.5333333333333333,1,5,0.01,1,15,"original locally outperformed (100% correct on 12 same-direction matches among the 15 most similar historical moments), clearing the significance bar for 5 variant(s) compared.",1787360837924,
250,1787360856876,LINK,24,original,0.5333333333333333,1,5,0.01,1,15,"original locally outperformed (100% correct on 12 same-direction matches among the 15 most similar historical moments), clearing the significance bar for 5 variant(s) compared.",1787360849385,
251,1787360857825,BTC,24,original,0.6666666666666666,1,6,0.008333333333333333,1,15,"original locally outperformed (100% correct on 7 same-direction matches among the 15 most similar historical moments), clearing the significance bar for 6 variant(s) compared.",1787360851417,
252,1787360857917,BTC,12,original,1,1,6,0.008333333333333333,1,15,"original locally outperformed (100% correct on 12 same-direction matches among the 15 most similar historical moments), clearing the significance bar for 6 variant(s) compared.",1787360850687,
253,1787360863217,LINK,12,original,0.3333333333333333,0.6666666666666666,4,0.0125,0,15,"No variant's local edge cleared the significance bar (needed >64.7pts above 50%, best was original at +16.7pts on n=3) -- defaulting to Original k-NN.",1787360850481,
254,1787360919219,BTC,24,original,0.6666666666666666,1,6,0.008333333333333333,1,15,"original locally outperformed (100% correct on 7 same-direction matches among the 15 most similar historical moments), clearing the significance bar for 6 variant(s) compared.",1787360851417,
255,1787367653258,LINK,24,challenger_calibrated,0.8,1,6,0.008333333333333333,1,15,"challenger_calibrated locally outperformed (100% correct on 9 same-direction matches among the 15 most similar historical moments), clearing the significance bar for 6 variant(s) compared.",1787367650975,
256,1787367653341,LINK,12,calibrated,0.625,0.9166666666666666,6,0.008333333333333333,1,15,"calibrated locally outperformed (92% correct on 12 same-direction matches among the 15 most similar historical moments), clearing the significance bar for 6 variant(s) compared.",1787367651119,
257,1787367653825,BTC,24,original,0.6666666666666666,1,6,0.008333333333333333,1,15,"original locally outperformed (100% correct on 8 same-direction matches among the 15 most similar historical moments), clearing the significance bar for 6 variant(s) compared.",1787367651321,
258,1787367653912,BTC,12,challenger_calibrated,0.6,1,6,0.008333333333333333,1,15,"challenger_calibrated locally outperformed (100% correct on 11 same-direction matches among the 15 most similar historical moments), clearing the significance bar for 6 variant(s) compared.",1787367651336,
259,1787378456069,LINK,12,original,0.06666666666666667,0.75,6,0.008333333333333333,0,15,"No variant's local edge cleared the significance bar (needed >59.9pts above 50%, best was challenger_calibrated at +25.0pts on n=4) -- defaulting to Original k-NN.",1787378451212,
260,1787378456194,LINK,24,original,0.9333333333333333,0.5555555555555556,6,0.008333333333333333,0,15,"No variant's local edge cleared the significance bar (needed >39.9pts above 50%, best was calibrated at +5.6pts on n=9) -- defaulting to Original k-NN.",1787378451350,
261,1787378456384,BTC,24,original,1,1,6,0.008333333333333333,1,15,"original locally outperformed (100% correct on 11 same-direction matches among the 15 most similar historical moments), clearing the significance bar for 6 variant(s) compared.",1787378451491,
262,1787378456450,BTC,12,challenger_calibrated,0.6,1,6,0.008333333333333333,1,15,"challenger_calibrated locally outperformed (100% correct on 10 same-direction matches among the 15 most similar historical moments), clearing the significance bar for 6 variant(s) compared.",1787378451674,
263,1787389253086,ETH,24,original,0.6666666666666666,1,3,0.016666666666666666,0,7,"No variant's local edge cleared the significance bar (needed >53.2pts above 50%, best was original at +50.0pts on n=4) -- defaulting to Original k-NN.",1787389251786,
264,1787396158146,BTC,24,original,1,1,6,0.008333333333333333,1,15,"original locally outperformed (100% correct on 15 same-direction matches among the 15 most similar historical moments), clearing the significance bar for 6 variant(s) compared.",1787396152253,
265,1787396158998,LINK,12,original,0.6,0.8571428571428571,6,0.008333333333333333,0,15,"No variant's local edge cleared the significance bar (needed >45.2pts above 50%, best was original at +35.7pts on n=7) -- defaulting to Original k-NN.",1787396151107,
266,1787396159753,BTC,12,original,1,1,6,0.008333333333333333,1,15,"original locally outperformed (100% correct on 10 same-direction matches among the 15 most similar historical moments), clearing the significance bar for 6 variant(s) compared.",1787396152391,
267,1787396160009,BTC,24,original,1,1,6,0.008333333333333333,1,15,"original locally outperformed (100% correct on 15 same-direction matches among the 15 most similar historical moments), clearing the significance bar for 6 variant(s) compared.",1787396152253,
268,1787396160245,LINK,24,original,1,1,6,0.008333333333333333,0,15,"No variant's local edge cleared the significance bar (needed >59.9pts above 50%, best was challenger_calibrated at +50.0pts on n=4) -- defaulting to Original k-NN.",1787396151411,
269,1787396168927,BTC,24,original,1,1,6,0.008333333333333333,1,15,"original locally outperformed (100% correct on 12 same-direction matches among the 15 most similar historical moments), clearing the significance bar for 6 variant(s) compared.",1787396163007,
270,1787400052290,ETH,24,original,0.7333333333333333,1,3,0.016666666666666666,0,7,"No variant's local edge cleared the significance bar (needed >53.2pts above 50%, best was original at +50.0pts on n=4) -- defaulting to Original k-NN.",1787400051224,
271,1787400053185,LINK,24,original,1,1,6,0.008333333333333333,0,15,"No variant's local edge cleared the significance bar (needed >69.1pts above 50%, best was challenger_calibrated at +50.0pts on n=3) -- defaulting to Original k-NN.",1787400050867,
272,1787400053292,LINK,12,original,0.6,0.7777777777777778,5,0.01,0,15,"No variant's local edge cleared the significance bar (needed >38.8pts above 50%, best was calibrated at +27.8pts on n=9) -- defaulting to Original k-NN.",1787400051074,
273,1787400053395,BTC,12,challenger_calibrated,0.6,1,6,0.008333333333333333,1,15,"challenger_calibrated locally outperformed (100% correct on 10 same-direction matches among the 15 most similar historical moments), clearing the significance bar for 6 variant(s) compared.",1787400051074,
274,1787400053859,BTC,24,original,1,1,6,0.008333333333333333,1,15,"original locally outperformed (100% correct on 12 same-direction matches among the 15 most similar historical moments), clearing the significance bar for 6 variant(s) compared.",1787400051391,
275,1787410852665,ETH,24,original,0.6,1,3,0.016666666666666666,1,7,"original locally outperformed (100% correct on 6 same-direction matches among the 7 most similar historical moments), clearing the significance bar for 3 variant(s) compared.",1787410850880,
276,1787410855726,LINK,24,challenger_calibrated,0.655,1,6,0.008333333333333333,1,15,"challenger_calibrated locally outperformed (100% correct on 6 same-direction matches among the 15 most similar historical moments), clearing the significance bar for 6 variant(s) compared.",1787410852449,
277,1787410855759,LINK,12,original,0.13333333333333333,0.6666666666666666,6,0.008333333333333333,0,15,"No variant's local edge cleared the significance bar (needed >39.9pts above 50%, best was calibrated at +16.7pts on n=9) -- defaulting to Original k-NN.",1787410852449,
278,1787410855836,BTC,12,original,1,0.7857142857142857,6,0.008333333333333333,0,15,"No variant's local edge cleared the significance bar (needed >32.0pts above 50%, best was challenger_calibrated at +28.6pts on n=14) -- defaulting to Original k-NN.",1787410852449,
279,1787410855868,BTC,24,original,1,1,6,0.008333333333333333,1,15,"original locally outperformed (100% correct on 13 same-direction matches among the 15 most similar historical moments), clearing the significance bar for 6 variant(s) compared.",1787410851382,
280,1787421653091,ETH,24,original,0.30888925047066806,0,1,0.05,0,7,"No variant's local edge cleared the significance bar (needed >47.5pts above 50%, best was experimental at +-50.0pts on n=3) -- defaulting to Original k-NN.",1787421650913,
281,1787421654483,LINK,12,original,0.8,0.5,6,0.008333333333333333,0,15,"No variant's local edge cleared the significance bar (needed >48.9pts above 50%, best was experimental at +0.0pts on n=6) -- defaulting to Original k-NN.",1787421651100,
282,1787421654522,LINK,24,challenger_calibrated,0.655,1,6,0.008333333333333333,1,15,"challenger_calibrated locally outperformed (100% correct on 7 same-direction matches among the 15 most similar historical moments), clearing the significance bar for 6 variant(s) compared.",1787421651100,
283,1787421655134,BTC,12,original,1,0.7142857142857143,6,0.008333333333333333,0,15,"No variant's local edge cleared the significance bar (needed >32.0pts above 50%, best was challenger_calibrated at +21.4pts on n=14) -- defaulting to Original k-NN.",1787421651412,
284,1787421655210,BTC,24,original,1,0.7692307692307693,6,0.008333333333333333,0,15,"No variant's local edge cleared the significance bar (needed >33.2pts above 50%, best was original at +26.9pts on n=13) -- defaulting to Original k-NN.",1787421652684,
285,1787432452553,ETH,24,original,0.44310631595245786,0,1,0.05,0,7,"No variant's local edge cleared the significance bar (needed >47.5pts above 50%, best was experimental at +-50.0pts on n=3) -- defaulting to Original k-NN.",1787432450882,
286,1787432453563,LINK,12,original,0.6,0.5714285714285714,6,0.008333333333333333,0,15,"No variant's local edge cleared the significance bar (needed >45.2pts above 50%, best was challenger_flat at +7.1pts on n=7) -- defaulting to Original k-NN.",1787432451035,
287,1787432453770,LINK,24,original,1,0.7777777777777778,6,0.008333333333333333,0,15,"No variant's local edge cleared the significance bar (needed >39.9pts above 50%, best was calibrated at +27.8pts on n=9) -- defaulting to Original k-NN.",1787432451170,
288,1787432453850,BTC,24,original,1,0.8333333333333334,5,0.01,0,15,"No variant's local edge cleared the significance bar (needed >47.5pts above 50%, best was original at +33.3pts on n=6) -- defaulting to Original k-NN.",1787432452253,
289,1787432453955,BTC,12,original,0.6666666666666666,0.5714285714285714,5,0.01,0,15,"No variant's local edge cleared the significance bar (needed >44.0pts above 50%, best was experimental at +7.1pts on n=7) -- defaulting to Original k-NN.",1787432452161,
290,1787438510142,LINK,12,original,0.3333333333333333,0.4444444444444444,6,0.008333333333333333,0,15,"No variant's local edge cleared the significance bar (needed >39.9pts above 50%, best was experimental at +-5.6pts on n=9) -- defaulting to Original k-NN.",1787438503930,
291,1787438510328,LINK,24,original,1,1,6,0.008333333333333333,0,15,"No variant's local edge cleared the significance bar (needed >53.5pts above 50%, best was challenger_calibrated at +50.0pts on n=5) -- defaulting to Original k-NN.",1787438504436,
292,1787438510644,BTC,24,original,1,0.6666666666666666,6,0.008333333333333333,0,15,"No variant's local edge cleared the significance bar (needed >34.6pts above 50%, best was challenger_calibrated at +16.7pts on n=12) -- defaulting to Original k-NN.",1787438504681,
293,1787438510986,BTC,12,original,0.7333333333333333,0.7777777777777778,6,0.008333333333333333,0,15,"No variant's local edge cleared the significance bar (needed >39.9pts above 50%, best was challenger_calibrated at +27.8pts on n=9) -- defaulting to Original k-NN.",1787438504588,
294,1787438515138,BTC,24,original,1,0.6666666666666666,6,0.008333333333333333,0,15,"No variant's local edge cleared the significance bar (needed >34.6pts above 50%, best was challenger_calibrated at +16.7pts on n=12) -- defaulting to Original k-NN.",1787438504681,
295,1787438519458,BTC,24,original,1,0.6666666666666666,6,0.008333333333333333,0,15,"No variant's local edge cleared the significance bar (needed >34.6pts above 50%, best was challenger_calibrated at +16.7pts on n=12) -- defaulting to Original k-NN.",1787438513532,
296,1787442454300,BTC,24,original,1,0.6666666666666666,6,0.008333333333333333,0,15,"No variant's local edge cleared the significance bar (needed >34.6pts above 50%, best was challenger_calibrated at +16.7pts on n=12) -- defaulting to Original k-NN.",1787442447482,
297,1787442478544,LINK,12,original,0.8666666666666667,0.75,5,0.01,0,15,"No variant's local edge cleared the significance bar (needed >41.1pts above 50%, best was original at +25.0pts on n=8) -- defaulting to Original k-NN.",1787442473402,
298,1787442478548,LINK,24,original,1,1,6,0.008333333333333333,0,15,"No variant's local edge cleared the significance bar (needed >59.9pts above 50%, best was challenger_calibrated at +50.0pts on n=4) -- defaulting to Original k-NN.",1787442473066,
299,1787442479125,BTC,24,original,1,0.6666666666666666,6,0.008333333333333333,0,15,"No variant's local edge cleared the significance bar (needed >34.6pts above 50%, best was challenger_calibrated at +16.7pts on n=12) -- defaulting to Original k-NN.",1787442473274,
300,1787442479347,BTC,12,original,0.8,0.75,6,0.008333333333333333,0,15,"No variant's local edge cleared the significance bar (needed >42.3pts above 50%, best was challenger_calibrated at +25.0pts on n=8) -- defaulting to Original k-NN.",1787442473539,
301,1787442481305,ETH,24,original,0.6,1,3,0.016666666666666666,1,7,"original locally outperformed (100% correct on 6 same-direction matches among the 7 most similar historical moments), clearing the significance bar for 3 variant(s) compared.",1787442478605,
302,1787442486857,LINK,12,original,0.8666666666666667,0.75,5,0.01,0,15,"No variant's local edge cleared the significance bar (needed >41.1pts above 50%, best was original at +25.0pts on n=8) -- defaulting to Original k-NN.",1787442481074,
303,1787442487072,LINK,24,original,1,1,6,0.008333333333333333,0,15,"No variant's local edge cleared the significance bar (needed >59.9pts above 50%, best was challenger_calibrated at +50.0pts on n=4) -- defaulting to Original k-NN.",1787442481301,
304,1787442488844,BTC,24,original,1,0.6666666666666666,6,0.008333333333333333,0,15,"No variant's local edge cleared the significance bar (needed >34.6pts above 50%, best was challenger_calibrated at +16.7pts on n=12) -- defaulting to Original k-NN.",1787442483060,
305,1787442489267,BTC,12,original,0.8,0.75,6,0.008333333333333333,0,15,"No variant's local edge cleared the significance bar (needed >42.3pts above 50%, best was challenger_calibrated at +25.0pts on n=8) -- defaulting to Original k-NN.",1787442483305,
306,1787442494928,LINK,12,original,0.8666666666666667,0.7,5,0.01,0,15,"No variant's local edge cleared the significance bar (needed >36.8pts above 50%, best was original at +20.0pts on n=10) -- defaulting to Original k-NN.",1787442489456,
307,1787442495207,LINK,24,original,1,1,6,0.008333333333333333,0,15,"No variant's local edge cleared the significance bar (needed >59.9pts above 50%, best was challenger_calibrated at +50.0pts on n=4) -- defaulting to Original k-NN.",1787442489597,
308,1787442763119,BTC,24,original,1,0.6666666666666666,6,0.008333333333333333,0,15,"No variant's local edge cleared the significance bar (needed >34.6pts above 50%, best was challenger_calibrated at +16.7pts on n=12) -- defaulting to Original k-NN.",1787442757242,
309,1787442829689,LINK,24,original,1,1,6,0.008333333333333333,0,15,"No variant's local edge cleared the significance bar (needed >59.9pts above 50%, best was challenger_calibrated at +50.0pts on n=4) -- defaulting to Original k-NN.",1787442824106,
310,1787442830290,LINK,12,original,0.8666666666666667,0.7,5,0.01,0,15,"No variant's local edge cleared the significance bar (needed >36.8pts above 50%, best was original at +20.0pts on n=10) -- defaulting to Original k-NN.",1787442824518,
311,1787442831059,BTC,12,original,0.8,0.75,6,0.008333333333333333,0,15,"No variant's local edge cleared the significance bar (needed >42.3pts above 50%, best was challenger_calibrated at +25.0pts on n=8) -- defaulting to Original k-NN.",1787442825192,
312,1787442831575,BTC,24,original,1,0.6666666666666666,6,0.008333333333333333,0,15,"No variant's local edge cleared the significance bar (needed >34.6pts above 50%, best was challenger_calibrated at +16.7pts on n=12) -- defaulting to Original k-NN.",1787442825811,
313,1787442837636,LINK,24,challenger_calibrated,0.655,1,6,0.008333333333333333,1,15,"challenger_calibrated locally outperformed (100% correct on 6 same-direction matches among the 15 most similar historical moments), clearing the significance bar for 6 variant(s) compared.",1787442832129,
314,1787442844934,ETH,24,original,0.6,1,3,0.016666666666666666,1,7,"original locally outperformed (100% correct on 6 same-direction matches among the 7 most similar historical moments), clearing the significance bar for 3 variant(s) compared.",1787442842004,
315,1787442848488,LINK,24,challenger_calibrated,0.655,1,6,0.008333333333333333,1,15,"challenger_calibrated locally outperformed (100% correct on 6 same-direction matches among the 15 most similar historical moments), clearing the significance bar for 6 variant(s) compared.",1787442842874,
316,1787442848505,LINK,12,original,0.8666666666666667,0.8181818181818182,6,0.008333333333333333,0,15,"No variant's local edge cleared the significance bar (needed >36.1pts above 50%, best was original at +31.8pts on n=11) -- defaulting to Original k-NN.",1787442842541,
317,1787442849307,BTC,12,original,0.8,0.75,6,0.008333333333333333,0,15,"No variant's local edge cleared the significance bar (needed >42.3pts above 50%, best was challenger_calibrated at +25.0pts on n=8) -- defaulting to Original k-NN.",1787442843430,
318,1787442849996,BTC,24,original,1,0.6666666666666666,6,0.008333333333333333,0,15,"No variant's local edge cleared the significance bar (needed >34.6pts above 50%, best was challenger_calibrated at +16.7pts on n=12) -- defaulting to Original k-NN.",1787442843742,
319,1787443250792,ETH,24,original,0.6,1,3,0.016666666666666666,0,7,"No variant's local edge cleared the significance bar (needed >61.4pts above 50%, best was original at +50.0pts on n=3) -- defaulting to Original k-NN.",1787443249456,
320,1787443251813,LINK,12,original,0.8666666666666667,0.5,6,0.008333333333333333,0,15,"No variant's local edge cleared the significance bar (needed >48.9pts above 50%, best was experimental at +0.0pts on n=6) -- defaulting to Original k-NN.",1787443249114,
321,1787443252105,LINK,24,original,1,1,6,0.008333333333333333,0,15,"No variant's local edge cleared the significance bar (needed >69.1pts above 50%, best was challenger_calibrated at +50.0pts on n=3) -- defaulting to Original k-NN.",1787443249456,
322,1787443252350,BTC,24,original,1,0.6666666666666666,6,0.008333333333333333,0,15,"No variant's local edge cleared the significance bar (needed >34.6pts above 50%, best was original at +16.7pts on n=12) -- defaulting to Original k-NN.",1787443249258,
323,1787443252455,BTC,12,original,0.8,0.5833333333333334,6,0.008333333333333333,0,15,"No variant's local edge cleared the significance bar (needed >34.6pts above 50%, best was challenger_calibrated at +8.3pts on n=12) -- defaulting to Original k-NN.",1787443249659,
324,1787454049568,ETH,24,original,0.5333333333333333,1,3,0.016666666666666666,1,7,"original locally outperformed (100% correct on 6 same-direction matches among the 7 most similar historical moments), clearing the significance bar for 3 variant(s) compared.",1787454048408,
325,1787454053644,LINK,12,original,0.9333333333333333,0.7272727272727273,5,0.01,0,15,"No variant's local edge cleared the significance bar (needed >35.1pts above 50%, best was original at +22.7pts on n=11) -- defaulting to Original k-NN.",1787454048822,
326,1787454053736,BTC,12,original,0.7333333333333333,0.6666666666666666,6,0.008333333333333333,0,15,"No variant's local edge cleared the significance bar (needed >30.9pts above 50%, best was original at +16.7pts on n=15) -- defaulting to Original k-NN.",1787454049047,
327,1787454053782,LINK,24,original,1,1,6,0.008333333333333333,1,15,"original locally outperformed (100% correct on 14 same-direction matches among the 15 most similar historical moments), clearing the significance bar for 6 variant(s) compared.",1787454049047,
328,1787454053783,BTC,24,original,1,0.4666666666666667,6,0.008333333333333333,0,15,"No variant's local edge cleared the significance bar (needed >30.9pts above 50%, best was original at +-3.3pts on n=15) -- defaulting to Original k-NN.",1787454049031,
329,1787462529829,LINK,12,challenger_calibrated,0.679,1,5,0.01,1,15,"challenger_calibrated locally outperformed (100% correct on 8 same-direction matches among the 15 most similar historical moments), clearing the significance bar for 5 variant(s) compared.",1787462522456,
330,1787462529849,LINK,24,original,0.7333333333333333,1,6,0.008333333333333333,1,15,"original locally outperformed (100% correct on 15 same-direction matches among the 15 most similar historical moments), clearing the significance bar for 6 variant(s) compared.",1787462522363,
331,1787462530062,BTC,12,original,0.8666666666666667,0.8571428571428571,6,0.008333333333333333,1,15,"original locally outperformed (86% correct on 14 same-direction matches among the 15 most similar historical moments), clearing the significance bar for 6 variant(s) compared.",1787462522594,
332,1787462530129,BTC,24,original,1,0.4666666666666667,6,0.008333333333333333,0,15,"No variant's local edge cleared the significance bar (needed >30.9pts above 50%, best was original at +-3.3pts on n=15) -- defaulting to Original k-NN.",1787462522453,
333,1787462539010,BTC,24,challenger_calibrated,0.657,0.9,6,0.008333333333333333,1,15,"challenger_calibrated locally outperformed (90% correct on 10 same-direction matches among the 15 most similar historical moments), clearing the significance bar for 6 variant(s) compared.",1787462533110,
334,1787462552026,BTC,24,challenger_calibrated,0.657,0.9,6,0.008333333333333333,1,15,"challenger_calibrated locally outperformed (90% correct on 10 same-direction matches among the 15 most similar historical moments), clearing the significance bar for 6 variant(s) compared.",1787462533110,
335,1787464851489,ETH,24,original,0.6666666666666666,1,3,0.016666666666666666,1,7,"original locally outperformed (100% correct on 6 same-direction matches among the 7 most similar historical moments), clearing the significance bar for 3 variant(s) compared.",1787464849722,
336,1787464852082,LINK,12,original,0.5333333333333333,1,5,0.01,1,15,"original locally outperformed (100% correct on 15 same-direction matches among the 15 most similar historical moments), clearing the significance bar for 5 variant(s) compared.",1787464849106,
337,1787464852348,LINK,24,original,0.7333333333333333,0.9333333333333333,6,0.008333333333333333,1,15,"original locally outperformed (93% correct on 15 same-direction matches among the 15 most similar historical moments), clearing the significance bar for 6 variant(s) compared.",1787464849488,
338,1787464852475,BTC,12,challenger_calibrated,0.556,0.9166666666666666,6,0.008333333333333333,1,15,"challenger_calibrated locally outperformed (92% correct on 12 same-direction matches among the 15 most similar historical moments), clearing the significance bar for 6 variant(s) compared.",1787464849265,
339,1787464852861,BTC,24,original,1,0.9,6,0.008333333333333333,1,15,"original locally outperformed (90% correct on 10 same-direction matches among the 15 most similar historical moments), clearing the significance bar for 6 variant(s) compared.",1787464850680,
340,1787470241229,LINK,12,calibrated,0.5588235294117647,1,2,0.025,1,15,"calibrated locally outperformed (100% correct on 14 same-direction matches among the 15 most similar historical moments), clearing the significance bar for 2 variant(s) compared.",1787470233316,
341,1787470241531,LINK,24,original,0.6,0.9333333333333333,5,0.01,1,15,"original locally outperformed (93% correct on 15 same-direction matches among the 15 most similar historical moments), clearing the significance bar for 5 variant(s) compared.",1787470233487,
342,1787470241546,BTC,24,original,0.6666666666666666,0.8,6,0.008333333333333333,0,15,"No variant's local edge cleared the significance bar (needed >37.9pts above 50%, best was challenger_calibrated at +30.0pts on n=10) -- defaulting to Original k-NN.",1787470234612,
343,1787470241634,BTC,12,challenger_calibrated,0.704,0.9166666666666666,6,0.008333333333333333,1,15,"challenger_calibrated locally outperformed (92% correct on 12 same-direction matches among the 15 most similar historical moments), clearing the significance bar for 6 variant(s) compared.",1787470234319,
344,1787470242202,BTC,24,original,0.6666666666666666,0.8,6,0.008333333333333333,0,15,"No variant's local edge cleared the significance bar (needed >37.9pts above 50%, best was challenger_calibrated at +30.0pts on n=10) -- defaulting to Original k-NN.",1787470234612,
345,1787470250456,BTC,24,original,0.6666666666666666,0.8,6,0.008333333333333333,0,15,"No variant's local edge cleared the significance bar (needed >37.9pts above 50%, best was challenger_calibrated at +30.0pts on n=10) -- defaulting to Original k-NN.",1787470244614,
346,1787475572600,BTC,24,original,0.6666666666666666,0.8181818181818182,6,0.008333333333333333,0,15,"No variant's local edge cleared the significance bar (needed >36.1pts above 50%, best was challenger_calibrated at +31.8pts on n=11) -- defaulting to Original k-NN.",1787475566600,
347,1787475600989,BTC,24,original,0.6666666666666666,0.6153846153846154,6,0.008333333333333333,0,15,"No variant's local edge cleared the significance bar (needed >33.2pts above 50%, best was original at +11.5pts on n=13) -- defaulting to Original k-NN.",1787475594983,
348,1787486428866,ETH,24,original,0.3333333333333333,0.25,3,0.016666666666666666,0,7,"No variant's local edge cleared the significance bar (needed >53.2pts above 50%, best was original at +-25.0pts on n=4) -- defaulting to Original k-NN.",1787486428684,
349,1787486430856,LINK,24,original,0.5333333333333333,0.9285714285714286,6,0.008333333333333333,1,15,"original locally outperformed (93% correct on 14 same-direction matches among the 15 most similar historical moments), clearing the significance bar for 6 variant(s) compared.",1787486428851,
350,1787486430939,LINK,12,original,1,0.9166666666666666,6,0.008333333333333333,1,15,"original locally outperformed (92% correct on 12 same-direction matches among the 15 most similar historical moments), clearing the significance bar for 6 variant(s) compared.",1787486428866,
351,1787486430957,BTC,12,original,0.26666666666666666,0.7857142857142857,6,0.008333333333333333,0,15,"No variant's local edge cleared the significance bar (needed >32.0pts above 50%, best was challenger_calibrated at +28.6pts on n=14) -- defaulting to Original k-NN.",1787486429199,
352,1787486430974,BTC,24,original,0.9333333333333333,0.8,6,0.008333333333333333,0,15,"No variant's local edge cleared the significance bar (needed >37.9pts above 50%, best was experimental at +30.0pts on n=10) -- defaulting to Original k-NN.",1787486429199,
353,1787497229280,ETH,24,original,0.6,1,2,0.025,1,7,"original locally outperformed (100% correct on 5 same-direction matches among the 7 most similar historical moments), clearing the significance bar for 2 variant(s) compared.",1787497228992,
354,1787497229815,LINK,12,challenger_calibrated,0.679,1,6,0.008333333333333333,1,15,"challenger_calibrated locally outperformed (100% correct on 10 same-direction matches among the 15 most similar historical moments), clearing the significance bar for 6 variant(s) compared.",1787497228793,
355,1787497229896,LINK,24,experimental,0.5225562103169987,1,3,0.016666666666666666,1,15,"experimental locally outperformed (100% correct on 14 same-direction matches among the 15 most similar historical moments), clearing the significance bar for 3 variant(s) compared.",1787497228793,
356,1787497229932,BTC,12,original,0.26666666666666666,0.8,6,0.008333333333333333,0,15,"No variant's local edge cleared the significance bar (needed >37.9pts above 50%, best was calibrated at +30.0pts on n=10) -- defaulting to Original k-NN.",1787497229143,
357,1787497229984,BTC,24,original,0.8,0.8,6,0.008333333333333333,0,15,"No variant's local edge cleared the significance bar (needed >37.9pts above 50%, best was experimental at +30.0pts on n=10) -- defaulting to Original k-NN.",1787497229197,
358,1787508030173,ETH,24,original,0.6,1,3,0.016666666666666666,1,7,"original locally outperformed (100% correct on 5 same-direction matches among the 7 most similar historical moments), clearing the significance bar for 3 variant(s) compared.",1787508028810,
359,1787508031142,LINK,12,original,0.8666666666666667,0.7777777777777778,6,0.008333333333333333,0,15,"No variant's local edge cleared the significance bar (needed >39.9pts above 50%, best was challenger_calibrated at +27.8pts on n=9) -- defaulting to Original k-NN.",1787508030114,
360,1787508031142,BTC,24,original,0.8666666666666667,0.8,6,0.008333333333333333,0,15,"No variant's local edge cleared the significance bar (needed >37.9pts above 50%, best was experimental at +30.0pts on n=10) -- defaulting to Original k-NN.",1787508029073,
361,1787508031142,BTC,12,experimental,0.8397987163754274,0.9,6,0.008333333333333333,1,15,"experimental locally outperformed (90% correct on 10 same-direction matches among the 15 most similar historical moments), clearing the significance bar for 6 variant(s) compared.",1787508029073,
362,1787508031206,LINK,24,calibrated,0.7692307692307693,0.9285714285714286,2,0.025,1,15,"calibrated locally outperformed (93% correct on 14 same-direction matches among the 15 most similar historical moments), clearing the significance bar for 2 variant(s) compared.",1787508028883,
363,1787518830383,ETH,24,original,0.6,1,3,0.016666666666666666,1,7,"original locally outperformed (100% correct on 5 same-direction matches among the 7 most similar historical moments), clearing the significance bar for 3 variant(s) compared.",1787518829083,
364,1787518830936,LINK,12,original,0.8666666666666667,0.38461538461538464,6,0.008333333333333333,0,15,"No variant's local edge cleared the significance bar (needed >33.2pts above 50%, best was original at +-11.5pts on n=13) -- defaulting to Original k-NN.",1787518828833,
365,1787518831019,BTC,24,original,0.9333333333333333,0.6428571428571429,6,0.008333333333333333,0,15,"No variant's local edge cleared the significance bar (needed >32.0pts above 50%, best was experimental at +14.3pts on n=14) -- defaulting to Original k-NN.",1787518828887,
366,1787518831019,BTC,12,original,0.8666666666666667,0.7857142857142857,6,0.008333333333333333,0,15,"No variant's local edge cleared the significance bar (needed >32.0pts above 50%, best was challenger_calibrated at +28.6pts on n=14) -- defaulting to Original k-NN.",1787518830081,
367,1787518831080,LINK,24,calibrated,0.6923076923076923,0.8571428571428571,6,0.008333333333333333,1,15,"calibrated locally outperformed (86% correct on 14 same-direction matches among the 15 most similar historical moments), clearing the significance bar for 6 variant(s) compared.",1787518829132,
368,1787527964041,LINK,12,original,0.8666666666666667,0.3333333333333333,6,0.008333333333333333,0,15,"No variant's local edge cleared the significance bar (needed >39.9pts above 50%, best was experimental at +-16.7pts on n=9) -- defaulting to Original k-NN.",1787527955774,
369,1787527964248,LINK,24,original,0.9333333333333333,0.7142857142857143,6,0.008333333333333333,0,15,"No variant's local edge cleared the significance bar (needed >45.2pts above 50%, best was original at +21.4pts on n=7) -- defaulting to Original k-NN.",1787527955986,
370,1787527964256,BTC,24,original,0.5333333333333333,0.5384615384615384,6,0.008333333333333333,0,15,"No variant's local edge cleared the significance bar (needed >33.2pts above 50%, best was experimental at +3.8pts on n=13) -- defaulting to Original k-NN.",1787527957218,
371,1787527964552,BTC,12,original,0.8666666666666667,0.8,6,0.008333333333333333,0,15,"No variant's local edge cleared the significance bar (needed >37.9pts above 50%, best was experimental at +30.0pts on n=10) -- defaulting to Original k-NN.",1787527957444,
372,1787527965223,BTC,24,original,0.5333333333333333,0.5384615384615384,6,0.008333333333333333,0,15,"No variant's local edge cleared the significance bar (needed >33.2pts above 50%, best was experimental at +3.8pts on n=13) -- defaulting to Original k-NN.",1787527957218,
373,1787527974029,BTC,24,original,0.5333333333333333,0.42857142857142855,6,0.008333333333333333,0,15,"No variant's local edge cleared the significance bar (needed >32.0pts above 50%, best was experimental at +-7.1pts on n=14) -- defaulting to Original k-NN.",1787527968333,
374,1787529207171,LINK,12,original,0.8666666666666667,0.3333333333333333,6,0.008333333333333333,0,15,"No variant's local edge cleared the significance bar (needed >39.9pts above 50%, best was experimental at +-16.7pts on n=9) -- defaulting to Original k-NN.",1787529197828,
375,1787529207440,BTC,24,original,0.501499890432742,0.5,3,0.016666666666666666,0,15,"No variant's local edge cleared the significance bar (needed >28.4pts above 50%, best was experimental at +0.0pts on n=14) -- defaulting to Original k-NN.",1787529198841,
376,1787529207453,LINK,24,original,0.9333333333333333,0.4,6,0.008333333333333333,0,15,"No variant's local edge cleared the significance bar (needed >30.9pts above 50%, best was challenger_calibrated at +-10.0pts on n=15) -- defaulting to Original k-NN.",1787529198688,
377,1787529207606,BTC,12,original,0.8666666666666667,0.8333333333333334,6,0.008333333333333333,0,15,"No variant's local edge cleared the significance bar (needed >34.6pts above 50%, best was experimental at +33.3pts on n=12) -- defaulting to Original k-NN.",1787529198537,
378,1787529216113,BTC,24,original,0.4666666666666667,0.7333333333333333,6,0.008333333333333333,0,15,"No variant's local edge cleared the significance bar (needed >30.9pts above 50%, best was calibrated at +23.3pts on n=15) -- defaulting to Original k-NN.",1787529210516,
379,1787529221400,BTC,24,original,0.4666666666666667,0.7333333333333333,6,0.008333333333333333,0,15,"No variant's local edge cleared the significance bar (needed >30.9pts above 50%, best was calibrated at +23.3pts on n=15) -- defaulting to Original k-NN.",1787529210516,
380,1787532641271,BTC,24,original,0.26666666666666666,0.6666666666666666,6,0.008333333333333333,0,15,"No variant's local edge cleared the significance bar (needed >30.9pts above 50%, best was calibrated at +16.7pts on n=15) -- defaulting to Original k-NN.",1787532631100,
381,1787533120862,BTC,24,original,0.26666666666666666,0.7333333333333333,6,0.008333333333333333,0,15,"No variant's local edge cleared the significance bar (needed >30.9pts above 50%, best was calibrated at +23.3pts on n=15) -- defaulting to Original k-NN.",1787533115181,
382,1787533134202,LINK,24,original,0.9333333333333333,0.2,6,0.008333333333333333,0,15,"No variant's local edge cleared the significance bar (needed >30.9pts above 50%, best was calibrated at +-30.0pts on n=15) -- defaulting to Original k-NN.",1787533128899,
383,1787533135294,LINK,12,original,0.6153846153846154,0.18181818181818182,6,0.008333333333333333,0,15,"No variant's local edge cleared the significance bar (needed >36.1pts above 50%, best was experimental at +-31.8pts on n=11) -- defaulting to Original k-NN.",1787533129042,
384,1787533136115,BTC,24,original,0.7884615384615384,0.5833333333333334,3,0.016666666666666666,0,15,"No variant's local edge cleared the significance bar (needed >30.7pts above 50%, best was calibrated at +8.3pts on n=12) -- defaulting to Original k-NN.",1787533130248,
385,1787535477260,BTC,24,calibrated,0.7884615384615384,1,6,0.008333333333333333,1,15,"calibrated locally outperformed (100% correct on 12 same-direction matches among the 15 most similar historical moments), clearing the significance bar for 6 variant(s) compared.",1787535471420,
386,1787535491827,BTC,24,original,0.7884615384615384,0.8181818181818182,3,0.016666666666666666,0,15,"No variant's local edge cleared the significance bar (needed >32.1pts above 50%, best was calibrated at +31.8pts on n=11) -- defaulting to Original k-NN.",1787535485988,
387,1787538725644,BTC,24,original,0.7884615384615384,0.8181818181818182,3,0.016666666666666666,0,15,"No variant's local edge cleared the significance bar (needed >32.1pts above 50%, best was calibrated at +31.8pts on n=11) -- defaulting to Original k-NN.",1787538719888,
388,1787538740586,BTC,24,original,0.7884615384615384,0.8181818181818182,3,0.016666666666666666,0,15,"No variant's local edge cleared the significance bar (needed >32.1pts above 50%, best was calibrated at +31.8pts on n=11) -- defaulting to Original k-NN.",1787538719888,
389,1787540447933,ETH,24,original,0.6,1,3,0.016666666666666666,0,7,"No variant's local edge cleared the significance bar (needed >53.2pts above 50%, best was original at +50.0pts on n=4) -- defaulting to Original k-NN.",1787540446129,
390,1787540449225,LINK,12,original,0.8461538461538461,0.3,6,0.008333333333333333,0,15,"No variant's local edge cleared the significance bar (needed >37.9pts above 50%, best was experimental at +-20.0pts on n=10) -- defaulting to Original k-NN.",1787540445785,
391,1787540449321,BTC,12,experimental,0.787063136021886,0.9090909090909091,6,0.008333333333333333,1,15,"experimental locally outperformed (91% correct on 11 same-direction matches among the 15 most similar historical moments), clearing the significance bar for 6 variant(s) compared.",1787540447290,
392,1787540449321,LINK,24,original,0.9333333333333333,0.2857142857142857,6,0.008333333333333333,0,15,"No variant's local edge cleared the significance bar (needed >32.0pts above 50%, best was calibrated at +-21.4pts on n=14) -- defaulting to Original k-NN.",1787540445992,
393,1787540449471,BTC,24,original,0.26666666666666666,0.75,6,0.008333333333333333,0,15,"No variant's local edge cleared the significance bar (needed >34.6pts above 50%, best was calibrated at +25.0pts on n=12) -- defaulting to Original k-NN.",1787540445992,
394,1787551249636,ETH,24,original,0.5333333333333333,1,3,0.016666666666666666,0,7,"No variant's local edge cleared the significance bar (needed >53.2pts above 50%, best was original at +50.0pts on n=4) -- defaulting to Original k-NN.",1787551248155,
395,1787551252339,LINK,24,original,1,0.6666666666666666,6,0.008333333333333333,0,15,"No variant's local edge cleared the significance bar (needed >48.9pts above 50%, best was original at +16.7pts on n=6) -- defaulting to Original k-NN.",1787551247842,
396,1787551252430,LINK,12,original,0.6153846153846154,0.8181818181818182,6,0.008333333333333333,0,15,"No variant's local edge cleared the significance bar (needed >36.1pts above 50%, best was experimental at +31.8pts on n=11) -- defaulting to Original k-NN.",1787551248001,
397,1787551252567,BTC,12,experimental,0.7843634699356563,0.9090909090909091,6,0.008333333333333333,1,15,"experimental locally outperformed (91% correct on 11 same-direction matches among the 15 most similar historical moments), clearing the significance bar for 6 variant(s) compared.",1787551248617,
398,1787551252597,BTC,24,original,0.6666666666666666,0.7777777777777778,6,0.008333333333333333,0,15,"No variant's local edge cleared the significance bar (needed >39.9pts above 50%, best was experimental at +27.8pts on n=9) -- defaulting to Original k-NN.",1787551248823,
399,1787552109957,BTC,24,original,0.6,0.8,6,0.008333333333333333,0,15,"No variant's local edge cleared the significance bar (needed >37.9pts above 50%, best was experimental at +30.0pts on n=10) -- defaulting to Original k-NN.",1787552103234,
400,1787557274838,BTC,24,original,0.6,0.8,6,0.008333333333333333,0,15,"No variant's local edge cleared the significance bar (needed >37.9pts above 50%, best was experimental at +30.0pts on n=10) -- defaulting to Original k-NN.",1787552103234,
401,1787560918904,BTC,24,original,0.8,0.75,6,0.008333333333333333,0,15,"No variant's local edge cleared the significance bar (needed >34.6pts above 50%, best was experimental at +25.0pts on n=12) -- defaulting to Original k-NN.",1787560911597,
402,1787562319858,BTC,24,calibrated,0.6037735849056604,0.8666666666666667,6,0.008333333333333333,1,15,"calibrated locally outperformed (87% correct on 15 same-direction matches among the 15 most similar historical moments), clearing the significance bar for 6 variant(s) compared.",1787562311642,
403,1787572851819,ETH,24,original,0.7333333333333333,1,3,0.016666666666666666,1,7,"original locally outperformed (100% correct on 5 same-direction matches among the 7 most similar historical moments), clearing the significance bar for 3 variant(s) compared.",1787572850091,
404,1787572851892,ETH,12,original,0.5,1,3,0.016666666666666666,0,7,"No variant's local edge cleared the significance bar (needed >61.4pts above 50%, best was original at +50.0pts on n=3) -- defaulting to Original k-NN.",1787572850237,
405,1787572854228,LINK,12,original,0.5333333333333333,0.7777777777777778,6,0.008333333333333333,0,15,"No variant's local edge cleared the significance bar (needed >39.9pts above 50%, best was original at +27.8pts on n=9) -- defaulting to Original k-NN.",1787572849968,
406,1787572854355,LINK,24,original,0.6666666666666666,0.875,6,0.008333333333333333,0,15,"No variant's local edge cleared the significance bar (needed >42.3pts above 50%, best was original at +37.5pts on n=8) -- defaulting to Original k-NN.",1787572850081,
407,1787572854378,BTC,24,calibrated,0.6226415094339622,0.8666666666666667,6,0.008333333333333333,1,15,"calibrated locally outperformed (87% correct on 15 same-direction matches among the 15 most similar historical moments), clearing the significance bar for 6 variant(s) compared.",1787572851337,
408,1787572854466,BTC,12,experimental,0.8928423065724779,0.9230769230769231,6,0.008333333333333333,1,15,"experimental locally outperformed (92% correct on 13 same-direction matches among the 15 most similar historical moments), clearing the significance bar for 6 variant(s) compared.",1787572851117,
409,1787576857709,LINK,24,original,0.6666666666666666,0.7142857142857143,6,0.008333333333333333,0,15,"No variant's local edge cleared the significance bar (needed >45.2pts above 50%, best was original at +21.4pts on n=7) -- defaulting to Original k-NN.",1787576850957,
410,1787576867009,LINK,24,original,0.6666666666666666,0.8333333333333334,6,0.008333333333333333,0,15,"No variant's local edge cleared the significance bar (needed >48.9pts above 50%, best was original at +33.3pts on n=6) -- defaulting to Original k-NN.",1787576861166,
411,1787578092475,BTC,24,calibrated,0.6226415094339622,0.8666666666666667,6,0.008333333333333333,1,15,"calibrated locally outperformed (87% correct on 15 same-direction matches among the 15 most similar historical moments), clearing the significance bar for 6 variant(s) compared.",1787572851337,
412,1787578095426,BTC,24,original,0.5333333333333333,0.6923076923076923,6,0.008333333333333333,0,15,"No variant's local edge cleared the significance bar (needed >33.2pts above 50%, best was experimental at +19.2pts on n=13) -- defaulting to Original k-NN.",1787578089646,
413,1787578436172,BTC,24,original,0.5333333333333333,0.7142857142857143,6,0.008333333333333333,0,15,"No variant's local edge cleared the significance bar (needed >32.0pts above 50%, best was original at +21.4pts on n=14) -- defaulting to Original k-NN.",1787578430066,"[{""variant"":""original"",""p_up"":0.533,""lca"":0.714,""n_matched"":14},{""variant"":""experimental"",""p_up"":0.55,""lca"":0.7,""n_matched"":10},{""variant"":""calibrated"",""p_up"":0.623,""lca"":0.667,""n_matched"":12},{""variant"":""challenger_flat"",""p_up"":0.516,""lca"":0.714,""n_matched"":14},{""variant"":""challenger_tilted"",""p_up"":0.516,""lca"":0.714,""n_matched"":14},{""variant"":""challenger_calibrated"",""p_up"":0.55,""lca"":0.667,""n_matched"":12}]"
414,1787578528181,BTC,24,original,0.5333333333333333,0.6923076923076923,6,0.008333333333333333,0,15,"No variant's local edge cleared the significance bar (needed >33.2pts above 50%, best was experimental at +19.2pts on n=13) -- defaulting to Original k-NN.",1787578522215,"[{""variant"":""original"",""p_up"":0.533,""lca"":0.643,""n_matched"":14},{""variant"":""experimental"",""p_up"":0.55,""lca"":0.692,""n_matched"":13},{""variant"":""calibrated"",""p_up"":0.623,""lca"":0.667,""n_matched"":15},{""variant"":""challenger_flat"",""p_up"":0.516,""lca"":0.643,""n_matched"":14},{""variant"":""challenger_tilted"",""p_up"":0.516,""lca"":0.643,""n_matched"":14},{""variant"":""challenger_calibrated"",""p_up"":0.55,""lca"":0.667,""n_matched"":15}]"
415,1787583139477,LINK,12,original,0.4666666666666667,0.5384615384615384,6,0.008333333333333333,0,15,"No variant's local edge cleared the significance bar (needed >33.2pts above 50%, best was calibrated at +3.8pts on n=13) -- defaulting to Original k-NN.",1787583133042,"[{""variant"":""original"",""p_up"":0.467,""lca"":0.5,""n_matched"":4},{""variant"":""experimental"",""p_up"":0.441,""lca"":0.5,""n_matched"":6},{""variant"":""calibrated"",""p_up"":0.8,""lca"":0.538,""n_matched"":13},{""variant"":""challenger_flat"",""p_up"":0.467,""lca"":0.5,""n_matched"":4},{""variant"":""challenger_tilted"",""p_up"":0.467,""lca"":0.5,""n_matched"":4},{""variant"":""challenger_calibrated"",""p_up"":0.655,""lca"":0.4,""n_matched"":10}]"
416,1787583139674,LINK,24,original,0.6666666666666666,0.4,6,0.008333333333333333,0,15,"No variant's local edge cleared the significance bar (needed >30.9pts above 50%, best was calibrated at +-10.0pts on n=15) -- defaulting to Original k-NN.",1787583133237,"[{""variant"":""original"",""p_up"":0.667,""lca"":0.333,""n_matched"":9},{""variant"":""experimental"",""p_up"":0.889,""lca"":0.3,""n_matched"":10},{""variant"":""calibrated"",""p_up"":0.7,""lca"":0.4,""n_matched"":15},{""variant"":""challenger_flat"",""p_up"":0.584,""lca"":0.333,""n_matched"":9},{""variant"":""challenger_tilted"",""p_up"":0.584,""lca"":0.333,""n_matched"":9},{""variant"":""challenger_calibrated"",""p_up"":0.606,""lca"":0.4,""n_matched"":15}]"
417,1787583140803,BTC,12,challenger_calibrated,0.571,1,6,0.008333333333333333,1,15,"challenger_calibrated locally outperformed (100% correct on 13 same-direction matches among the 15 most similar historical moments), clearing the significance bar for 6 variant(s) compared.",1787583134705,"[{""variant"":""original"",""p_up"":0.933,""lca"":0.923,""n_matched"":13},{""variant"":""experimental"",""p_up"":0.951,""lca"":0.929,""n_matched"":14},{""variant"":""calibrated"",""p_up"":0.563,""lca"":0.909,""n_matched"":11},{""variant"":""challenger_flat"",""p_up"":0.717,""lca"":0.923,""n_matched"":13},{""variant"":""challenger_tilted"",""p_up"":0.717,""lca"":0.923,""n_matched"":13},{""variant"":""challenger_calibrated"",""p_up"":0.571,""lca"":1,""n_matched"":13}]"
418,1787583141060,BTC,24,original,0.5333333333333333,1,6,0.008333333333333333,1,15,"original locally outperformed (100% correct on 9 same-direction matches among the 15 most similar historical moments), clearing the significance bar for 6 variant(s) compared.",1787583134896,"[{""variant"":""original"",""p_up"":0.533,""lca"":1,""n_matched"":9},{""variant"":""experimental"",""p_up"":0.55,""lca"":1,""n_matched"":7},{""variant"":""calibrated"",""p_up"":0.623,""lca"":1,""n_matched"":13},{""variant"":""challenger_flat"",""p_up"":0.516,""lca"":1,""n_matched"":9},{""variant"":""challenger_tilted"",""p_up"":0.516,""lca"":1,""n_matched"":9},{""variant"":""challenger_calibrated"",""p_up"":0.55,""lca"":1,""n_matched"":8}]"
419,1787585907955,LINK,24,original,0.8666666666666667,0.5,6,0.008333333333333333,0,15,"No variant's local edge cleared the significance bar (needed >42.3pts above 50%, best was original at +0.0pts on n=8) -- defaulting to Original k-NN.",1787585899579,"[{""variant"":""original"",""p_up"":0.867,""lca"":0.5,""n_matched"":8},{""variant"":""experimental"",""p_up"":0.908,""lca"":0.5,""n_matched"":8},{""variant"":""calibrated"",""p_up"":0.775,""lca"":0.467,""n_matched"":15},{""variant"":""challenger_flat"",""p_up"":0.683,""lca"":0.5,""n_matched"":8},{""variant"":""challenger_tilted"",""p_up"":0.683,""lca"":0.5,""n_matched"":8},{""variant"":""challenger_calibrated"",""p_up"":0.727,""lca"":0.467,""n_matched"":15}]"
420,1787585973836,LINK,12,original,0.5333333333333333,0.75,6,0.008333333333333333,0,15,"No variant's local edge cleared the significance bar (needed >34.6pts above 50%, best was experimental at +25.0pts on n=12) -- defaulting to Original k-NN.",1787585967524,"[{""variant"":""original"",""p_up"":0.533,""lca"":0.727,""n_matched"":11},{""variant"":""experimental"",""p_up"":0.609,""lca"":0.75,""n_matched"":12},{""variant"":""calibrated"",""p_up"":0.6,""lca"":0.75,""n_matched"":12},{""variant"":""challenger_flat"",""p_up"":0.516,""lca"":0.727,""n_matched"":11},{""variant"":""challenger_tilted"",""p_up"":0.516,""lca"":0.727,""n_matched"":11},{""variant"":""challenger_calibrated"",""p_up"":0.655,""lca"":0.714,""n_matched"":7}]"
421,1787585974089,LINK,24,original,0.8666666666666667,0.4,6,0.008333333333333333,0,15,"No variant's local edge cleared the significance bar (needed >30.9pts above 50%, best was calibrated at +-10.0pts on n=15) -- defaulting to Original k-NN.",1787585967911,"[{""variant"":""original"",""p_up"":0.867,""lca"":0.375,""n_matched"":8},{""variant"":""experimental"",""p_up"":0.908,""lca"":0.375,""n_matched"":8},{""variant"":""calibrated"",""p_up"":0.775,""lca"":0.4,""n_matched"":15},{""variant"":""challenger_flat"",""p_up"":0.683,""lca"":0.375,""n_matched"":8},{""variant"":""challenger_tilted"",""p_up"":0.683,""lca"":0.375,""n_matched"":8},{""variant"":""challenger_calibrated"",""p_up"":0.727,""lca"":0.4,""n_matched"":15}]"
422,1787585974164,BTC,24,original,0.5333333333333333,1,6,0.008333333333333333,1,15,"original locally outperformed (100% correct on 10 same-direction matches among the 15 most similar historical moments), clearing the significance bar for 6 variant(s) compared.",1787585968098,"[{""variant"":""original"",""p_up"":0.533,""lca"":1,""n_matched"":10},{""variant"":""experimental"",""p_up"":0.512,""lca"":1,""n_matched"":7},{""variant"":""calibrated"",""p_up"":0.623,""lca"":1,""n_matched"":12},{""variant"":""challenger_flat"",""p_up"":0.516,""lca"":1,""n_matched"":10},{""variant"":""challenger_tilted"",""p_up"":0.516,""lca"":1,""n_matched"":10},{""variant"":""challenger_calibrated"",""p_up"":0.55,""lca"":1,""n_matched"":7}]"
423,1787585975383,BTC,12,challenger_calibrated,0.679,1,6,0.008333333333333333,1,15,"challenger_calibrated locally outperformed (100% correct on 13 same-direction matches among the 15 most similar historical moments), clearing the significance bar for 6 variant(s) compared.",1787585969241,"[{""variant"":""original"",""p_up"":1,""lca"":0.933,""n_matched"":15},{""variant"":""experimental"",""p_up"":1,""lca"":0.933,""n_matched"":15},{""variant"":""calibrated"",""p_up"":0.792,""lca"":0.9,""n_matched"":10},{""variant"":""challenger_flat"",""p_up"":0.75,""lca"":0.933,""n_matched"":15},{""variant"":""challenger_tilted"",""p_up"":0.75,""lca"":0.933,""n_matched"":15},{""variant"":""challenger_calibrated"",""p_up"":0.679,""lca"":1,""n_matched"":13}]"
424,1787585984757,LINK,24,original,0.8666666666666667,0.5,6,0.008333333333333333,0,15,"No variant's local edge cleared the significance bar (needed >42.3pts above 50%, best was original at +0.0pts on n=8) -- defaulting to Original k-NN.",1787585978920,"[{""variant"":""original"",""p_up"":0.867,""lca"":0.5,""n_matched"":8},{""variant"":""experimental"",""p_up"":0.908,""lca"":0.5,""n_matched"":8},{""variant"":""calibrated"",""p_up"":0.775,""lca"":0.467,""n_matched"":15},{""variant"":""challenger_flat"",""p_up"":0.683,""lca"":0.5,""n_matched"":8},{""variant"":""challenger_tilted"",""p_up"":0.683,""lca"":0.5,""n_matched"":8},{""variant"":""challenger_calibrated"",""p_up"":0.727,""lca"":0.467,""n_matched"":15}]"
425,1787585990906,BTC,24,original,0.5333333333333333,1,6,0.008333333333333333,1,15,"original locally outperformed (100% correct on 10 same-direction matches among the 15 most similar historical moments), clearing the significance bar for 6 variant(s) compared.",1787585983629,"[{""variant"":""original"",""p_up"":0.533,""lca"":1,""n_matched"":10},{""variant"":""experimental"",""p_up"":0.512,""lca"":1,""n_matched"":7},{""variant"":""calibrated"",""p_up"":0.623,""lca"":1,""n_matched"":12},{""variant"":""challenger_flat"",""p_up"":0.516,""lca"":1,""n_matched"":10},{""variant"":""challenger_tilted"",""p_up"":0.516,""lca"":1,""n_matched"":10},{""variant"":""challenger_calibrated"",""p_up"":0.55,""lca"":1,""n_matched"":7}]"
426,1787585991448,LINK,12,original,0.5333333333333333,0.75,6,0.008333333333333333,0,15,"No variant's local edge cleared the significance bar (needed >34.6pts above 50%, best was experimental at +25.0pts on n=12) -- defaulting to Original k-NN.",1787585984735,"[{""variant"":""original"",""p_up"":0.533,""lca"":0.727,""n_matched"":11},{""variant"":""experimental"",""p_up"":0.609,""lca"":0.75,""n_matched"":12},{""variant"":""calibrated"",""p_up"":0.6,""lca"":0.75,""n_matched"":12},{""variant"":""challenger_flat"",""p_up"":0.516,""lca"":0.727,""n_matched"":11},{""variant"":""challenger_tilted"",""p_up"":0.516,""lca"":0.727,""n_matched"":11},{""variant"":""challenger_calibrated"",""p_up"":0.655,""lca"":0.714,""n_matched"":7}]"
427,1787585992941,BTC,12,challenger_calibrated,0.679,1,6,0.008333333333333333,1,15,"challenger_calibrated locally outperformed (100% correct on 13 same-direction matches among the 15 most similar historical moments), clearing the significance bar for 6 variant(s) compared.",1787585986411,"[{""variant"":""original"",""p_up"":1,""lca"":0.933,""n_matched"":15},{""variant"":""experimental"",""p_up"":1,""lca"":0.933,""n_matched"":15},{""variant"":""calibrated"",""p_up"":0.792,""lca"":0.9,""n_matched"":10},{""variant"":""challenger_flat"",""p_up"":0.75,""lca"":0.933,""n_matched"":15},{""variant"":""challenger_tilted"",""p_up"":0.75,""lca"":0.933,""n_matched"":15},{""variant"":""challenger_calibrated"",""p_up"":0.679,""lca"":1,""n_matched"":13}]"
428,1787585994372,LINK,24,original,0.8666666666666667,0.5,6,0.008333333333333333,0,15,"No variant's local edge cleared the significance bar (needed >42.3pts above 50%, best was original at +0.0pts on n=8) -- defaulting to Original k-NN.",1787585988576,"[{""variant"":""original"",""p_up"":0.867,""lca"":0.5,""n_matched"":8},{""variant"":""experimental"",""p_up"":0.908,""lca"":0.5,""n_matched"":8},{""variant"":""calibrated"",""p_up"":0.775,""lca"":0.467,""n_matched"":15},{""variant"":""challenger_flat"",""p_up"":0.683,""lca"":0.5,""n_matched"":8},{""variant"":""challenger_tilted"",""p_up"":0.683,""lca"":0.5,""n_matched"":8},{""variant"":""challenger_calibrated"",""p_up"":0.727,""lca"":0.467,""n_matched"":15}]"
429,1787605223496,ETH,12,original,0.7142857142857143,1,3,0.016666666666666666,0,7,"No variant's local edge cleared the significance bar (needed >53.2pts above 50%, best was original at +50.0pts on n=4) -- defaulting to Original k-NN.",1787605220008,"[{""variant"":""original"",""p_up"":0.714,""lca"":1,""n_matched"":4},{""variant"":""experimental"",""p_up"":0.719,""lca"":1,""n_matched"":5},{""variant"":""calibrated"",""p_up"":0.714,""lca"":1,""n_matched"":4}]"
430,1787605223528,ETH,24,original,0.8,1,3,0.016666666666666666,0,7,"No variant's local edge cleared the significance bar (needed >53.2pts above 50%, best was original at +50.0pts on n=4) -- defaulting to Original k-NN.",1787605220091,"[{""variant"":""original"",""p_up"":0.8,""lca"":1,""n_matched"":4},{""variant"":""experimental"",""p_up"":0.907,""lca"":1,""n_matched"":3},{""variant"":""calibrated"",""p_up"":0.8,""lca"":1,""n_matched"":4}]"
431,1787605228929,LINK,24,original,0.6666666666666666,0.6,6,0.008333333333333333,0,15,"No variant's local edge cleared the significance bar (needed >30.9pts above 50%, best was challenger_calibrated at +10.0pts on n=15) -- defaulting to Original k-NN.",1787605220116,"[{""variant"":""original"",""p_up"":0.667,""lca"":0.556,""n_matched"":9},{""variant"":""experimental"",""p_up"":0.67,""lca"":0.545,""n_matched"":11},{""variant"":""calibrated"",""p_up"":0.7,""lca"":0.571,""n_matched"":14},{""variant"":""challenger_flat"",""p_up"":0.584,""lca"":0.556,""n_matched"":9},{""variant"":""challenger_tilted"",""p_up"":0.584,""lca"":0.556,""n_matched"":9},{""variant"":""challenger_calibrated"",""p_up"":0.606,""lca"":0.6,""n_matched"":15}]"
432,1787605229147,LINK,12,original,0.8666666666666667,0.7272727272727273,6,0.008333333333333333,0,15,"No variant's local edge cleared the significance bar (needed >36.1pts above 50%, best was original at +22.7pts on n=11) -- defaulting to Original k-NN.",1787605220610,"[{""variant"":""original"",""p_up"":0.867,""lca"":0.727,""n_matched"":11},{""variant"":""experimental"",""p_up"":0.927,""lca"":0.7,""n_matched"":10},{""variant"":""calibrated"",""p_up"":0.771,""lca"":0.714,""n_matched"":14},{""variant"":""challenger_flat"",""p_up"":0.65,""lca"":0.727,""n_matched"":11},{""variant"":""challenger_tilted"",""p_up"":0.65,""lca"":0.727,""n_matched"":11},{""variant"":""challenger_calibrated"",""p_up"":0.759,""lca"":0.714,""n_matched"":14}]"
433,1787605229352,BTC,12,challenger_calibrated,0.679,1,6,0.008333333333333333,1,15,"challenger_calibrated locally outperformed (100% correct on 13 same-direction matches among the 15 most similar historical moments), clearing the significance bar for 6 variant(s) compared.",1787605221974,"[{""variant"":""original"",""p_up"":1,""lca"":0.933,""n_matched"":15},{""variant"":""experimental"",""p_up"":1,""lca"":0.933,""n_matched"":15},{""variant"":""calibrated"",""p_up"":0.792,""lca"":0.917,""n_matched"":12},{""variant"":""challenger_flat"",""p_up"":0.75,""lca"":0.933,""n_matched"":15},{""variant"":""challenger_tilted"",""p_up"":0.75,""lca"":0.933,""n_matched"":15},{""variant"":""challenger_calibrated"",""p_up"":0.679,""lca"":1,""n_matched"":13}]"
434,1787605229468,BTC,24,original,0.7333333333333333,0.8571428571428571,6,0.008333333333333333,1,15,"original locally outperformed (86% correct on 14 same-direction matches among the 15 most similar historical moments), clearing the significance bar for 6 variant(s) compared.",1787605221591,"[{""variant"":""original"",""p_up"":0.733,""lca"":0.857,""n_matched"":14},{""variant"":""experimental"",""p_up"":0.765,""lca"":0.833,""n_matched"":12},{""variant"":""calibrated"",""p_up"":0.66,""lca"":0.846,""n_matched"":13},{""variant"":""challenger_flat"",""p_up"":0.733,""lca"":0.857,""n_matched"":14},{""variant"":""challenger_tilted"",""p_up"":0.733,""lca"":0.857,""n_matched"":14},{""variant"":""challenger_calibrated"",""p_up"":0.725,""lca"":0.846,""n_matched"":13}]"
435,1787615740484,BTC,24,original,0.5333333333333333,1,6,0.008333333333333333,1,15,"original locally outperformed (100% correct on 10 same-direction matches among the 15 most similar historical moments), clearing the significance bar for 6 variant(s) compared.",1787615733541,"[{""variant"":""original"",""p_up"":0.533,""lca"":1,""n_matched"":10},{""variant"":""experimental"",""p_up"":0.594,""lca"":1,""n_matched"":10},{""variant"":""calibrated"",""p_up"":0.623,""lca"":1,""n_matched"":15},{""variant"":""challenger_flat"",""p_up"":0.533,""lca"":1,""n_matched"":10},{""variant"":""challenger_tilted"",""p_up"":0.533,""lca"":1,""n_matched"":10},{""variant"":""challenger_calibrated"",""p_up"":0.525,""lca"":1,""n_matched"":10}]"
436,1787615740718,BTC,24,original,0.5333333333333333,1,6,0.008333333333333333,1,15,"original locally outperformed (100% correct on 10 same-direction matches among the 15 most similar historical moments), clearing the significance bar for 6 variant(s) compared.",1787615733541,"[{""variant"":""original"",""p_up"":0.533,""lca"":1,""n_matched"":10},{""variant"":""experimental"",""p_up"":0.594,""lca"":1,""n_matched"":10},{""variant"":""calibrated"",""p_up"":0.623,""lca"":1,""n_matched"":15},{""variant"":""challenger_flat"",""p_up"":0.533,""lca"":1,""n_matched"":10},{""variant"":""challenger_tilted"",""p_up"":0.533,""lca"":1,""n_matched"":10},{""variant"":""challenger_calibrated"",""p_up"":0.525,""lca"":1,""n_matched"":10}]"
437,1787615839078,LINK,12,original,1,1,6,0.008333333333333333,1,15,"original locally outperformed (100% correct on 9 same-direction matches among the 15 most similar historical moments), clearing the significance bar for 6 variant(s) compared.",1787615833332,"[{""variant"":""original"",""p_up"":1,""lca"":1,""n_matched"":9},{""variant"":""experimental"",""p_up"":1,""lca"":1,""n_matched"":9},{""variant"":""calibrated"",""p_up"":0.871,""lca"":0.8,""n_matched"":15},{""variant"":""challenger_flat"",""p_up"":0.65,""lca"":1,""n_matched"":9},{""variant"":""challenger_tilted"",""p_up"":0.65,""lca"":1,""n_matched"":9},{""variant"":""challenger_calibrated"",""p_up"":0.759,""lca"":0.909,""n_matched"":11}]"
438,1787615839206,LINK,24,experimental,0.5532042247755812,0.9166666666666666,6,0.008333333333333333,1,15,"experimental locally outperformed (92% correct on 12 same-direction matches among the 15 most similar historical moments), clearing the significance bar for 6 variant(s) compared.",1787615833724,"[{""variant"":""original"",""p_up"":0.6,""lca"":0.9,""n_matched"":10},{""variant"":""experimental"",""p_up"":0.553,""lca"":0.917,""n_matched"":12},{""variant"":""calibrated"",""p_up"":0.7,""lca"":0.857,""n_matched"":14},{""variant"":""challenger_flat"",""p_up"":0.6,""lca"":0.9,""n_matched"":10},{""variant"":""challenger_tilted"",""p_up"":0.6,""lca"":0.9,""n_matched"":10},{""variant"":""challenger_calibrated"",""p_up"":0.606,""lca"":0.909,""n_matched"":11}]"
439,1787615839228,BTC,12,challenger_calibrated,0.679,1,6,0.008333333333333333,1,15,"challenger_calibrated locally outperformed (100% correct on 13 same-direction matches among the 15 most similar historical moments), clearing the significance bar for 6 variant(s) compared.",1787615832868,"[{""variant"":""original"",""p_up"":1,""lca"":0.929,""n_matched"":14},{""variant"":""experimental"",""p_up"":1,""lca"":0.933,""n_matched"":15},{""variant"":""calibrated"",""p_up"":0.792,""lca"":0.909,""n_matched"":11},{""variant"":""challenger_flat"",""p_up"":0.75,""lca"":0.929,""n_matched"":14},{""variant"":""challenger_tilted"",""p_up"":0.75,""lca"":0.929,""n_matched"":14},{""variant"":""challenger_calibrated"",""p_up"":0.679,""lca"":1,""n_matched"":13}]"
440,1787615839774,BTC,24,original,0.5333333333333333,1,6,0.008333333333333333,1,15,"original locally outperformed (100% correct on 14 same-direction matches among the 15 most similar historical moments), clearing the significance bar for 6 variant(s) compared.",1787615833881,"[{""variant"":""original"",""p_up"":0.533,""lca"":1,""n_matched"":14},{""variant"":""experimental"",""p_up"":0.594,""lca"":1,""n_matched"":14},{""variant"":""calibrated"",""p_up"":0.623,""lca"":1,""n_matched"":14},{""variant"":""challenger_flat"",""p_up"":0.533,""lca"":1,""n_matched"":14},{""variant"":""challenger_tilted"",""p_up"":0.533,""lca"":1,""n_matched"":14},{""variant"":""challenger_calibrated"",""p_up"":0.525,""lca"":1,""n_matched"":14}]"
441,1787617651807,BTC,24,original,0.5333333333333333,1,6,0.008333333333333333,1,15,"original locally outperformed (100% correct on 13 same-direction matches among the 15 most similar historical moments), clearing the significance bar for 6 variant(s) compared.",1787617645465,"[{""variant"":""original"",""p_up"":0.533,""lca"":1,""n_matched"":13},{""variant"":""experimental"",""p_up"":0.594,""lca"":1,""n_matched"":15},{""variant"":""calibrated"",""p_up"":0.623,""lca"":1,""n_matched"":15},{""variant"":""challenger_flat"",""p_up"":0.533,""lca"":1,""n_matched"":13},{""variant"":""challenger_tilted"",""p_up"":0.533,""lca"":1,""n_matched"":13},{""variant"":""challenger_calibrated"",""p_up"":0.525,""lca"":1,""n_matched"":15}]"
442,1787617657022,BTC,24,original,0.5333333333333333,1,6,0.008333333333333333,1,15,"original locally outperformed (100% correct on 12 same-direction matches among the 15 most similar historical moments), clearing the significance bar for 6 variant(s) compared.",1787617651211,"[{""variant"":""original"",""p_up"":0.533,""lca"":1,""n_matched"":12},{""variant"":""experimental"",""p_up"":0.594,""lca"":1,""n_matched"":14},{""variant"":""calibrated"",""p_up"":0.623,""lca"":1,""n_matched"":15},{""variant"":""challenger_flat"",""p_up"":0.533,""lca"":1,""n_matched"":12},{""variant"":""challenger_tilted"",""p_up"":0.533,""lca"":1,""n_matched"":12},{""variant"":""challenger_calibrated"",""p_up"":0.525,""lca"":1,""n_matched"":15}]"
443,1787618775437,BTC,24,original,0.5333333333333333,1,6,0.008333333333333333,1,15,"original locally outperformed (100% correct on 11 same-direction matches among the 15 most similar historical moments), clearing the significance bar for 6 variant(s) compared.",1787618769707,"[{""variant"":""original"",""p_up"":0.533,""lca"":1,""n_matched"":11},{""variant"":""experimental"",""p_up"":0.594,""lca"":1,""n_matched"":13},{""variant"":""calibrated"",""p_up"":0.623,""lca"":1,""n_matched"":15},{""variant"":""challenger_flat"",""p_up"":0.533,""lca"":1,""n_matched"":11},{""variant"":""challenger_tilted"",""p_up"":0.533,""lca"":1,""n_matched"":11},{""variant"":""challenger_calibrated"",""p_up"":0.525,""lca"":1,""n_matched"":15}]"
444,1787618781437,LINK,24,challenger_calibrated,0.606,0.8666666666666667,6,0.008333333333333333,1,15,"challenger_calibrated locally outperformed (87% correct on 15 same-direction matches among the 15 most similar historical moments), clearing the significance bar for 6 variant(s) compared.",1787618776199,"[{""variant"":""original"",""p_up"":0.6,""lca"":0.833,""n_matched"":12},{""variant"":""experimental"",""p_up"":0.553,""lca"":0.846,""n_matched"":13},{""variant"":""calibrated"",""p_up"":0.7,""lca"":0.857,""n_matched"":14},{""variant"":""challenger_flat"",""p_up"":0.6,""lca"":0.833,""n_matched"":12},{""variant"":""challenger_tilted"",""p_up"":0.6,""lca"":0.833,""n_matched"":12},{""variant"":""challenger_calibrated"",""p_up"":0.606,""lca"":0.867,""n_matched"":15}]"
445,1787618785641,BTC,24,original,0.5333333333333333,1,6,0.008333333333333333,1,15,"original locally outperformed (100% correct on 13 same-direction matches among the 15 most similar historical moments), clearing the significance bar for 6 variant(s) compared.",1787618780016,"[{""variant"":""original"",""p_up"":0.533,""lca"":1,""n_matched"":13},{""variant"":""experimental"",""p_up"":0.594,""lca"":1,""n_matched"":15},{""variant"":""calibrated"",""p_up"":0.623,""lca"":1,""n_matched"":15},{""variant"":""challenger_flat"",""p_up"":0.533,""lca"":1,""n_matched"":13},{""variant"":""challenger_tilted"",""p_up"":0.533,""lca"":1,""n_matched"":13},{""variant"":""challenger_calibrated"",""p_up"":0.525,""lca"":1,""n_matched"":15}]"
446,1787618790869,LINK,24,original,0.6,0.8,6,0.008333333333333333,0,15,"No variant's local edge cleared the significance bar (needed >53.5pts above 50%, best was original at +30.0pts on n=5) -- defaulting to Original k-NN.",1787618785585,"[{""variant"":""original"",""p_up"":0.6,""lca"":0.8,""n_matched"":5},{""variant"":""experimental"",""p_up"":0.553,""lca"":0.714,""n_matched"":7},{""variant"":""calibrated"",""p_up"":0.7,""lca"":0.667,""n_matched"":15},{""variant"":""challenger_flat"",""p_up"":0.6,""lca"":0.8,""n_matched"":5},{""variant"":""challenger_tilted"",""p_up"":0.6,""lca"":0.8,""n_matched"":5},{""variant"":""challenger_calibrated"",""p_up"":0.606,""lca"":0.714,""n_matched"":14}]"
447,1787618798819,BTC,24,original,0.5333333333333333,1,6,0.008333333333333333,1,15,"original locally outperformed (100% correct on 13 same-direction matches among the 15 most similar historical moments), clearing the significance bar for 6 variant(s) compared.",1787618793313,"[{""variant"":""original"",""p_up"":0.533,""lca"":1,""n_matched"":13},{""variant"":""experimental"",""p_up"":0.594,""lca"":1,""n_matched"":15},{""variant"":""calibrated"",""p_up"":0.623,""lca"":1,""n_matched"":15},{""variant"":""challenger_flat"",""p_up"":0.533,""lca"":1,""n_matched"":13},{""variant"":""challenger_tilted"",""p_up"":0.533,""lca"":1,""n_matched"":13},{""variant"":""challenger_calibrated"",""p_up"":0.525,""lca"":1,""n_matched"":15}]"
448,1787618805500,LINK,24,original,0.6,0.8333333333333334,6,0.008333333333333333,0,15,"No variant's local edge cleared the significance bar (needed >48.9pts above 50%, best was original at +33.3pts on n=6) -- defaulting to Original k-NN.",1787618800301,"[{""variant"":""original"",""p_up"":0.6,""lca"":0.833,""n_matched"":6},{""variant"":""experimental"",""p_up"":0.553,""lca"":0.75,""n_matched"":8},{""variant"":""calibrated"",""p_up"":0.7,""lca"":0.714,""n_matched"":14},{""variant"":""challenger_flat"",""p_up"":0.6,""lca"":0.833,""n_matched"":6},{""variant"":""challenger_tilted"",""p_up"":0.6,""lca"":0.833,""n_matched"":6},{""variant"":""challenger_calibrated"",""p_up"":0.606,""lca"":0.786,""n_matched"":14}]"
449,1787618952459,LINK,24,original,0.6,0.8571428571428571,6,0.008333333333333333,0,15,"No variant's local edge cleared the significance bar (needed >45.2pts above 50%, best was original at +35.7pts on n=7) -- defaulting to Original k-NN.",1787618946716,"[{""variant"":""original"",""p_up"":0.6,""lca"":0.857,""n_matched"":7},{""variant"":""experimental"",""p_up"":0.553,""lca"":0.778,""n_matched"":9},{""variant"":""calibrated"",""p_up"":0.7,""lca"":0.692,""n_matched"":13},{""variant"":""challenger_flat"",""p_up"":0.6,""lca"":0.833,""n_matched"":6},{""variant"":""challenger_tilted"",""p_up"":0.6,""lca"":0.833,""n_matched"":6},{""variant"":""challenger_calibrated"",""p_up"":0.606,""lca"":0.786,""n_matched"":14}]"
450,1787618952677,LINK,12,original,1,0.75,6,0.008333333333333333,0,15,"No variant's local edge cleared the significance bar (needed >34.6pts above 50%, best was experimental at +25.0pts on n=12) -- defaulting to Original k-NN.",1787618946987,"[{""variant"":""original"",""p_up"":1,""lca"":0.7,""n_matched"":10},{""variant"":""experimental"",""p_up"":1,""lca"":0.75,""n_matched"":12},{""variant"":""calibrated"",""p_up"":0.871,""lca"":0.7,""n_matched"":10},{""variant"":""challenger_flat"",""p_up"":0.95,""lca"":0.6,""n_matched"":10},{""variant"":""challenger_tilted"",""p_up"":0.95,""lca"":0.6,""n_matched"":10},{""variant"":""challenger_calibrated"",""p_up"":0.808,""lca"":0.333,""n_matched"":6}]"
451,1787618953229,BTC,24,original,0.5333333333333333,1,6,0.008333333333333333,1,15,"original locally outperformed (100% correct on 13 same-direction matches among the 15 most similar historical moments), clearing the significance bar for 6 variant(s) compared.",1787618947693,"[{""variant"":""original"",""p_up"":0.533,""lca"":1,""n_matched"":13},{""variant"":""experimental"",""p_up"":0.594,""lca"":1,""n_matched"":15},{""variant"":""calibrated"",""p_up"":0.623,""lca"":1,""n_matched"":15},{""variant"":""challenger_flat"",""p_up"":0.533,""lca"":1,""n_matched"":13},{""variant"":""challenger_tilted"",""p_up"":0.533,""lca"":1,""n_matched"":13},{""variant"":""challenger_calibrated"",""p_up"":0.525,""lca"":1,""n_matched"":15}]"
452,1787618953391,BTC,12,experimental,0.9008086534285884,0.9333333333333333,6,0.008333333333333333,1,15,"experimental locally outperformed (93% correct on 15 same-direction matches among the 15 most similar historical moments), clearing the significance bar for 6 variant(s) compared.",1787618947935,"[{""variant"":""original"",""p_up"":0.867,""lca"":0.929,""n_matched"":14},{""variant"":""experimental"",""p_up"":0.901,""lca"":0.933,""n_matched"":15},{""variant"":""calibrated"",""p_up"":0.576,""lca"":0.917,""n_matched"":12},{""variant"":""challenger_flat"",""p_up"":0.867,""lca"":0.929,""n_matched"":14},{""variant"":""challenger_tilted"",""p_up"":0.867,""lca"":0.929,""n_matched"":14},{""variant"":""challenger_calibrated"",""p_up"":0.448,""lca"":0.333,""n_matched"":3}]"
453,1787618961519,LINK,24,original,0.6,0.8333333333333334,6,0.008333333333333333,0,15,"No variant's local edge cleared the significance bar (needed >48.9pts above 50%, best was original at +33.3pts on n=6) -- defaulting to Original k-NN.",1787618955790,"[{""variant"":""original"",""p_up"":0.6,""lca"":0.833,""n_matched"":6},{""variant"":""experimental"",""p_up"":0.553,""lca"":0.75,""n_matched"":8},{""variant"":""calibrated"",""p_up"":0.7,""lca"":0.714,""n_matched"":14},{""variant"":""challenger_flat"",""p_up"":0.6,""lca"":0.833,""n_matched"":6},{""variant"":""challenger_tilted"",""p_up"":0.6,""lca"":0.833,""n_matched"":6},{""variant"":""challenger_calibrated"",""p_up"":0.606,""lca"":0.786,""n_matched"":14}]"
454,1787618961805,LINK,12,original,1,0.75,6,0.008333333333333333,0,15,"No variant's local edge cleared the significance bar (needed >34.6pts above 50%, best was experimental at +25.0pts on n=12) -- defaulting to Original k-NN.",1787618955996,"[{""variant"":""original"",""p_up"":1,""lca"":0.7,""n_matched"":10},{""variant"":""experimental"",""p_up"":1,""lca"":0.75,""n_matched"":12},{""variant"":""calibrated"",""p_up"":0.871,""lca"":0.7,""n_matched"":10},{""variant"":""challenger_flat"",""p_up"":0.95,""lca"":0.6,""n_matched"":10},{""variant"":""challenger_tilted"",""p_up"":0.95,""lca"":0.6,""n_matched"":10},{""variant"":""challenger_calibrated"",""p_up"":0.808,""lca"":0.333,""n_matched"":6}]"
455,1787618963372,BTC,24,original,0.5333333333333333,1,6,0.008333333333333333,1,15,"original locally outperformed (100% correct on 13 same-direction matches among the 15 most similar historical moments), clearing the significance bar for 6 variant(s) compared.",1787618957799,"[{""variant"":""original"",""p_up"":0.533,""lca"":1,""n_matched"":13},{""variant"":""experimental"",""p_up"":0.594,""lca"":1,""n_matched"":15},{""variant"":""calibrated"",""p_up"":0.623,""lca"":1,""n_matched"":15},{""variant"":""challenger_flat"",""p_up"":0.533,""lca"":1,""n_matched"":13},{""variant"":""challenger_tilted"",""p_up"":0.533,""lca"":1,""n_matched"":13},{""variant"":""challenger_calibrated"",""p_up"":0.525,""lca"":1,""n_matched"":15}]"
456,1787618963631,BTC,12,experimental,0.9008086534285884,0.9333333333333333,6,0.008333333333333333,1,15,"experimental locally outperformed (93% correct on 15 same-direction matches among the 15 most similar historical moments), clearing the significance bar for 6 variant(s) compared.",1787618958012,"[{""variant"":""original"",""p_up"":0.867,""lca"":0.929,""n_matched"":14},{""variant"":""experimental"",""p_up"":0.901,""lca"":0.933,""n_matched"":15},{""variant"":""calibrated"",""p_up"":0.576,""lca"":0.917,""n_matched"":12},{""variant"":""challenger_flat"",""p_up"":0.867,""lca"":0.929,""n_matched"":14},{""variant"":""challenger_tilted"",""p_up"":0.867,""lca"":0.929,""n_matched"":14},{""variant"":""challenger_calibrated"",""p_up"":0.448,""lca"":0.333,""n_matched"":3}]"
457,1787619004202,BTC,24,original,0.5333333333333333,1,6,0.008333333333333333,1,15,"original locally outperformed (100% correct on 13 same-direction matches among the 15 most similar historical moments), clearing the significance bar for 6 variant(s) compared.",1787618998217,"[{""variant"":""original"",""p_up"":0.533,""lca"":1,""n_matched"":13},{""variant"":""experimental"",""p_up"":0.594,""lca"":1,""n_matched"":13},{""variant"":""calibrated"",""p_up"":0.623,""lca"":1,""n_matched"":15},{""variant"":""challenger_flat"",""p_up"":0.533,""lca"":1,""n_matched"":13},{""variant"":""challenger_tilted"",""p_up"":0.533,""lca"":1,""n_matched"":13},{""variant"":""challenger_calibrated"",""p_up"":0.525,""lca"":1,""n_matched"":13}]"
458,1787619419105,BTC,24,original,0.6,1,6,0.008333333333333333,1,15,"original locally outperformed (100% correct on 13 same-direction matches among the 15 most similar historical moments), clearing the significance bar for 6 variant(s) compared.",1787619412657,"[{""variant"":""original"",""p_up"":0.6,""lca"":1,""n_matched"":13},{""variant"":""experimental"",""p_up"":0.632,""lca"":1,""n_matched"":13},{""variant"":""calibrated"",""p_up"":0.623,""lca"":1,""n_matched"":15},{""variant"":""challenger_flat"",""p_up"":0.6,""lca"":1,""n_matched"":13},{""variant"":""challenger_tilted"",""p_up"":0.6,""lca"":1,""n_matched"":13},{""variant"":""challenger_calibrated"",""p_up"":0.525,""lca"":1,""n_matched"":13}]"
459,1787619439543,LINK,24,original,0.6,0.8333333333333334,6,0.008333333333333333,0,15,"No variant's local edge cleared the significance bar (needed >48.9pts above 50%, best was original at +33.3pts on n=6) -- defaulting to Original k-NN.",1787619434220,"[{""variant"":""original"",""p_up"":0.6,""lca"":0.833,""n_matched"":6},{""variant"":""experimental"",""p_up"":0.553,""lca"":0.75,""n_matched"":8},{""variant"":""calibrated"",""p_up"":0.7,""lca"":0.714,""n_matched"":14},{""variant"":""challenger_flat"",""p_up"":0.6,""lca"":0.833,""n_matched"":6},{""variant"":""challenger_tilted"",""p_up"":0.6,""lca"":0.833,""n_matched"":6},{""variant"":""challenger_calibrated"",""p_up"":0.606,""lca"":0.786,""n_matched"":14}]"
460,1787619466159,BTC,24,original,0.6,1,6,0.008333333333333333,1,15,"original locally outperformed (100% correct on 10 same-direction matches among the 15 most similar historical moments), clearing the significance bar for 6 variant(s) compared.",1787619460204,"[{""variant"":""original"",""p_up"":0.6,""lca"":1,""n_matched"":10},{""variant"":""experimental"",""p_up"":0.632,""lca"":1,""n_matched"":10},{""variant"":""calibrated"",""p_up"":0.623,""lca"":1,""n_matched"":15},{""variant"":""challenger_flat"",""p_up"":0.6,""lca"":1,""n_matched"":10},{""variant"":""challenger_tilted"",""p_up"":0.6,""lca"":1,""n_matched"":10},{""variant"":""challenger_calibrated"",""p_up"":0.525,""lca"":1,""n_matched"":10}]"
461,1787620391629,LINK,24,experimental,0.5977622804898955,1,3,0.016666666666666666,1,15,"experimental locally outperformed (100% correct on 14 same-direction matches among the 15 most similar historical moments), clearing the significance bar for 3 variant(s) compared.",1787620383941,"[{""variant"":""experimental"",""p_up"":0.598,""lca"":1,""n_matched"":14},{""variant"":""calibrated"",""p_up"":0.9,""lca"":1,""n_matched"":7},{""variant"":""challenger_calibrated"",""p_up"":0.909,""lca"":1,""n_matched"":14}]"
462,1787620391854,LINK,12,original,1,0.5,6,0.008333333333333333,0,15,"No variant's local edge cleared the significance bar (needed >34.6pts above 50%, best was experimental at +0.0pts on n=12) -- defaulting to Original k-NN.",1787620384108,"[{""variant"":""original"",""p_up"":1,""lca"":0.4,""n_matched"":10},{""variant"":""experimental"",""p_up"":1,""lca"":0.5,""n_matched"":12},{""variant"":""calibrated"",""p_up"":0.871,""lca"":0.4,""n_matched"":10},{""variant"":""challenger_flat"",""p_up"":0.95,""lca"":0.3,""n_matched"":10},{""variant"":""challenger_tilted"",""p_up"":0.95,""lca"":0.3,""n_matched"":10},{""variant"":""challenger_calibrated"",""p_up"":0.808,""lca"":0.222,""n_matched"":9}]"
463,1787620391915,BTC,12,original,0.8666666666666667,0.9333333333333333,5,0.01,1,15,"original locally outperformed (93% correct on 15 same-direction matches among the 15 most similar historical moments), clearing the significance bar for 5 variant(s) compared.",1787620385200,"[{""variant"":""original"",""p_up"":0.867,""lca"":0.933,""n_matched"":15},{""variant"":""experimental"",""p_up"":0.901,""lca"":0.933,""n_matched"":15},{""variant"":""calibrated"",""p_up"":0.576,""lca"":0.9,""n_matched"":10},{""variant"":""challenger_flat"",""p_up"":0.867,""lca"":0.933,""n_matched"":15},{""variant"":""challenger_tilted"",""p_up"":0.867,""lca"":0.933,""n_matched"":15}]"
464,1787620391934,BTC,24,calibrated,0.5094339622641509,1,6,0.008333333333333333,1,15,"calibrated locally outperformed (100% correct on 15 same-direction matches among the 15 most similar historical moments), clearing the significance bar for 6 variant(s) compared.",1787620385173,"[{""variant"":""original"",""p_up"":0.467,""lca"":0,""n_matched"":6},{""variant"":""experimental"",""p_up"":0.473,""lca"":0,""n_matched"":6},{""variant"":""calibrated"",""p_up"":0.509,""lca"":1,""n_matched"":15},{""variant"":""challenger_flat"",""p_up"":0.484,""lca"":0,""n_matched"":6},{""variant"":""challenger_tilted"",""p_up"":0.484,""lca"":0,""n_matched"":6},{""variant"":""challenger_calibrated"",""p_up"":0.7,""lca"":1,""n_matched"":10}]"
465,1787620569513,BTC,24,calibrated,0.5094339622641509,1,6,0.008333333333333333,1,15,"calibrated locally outperformed (100% correct on 15 same-direction matches among the 15 most similar historical moments), clearing the significance bar for 6 variant(s) compared.",1787620563497,"[{""variant"":""original"",""p_up"":0.467,""lca"":0,""n_matched"":5},{""variant"":""experimental"",""p_up"":0.473,""lca"":0,""n_matched"":5},{""variant"":""calibrated"",""p_up"":0.509,""lca"":1,""n_matched"":15},{""variant"":""challenger_flat"",""p_up"":0.484,""lca"":0,""n_matched"":5},{""variant"":""challenger_tilted"",""p_up"":0.484,""lca"":0,""n_matched"":5},{""variant"":""challenger_calibrated"",""p_up"":0.7,""lca"":1,""n_matched"":11}]"
466,1787620585162,LINK,24,challenger_calibrated,0.909,0.9285714285714286,6,0.008333333333333333,1,15,"challenger_calibrated locally outperformed (93% correct on 14 same-direction matches among the 15 most similar historical moments), clearing the significance bar for 6 variant(s) compared.",1787620579437,"[{""variant"":""original"",""p_up"":0.467,""lca"":0.333,""n_matched"":3},{""variant"":""experimental"",""p_up"":0.598,""lca"":0.923,""n_matched"":13},{""variant"":""calibrated"",""p_up"":0.9,""lca"":0.875,""n_matched"":8},{""variant"":""challenger_flat"",""p_up"":0.467,""lca"":0.25,""n_matched"":4},{""variant"":""challenger_tilted"",""p_up"":0.467,""lca"":0.25,""n_matched"":4},{""variant"":""challenger_calibrated"",""p_up"":0.909,""lca"":0.929,""n_matched"":14}]"
467,1787620603865,LINK,24,original,0.4666666666666667,0.7857142857142857,6,0.008333333333333333,0,15,"No variant's local edge cleared the significance bar (needed >32.0pts above 50%, best was challenger_calibrated at +28.6pts on n=14) -- defaulting to Original k-NN.",1787620598464,"[{""variant"":""original"",""p_up"":0.467,""lca"":0.375,""n_matched"":8},{""variant"":""experimental"",""p_up"":0.598,""lca"":0.778,""n_matched"":9},{""variant"":""calibrated"",""p_up"":0.9,""lca"":0.692,""n_matched"":13},{""variant"":""challenger_flat"",""p_up"":0.467,""lca"":0.333,""n_matched"":9},{""variant"":""challenger_tilted"",""p_up"":0.467,""lca"":0.333,""n_matched"":9},{""variant"":""challenger_calibrated"",""p_up"":0.909,""lca"":0.786,""n_matched"":14}]"
468,1787620621588,BTC,24,calibrated,0.5094339622641509,1,2,0.025,1,15,"calibrated locally outperformed (100% correct on 15 same-direction matches among the 15 most similar historical moments), clearing the significance bar for 2 variant(s) compared.",1787620615646,"[{""variant"":""calibrated"",""p_up"":0.509,""lca"":1,""n_matched"":15},{""variant"":""challenger_calibrated"",""p_up"":0.7,""lca"":1,""n_matched"":15}]"
469,1787620683164,LINK,24,original,0.4666666666666667,0.75,6,0.008333333333333333,0,15,"No variant's local edge cleared the significance bar (needed >42.3pts above 50%, best was experimental at +25.0pts on n=8) -- defaulting to Original k-NN.",1787620677668,"[{""variant"":""original"",""p_up"":0.467,""lca"":0.444,""n_matched"":9},{""variant"":""experimental"",""p_up"":0.598,""lca"":0.75,""n_matched"":8},{""variant"":""calibrated"",""p_up"":0.9,""lca"":0.643,""n_matched"":14},{""variant"":""challenger_flat"",""p_up"":0.467,""lca"":0.444,""n_matched"":9},{""variant"":""challenger_tilted"",""p_up"":0.467,""lca"":0.444,""n_matched"":9},{""variant"":""challenger_calibrated"",""p_up"":0.909,""lca"":0.714,""n_matched"":14}]"
470,1787620803282,LINK,24,original,0.4666666666666667,0.7857142857142857,6,0.008333333333333333,0,15,"No variant's local edge cleared the significance bar (needed >32.0pts above 50%, best was challenger_calibrated at +28.6pts on n=14) -- defaulting to Original k-NN.",1787620797289,"[{""variant"":""original"",""p_up"":0.467,""lca"":0.375,""n_matched"":8},{""variant"":""experimental"",""p_up"":0.598,""lca"":0.778,""n_matched"":9},{""variant"":""calibrated"",""p_up"":0.9,""lca"":0.692,""n_matched"":13},{""variant"":""challenger_flat"",""p_up"":0.467,""lca"":0.333,""n_matched"":9},{""variant"":""challenger_tilted"",""p_up"":0.467,""lca"":0.333,""n_matched"":9},{""variant"":""challenger_calibrated"",""p_up"":0.909,""lca"":0.786,""n_matched"":14}]"
471,1787620803511,LINK,12,original,1,0.75,6,0.008333333333333333,0,15,"No variant's local edge cleared the significance bar (needed >34.6pts above 50%, best was experimental at +25.0pts on n=12) -- defaulting to Original k-NN.",1787620797541,"[{""variant"":""original"",""p_up"":1,""lca"":0.7,""n_matched"":10},{""variant"":""experimental"",""p_up"":1,""lca"":0.75,""n_matched"":12},{""variant"":""calibrated"",""p_up"":0.871,""lca"":0.7,""n_matched"":10},{""variant"":""challenger_flat"",""p_up"":0.95,""lca"":0.5,""n_matched"":10},{""variant"":""challenger_tilted"",""p_up"":0.95,""lca"":0.5,""n_matched"":10},{""variant"":""challenger_calibrated"",""p_up"":0.808,""lca"":0.286,""n_matched"":7}]"
472,1787620804040,BTC,12,original,0.8666666666666667,0.9333333333333333,5,0.01,1,15,"original locally outperformed (93% correct on 15 same-direction matches among the 15 most similar historical moments), clearing the significance bar for 5 variant(s) compared.",1787620798381,"[{""variant"":""original"",""p_up"":0.867,""lca"":0.933,""n_matched"":15},{""variant"":""experimental"",""p_up"":0.901,""lca"":0.933,""n_matched"":15},{""variant"":""calibrated"",""p_up"":0.576,""lca"":0.917,""n_matched"":12},{""variant"":""challenger_flat"",""p_up"":0.867,""lca"":0.933,""n_matched"":15},{""variant"":""challenger_tilted"",""p_up"":0.867,""lca"":0.933,""n_matched"":15}]"
473,1787620804575,BTC,24,calibrated,0.5094339622641509,1,2,0.025,1,15,"calibrated locally outperformed (100% correct on 15 same-direction matches among the 15 most similar historical moments), clearing the significance bar for 2 variant(s) compared.",1787620798629,"[{""variant"":""calibrated"",""p_up"":0.509,""lca"":1,""n_matched"":15},{""variant"":""challenger_calibrated"",""p_up"":0.7,""lca"":1,""n_matched"":15}]"
474,1787626840252,ETH,12,original,0.06666666666666667,0.3333333333333333,3,0.016666666666666666,0,7,"No variant's local edge cleared the significance bar (needed >61.4pts above 50%, best was experimental at +-16.7pts on n=3) -- defaulting to Original k-NN.",1787626839931,"[{""variant"":""original"",""p_up"":0.067,""lca"":0.25,""n_matched"":4},{""variant"":""experimental"",""p_up"":0.118,""lca"":0.333,""n_matched"":3},{""variant"":""calibrated"",""p_up"":0.067,""lca"":0.25,""n_matched"":4}]"
475,1787626840313,ETH,24,original,0.6,1,3,0.016666666666666666,1,7,"original locally outperformed (100% correct on 7 same-direction matches among the 7 most similar historical moments), clearing the significance bar for 3 variant(s) compared.",1787626839967,"[{""variant"":""original"",""p_up"":0.6,""lca"":1,""n_matched"":7},{""variant"":""experimental"",""p_up"":0.625,""lca"":1,""n_matched"":4},{""variant"":""calibrated"",""p_up"":0.6,""lca"":1,""n_matched"":7}]"
476,1787626842557,LINK,24,original,0.8666666666666667,0.875,6,0.008333333333333333,0,15,"No variant's local edge cleared the significance bar (needed >42.3pts above 50%, best was calibrated at +37.5pts on n=8) -- defaulting to Original k-NN.",1787626840042,"[{""variant"":""original"",""p_up"":0.867,""lca"":0.667,""n_matched"":9},{""variant"":""experimental"",""p_up"":0.84,""lca"":0.727,""n_matched"":11},{""variant"":""calibrated"",""p_up"":0.775,""lca"":0.875,""n_matched"":8},{""variant"":""challenger_flat"",""p_up"":0.683,""lca"":0.667,""n_matched"":9},{""variant"":""challenger_tilted"",""p_up"":0.683,""lca"":0.667,""n_matched"":9},{""variant"":""challenger_calibrated"",""p_up"":0.727,""lca"":0.667,""n_matched"":9}]"
477,1787626842623,LINK,12,original,0.8666666666666667,0.5714285714285714,6,0.008333333333333333,0,15,"No variant's local edge cleared the significance bar (needed >45.2pts above 50%, best was original at +7.1pts on n=7) -- defaulting to Original k-NN.",1787626840115,"[{""variant"":""original"",""p_up"":0.867,""lca"":0.571,""n_matched"":7},{""variant"":""experimental"",""p_up"":0.882,""lca"":0.4,""n_matched"":10},{""variant"":""calibrated"",""p_up"":0.757,""lca"":0.308,""n_matched"":13},{""variant"":""challenger_flat"",""p_up"":0.6,""lca"":0.571,""n_matched"":7},{""variant"":""challenger_tilted"",""p_up"":0.6,""lca"":0.571,""n_matched"":7},{""variant"":""challenger_calibrated"",""p_up"":0.645,""lca"":0.333,""n_matched"":6}]"
478,1787626842688,BTC,24,original,0.9333333333333333,1,6,0.008333333333333333,1,15,"original locally outperformed (100% correct on 13 same-direction matches among the 15 most similar historical moments), clearing the significance bar for 6 variant(s) compared.",1787626842036,"[{""variant"":""original"",""p_up"":0.933,""lca"":1,""n_matched"":13},{""variant"":""experimental"",""p_up"":0.944,""lca"":1,""n_matched"":13},{""variant"":""calibrated"",""p_up"":0.679,""lca"":1,""n_matched"":15},{""variant"":""challenger_flat"",""p_up"":0.717,""lca"":1,""n_matched"":13},{""variant"":""challenger_tilted"",""p_up"":0.717,""lca"":1,""n_matched"":13},{""variant"":""challenger_calibrated"",""p_up"":0.725,""lca"":1,""n_matched"":13}]"
479,1787626842690,BTC,12,challenger_calibrated,0.586,1,6,0.008333333333333333,1,15,"challenger_calibrated locally outperformed (100% correct on 10 same-direction matches among the 15 most similar historical moments), clearing the significance bar for 6 variant(s) compared.",1787626842023,"[{""variant"":""original"",""p_up"":0.933,""lca"":0.933,""n_matched"":15},{""variant"":""experimental"",""p_up"":0.937,""lca"":0.933,""n_matched"":15},{""variant"":""calibrated"",""p_up"":0.515,""lca"":0.923,""n_matched"":13},{""variant"":""challenger_flat"",""p_up"":0.717,""lca"":0.933,""n_matched"":15},{""variant"":""challenger_tilted"",""p_up"":0.717,""lca"":0.933,""n_matched"":15},{""variant"":""challenger_calibrated"",""p_up"":0.586,""lca"":1,""n_matched"":10}]"
480,1787633563455,BTC,24,original,0.8666666666666667,1,6,0.008333333333333333,1,15,"original locally outperformed (100% correct on 10 same-direction matches among the 15 most similar historical moments), clearing the significance bar for 6 variant(s) compared.",1787633553531,"[{""variant"":""original"",""p_up"":0.867,""lca"":1,""n_matched"":10},{""variant"":""experimental"",""p_up"":0.884,""lca"":1,""n_matched"":10},{""variant"":""calibrated"",""p_up"":0.509,""lca"":1,""n_matched"":15},{""variant"":""challenger_flat"",""p_up"":0.683,""lca"":1,""n_matched"":10},{""variant"":""challenger_tilted"",""p_up"":0.683,""lca"":1,""n_matched"":10},{""variant"":""challenger_calibrated"",""p_up"":0.65,""lca"":1,""n_matched"":10}]"
481,1787633576412,BTC,12,challenger_calibrated,0.828,1,6,0.008333333333333333,1,15,"challenger_calibrated locally outperformed (100% correct on 10 same-direction matches among the 15 most similar historical moments), clearing the significance bar for 6 variant(s) compared.",1787633569870,"[{""variant"":""original"",""p_up"":1,""lca"":0.933,""n_matched"":15},{""variant"":""experimental"",""p_up"":1,""lca"":0.933,""n_matched"":15},{""variant"":""calibrated"",""p_up"":0.8,""lca"":0.923,""n_matched"":13},{""variant"":""challenger_flat"",""p_up"":0.75,""lca"":0.933,""n_matched"":15},{""variant"":""challenger_tilted"",""p_up"":0.75,""lca"":0.933,""n_matched"":15},{""variant"":""challenger_calibrated"",""p_up"":0.828,""lca"":1,""n_matched"":10}]"
482,1787633820026,BTC,24,original,0.8666666666666667,1,6,0.008333333333333333,1,15,"original locally outperformed (100% correct on 13 same-direction matches among the 15 most similar historical moments), clearing the significance bar for 6 variant(s) compared.",1787633813947,"[{""variant"":""original"",""p_up"":0.867,""lca"":1,""n_matched"":13},{""variant"":""experimental"",""p_up"":0.884,""lca"":1,""n_matched"":13},{""variant"":""calibrated"",""p_up"":0.509,""lca"":1,""n_matched"":15},{""variant"":""challenger_flat"",""p_up"":0.683,""lca"":1,""n_matched"":13},{""variant"":""challenger_tilted"",""p_up"":0.683,""lca"":1,""n_matched"":13},{""variant"":""challenger_calibrated"",""p_up"":0.65,""lca"":1,""n_matched"":13}]"
483,1787633821716,LINK,24,original,0.6,0.6,6,0.008333333333333333,0,15,"No variant's local edge cleared the significance bar (needed >37.9pts above 50%, best was calibrated at +10.0pts on n=10) -- defaulting to Original k-NN.",1787633816187,"[{""variant"":""original"",""p_up"":0.6,""lca"":0.545,""n_matched"":11},{""variant"":""experimental"",""p_up"":0.655,""lca"":0.538,""n_matched"":13},{""variant"":""calibrated"",""p_up"":0.7,""lca"":0.6,""n_matched"":10},{""variant"":""challenger_flat"",""p_up"":0.55,""lca"":0.545,""n_matched"":11},{""variant"":""challenger_tilted"",""p_up"":0.55,""lca"":0.545,""n_matched"":11},{""variant"":""challenger_calibrated"",""p_up"":0.727,""lca"":0.538,""n_matched"":13}]"
484,1787633846052,BTC,24,original,0.8666666666666667,1,6,0.008333333333333333,1,15,"original locally outperformed (100% correct on 14 same-direction matches among the 15 most similar historical moments), clearing the significance bar for 6 variant(s) compared.",1787633840230,"[{""variant"":""original"",""p_up"":0.867,""lca"":1,""n_matched"":14},{""variant"":""experimental"",""p_up"":0.884,""lca"":1,""n_matched"":14},{""variant"":""calibrated"",""p_up"":0.509,""lca"":1,""n_matched"":15},{""variant"":""challenger_flat"",""p_up"":0.683,""lca"":1,""n_matched"":14},{""variant"":""challenger_tilted"",""p_up"":0.683,""lca"":1,""n_matched"":14},{""variant"":""challenger_calibrated"",""p_up"":0.65,""lca"":1,""n_matched"":14}]"
485,1787634010589,BTC,24,original,0.8666666666666667,1,6,0.008333333333333333,1,15,"original locally outperformed (100% correct on 15 same-direction matches among the 15 most similar historical moments), clearing the significance bar for 6 variant(s) compared.",1787634004125,"[{""variant"":""original"",""p_up"":0.867,""lca"":1,""n_matched"":15},{""variant"":""experimental"",""p_up"":0.884,""lca"":1,""n_matched"":15},{""variant"":""calibrated"",""p_up"":0.509,""lca"":1,""n_matched"":15},{""variant"":""challenger_flat"",""p_up"":0.683,""lca"":1,""n_matched"":15},{""variant"":""challenger_tilted"",""p_up"":0.683,""lca"":1,""n_matched"":15},{""variant"":""challenger_calibrated"",""p_up"":0.65,""lca"":1,""n_matched"":15}]"
486,1787634038271,LINK,24,original,0.6,0.6666666666666666,6,0.008333333333333333,0,15,"No variant's local edge cleared the significance bar (needed >34.6pts above 50%, best was calibrated at +16.7pts on n=12) -- defaulting to Original k-NN.",1787634032654,"[{""variant"":""original"",""p_up"":0.6,""lca"":0.636,""n_matched"":11},{""variant"":""experimental"",""p_up"":0.655,""lca"":0.615,""n_matched"":13},{""variant"":""calibrated"",""p_up"":0.7,""lca"":0.667,""n_matched"":12},{""variant"":""challenger_flat"",""p_up"":0.55,""lca"":0.636,""n_matched"":11},{""variant"":""challenger_tilted"",""p_up"":0.55,""lca"":0.636,""n_matched"":11},{""variant"":""challenger_calibrated"",""p_up"":0.727,""lca"":0.615,""n_matched"":13}]"
487,1787634058542,ETH,24,original,0.6,1,3,0.016666666666666666,1,7,"original locally outperformed (100% correct on 6 same-direction matches among the 7 most similar historical moments), clearing the significance bar for 3 variant(s) compared.",1787634056303,"[{""variant"":""original"",""p_up"":0.6,""lca"":1,""n_matched"":6},{""variant"":""experimental"",""p_up"":0.621,""lca"":1,""n_matched"":4},{""variant"":""calibrated"",""p_up"":0.6,""lca"":1,""n_matched"":6}]"
488,1787634525809,BTC,24,original,0.8666666666666667,1,6,0.008333333333333333,1,15,"original locally outperformed (100% correct on 15 same-direction matches among the 15 most similar historical moments), clearing the significance bar for 6 variant(s) compared.",1787634519533,"[{""variant"":""original"",""p_up"":0.867,""lca"":1,""n_matched"":15},{""variant"":""experimental"",""p_up"":0.884,""lca"":1,""n_matched"":15},{""variant"":""calibrated"",""p_up"":0.509,""lca"":1,""n_matched"":15},{""variant"":""challenger_flat"",""p_up"":0.683,""lca"":1,""n_matched"":15},{""variant"":""challenger_tilted"",""p_up"":0.683,""lca"":1,""n_matched"":15},{""variant"":""challenger_calibrated"",""p_up"":0.65,""lca"":1,""n_matched"":15}]"
489,1787634979608,LINK,24,original,0.6,0.8333333333333334,6,0.008333333333333333,0,15,"No variant's local edge cleared the significance bar (needed >34.6pts above 50%, best was experimental at +33.3pts on n=12) -- defaulting to Original k-NN.",1787634973716,"[{""variant"":""original"",""p_up"":0.6,""lca"":0.8,""n_matched"":10},{""variant"":""experimental"",""p_up"":0.655,""lca"":0.833,""n_matched"":12},{""variant"":""calibrated"",""p_up"":0.7,""lca"":0.786,""n_matched"":14},{""variant"":""challenger_flat"",""p_up"":0.55,""lca"":0.8,""n_matched"":10},{""variant"":""challenger_tilted"",""p_up"":0.55,""lca"":0.8,""n_matched"":10},{""variant"":""challenger_calibrated"",""p_up"":0.727,""lca"":0.833,""n_matched"":12}]"
490,1787634980018,LINK,12,original,0.8,0.9,6,0.008333333333333333,1,15,"original locally outperformed (90% correct on 10 same-direction matches among the 15 most similar historical moments), clearing the significance bar for 6 variant(s) compared.",1787634973926,"[{""variant"":""original"",""p_up"":0.8,""lca"":0.9,""n_matched"":10},{""variant"":""experimental"",""p_up"":0.817,""lca"":0.9,""n_matched"":10},{""variant"":""calibrated"",""p_up"":0.595,""lca"":0.8,""n_matched"":15},{""variant"":""challenger_flat"",""p_up"":0.65,""lca"":0.9,""n_matched"":10},{""variant"":""challenger_tilted"",""p_up"":0.65,""lca"":0.9,""n_matched"":10},{""variant"":""challenger_calibrated"",""p_up"":0.677,""lca"":0.818,""n_matched"":11}]"
491,1787634980359,BTC,12,challenger_calibrated,0.828,1,6,0.008333333333333333,1,15,"challenger_calibrated locally outperformed (100% correct on 13 same-direction matches among the 15 most similar historical moments), clearing the significance bar for 6 variant(s) compared.",1787634974781,"[{""variant"":""original"",""p_up"":1,""lca"":0.933,""n_matched"":15},{""variant"":""experimental"",""p_up"":1,""lca"":0.933,""n_matched"":15},{""variant"":""calibrated"",""p_up"":0.8,""lca"":0.923,""n_matched"":13},{""variant"":""challenger_flat"",""p_up"":0.75,""lca"":0.933,""n_matched"":15},{""variant"":""challenger_tilted"",""p_up"":0.75,""lca"":0.933,""n_matched"":15},{""variant"":""challenger_calibrated"",""p_up"":0.828,""lca"":1,""n_matched"":13}]"
492,1787634980865,BTC,24,original,0.8666666666666667,1,6,0.008333333333333333,1,15,"original locally outperformed (100% correct on 15 same-direction matches among the 15 most similar historical moments), clearing the significance bar for 6 variant(s) compared.",1787634975082,"[{""variant"":""original"",""p_up"":0.867,""lca"":1,""n_matched"":15},{""variant"":""experimental"",""p_up"":0.884,""lca"":1,""n_matched"":15},{""variant"":""calibrated"",""p_up"":0.509,""lca"":1,""n_matched"":15},{""variant"":""challenger_flat"",""p_up"":0.683,""lca"":1,""n_matched"":15},{""variant"":""challenger_tilted"",""p_up"":0.683,""lca"":1,""n_matched"":15},{""variant"":""challenger_calibrated"",""p_up"":0.65,""lca"":1,""n_matched"":15}]"
493,1787635166851,LINK,24,original,0.6,0.7777777777777778,6,0.008333333333333333,0,15,"No variant's local edge cleared the significance bar (needed >39.9pts above 50%, best was original at +27.8pts on n=9) -- defaulting to Original k-NN.",1787635160818,"[{""variant"":""original"",""p_up"":0.6,""lca"":0.778,""n_matched"":9},{""variant"":""experimental"",""p_up"":0.655,""lca"":0.75,""n_matched"":12},{""variant"":""calibrated"",""p_up"":0.7,""lca"":0.714,""n_matched"":14},{""variant"":""challenger_flat"",""p_up"":0.55,""lca"":0.778,""n_matched"":9},{""variant"":""challenger_tilted"",""p_up"":0.55,""lca"":0.778,""n_matched"":9},{""variant"":""challenger_calibrated"",""p_up"":0.727,""lca"":0.75,""n_matched"":12}]"
494,1787635167028,LINK,12,original,0.8,0.8888888888888888,6,0.008333333333333333,0,15,"No variant's local edge cleared the significance bar (needed >39.9pts above 50%, best was original at +38.9pts on n=9) -- defaulting to Original k-NN.",1787635161685,"[{""variant"":""original"",""p_up"":0.8,""lca"":0.889,""n_matched"":9},{""variant"":""experimental"",""p_up"":0.817,""lca"":0.889,""n_matched"":9},{""variant"":""calibrated"",""p_up"":0.595,""lca"":0.786,""n_matched"":14},{""variant"":""challenger_flat"",""p_up"":0.65,""lca"":0.889,""n_matched"":9},{""variant"":""challenger_tilted"",""p_up"":0.65,""lca"":0.889,""n_matched"":9},{""variant"":""challenger_calibrated"",""p_up"":0.677,""lca"":0.8,""n_matched"":10}]"
495,1787635167556,BTC,12,challenger_calibrated,0.828,1,6,0.008333333333333333,1,15,"challenger_calibrated locally outperformed (100% correct on 13 same-direction matches among the 15 most similar historical moments), clearing the significance bar for 6 variant(s) compared.",1787635161897,"[{""variant"":""original"",""p_up"":1,""lca"":0.933,""n_matched"":15},{""variant"":""experimental"",""p_up"":1,""lca"":0.933,""n_matched"":15},{""variant"":""calibrated"",""p_up"":0.8,""lca"":0.917,""n_matched"":12},{""variant"":""challenger_flat"",""p_up"":0.75,""lca"":0.933,""n_matched"":15},{""variant"":""challenger_tilted"",""p_up"":0.75,""lca"":0.933,""n_matched"":15},{""variant"":""challenger_calibrated"",""p_up"":0.828,""lca"":1,""n_matched"":13}]"
496,1787635168342,BTC,24,original,0.8666666666666667,1,6,0.008333333333333333,1,15,"original locally outperformed (100% correct on 15 same-direction matches among the 15 most similar historical moments), clearing the significance bar for 6 variant(s) compared.",1787635162526,"[{""variant"":""original"",""p_up"":0.867,""lca"":1,""n_matched"":15},{""variant"":""experimental"",""p_up"":0.884,""lca"":1,""n_matched"":15},{""variant"":""calibrated"",""p_up"":0.509,""lca"":1,""n_matched"":15},{""variant"":""challenger_flat"",""p_up"":0.683,""lca"":1,""n_matched"":15},{""variant"":""challenger_tilted"",""p_up"":0.683,""lca"":1,""n_matched"":15},{""variant"":""challenger_calibrated"",""p_up"":0.65,""lca"":1,""n_matched"":15}]"
497,1787635205959,LINK,24,original,0.6,0.7272727272727273,6,0.008333333333333333,0,15,"No variant's local edge cleared the significance bar (needed >36.1pts above 50%, best was original at +22.7pts on n=11) -- defaulting to Original k-NN.",1787635200457,"[{""variant"":""original"",""p_up"":0.6,""lca"":0.727,""n_matched"":11},{""variant"":""experimental"",""p_up"":0.655,""lca"":0.692,""n_matched"":13},{""variant"":""calibrated"",""p_up"":0.7,""lca"":0.615,""n_matched"":13},{""variant"":""challenger_flat"",""p_up"":0.55,""lca"":0.727,""n_matched"":11},{""variant"":""challenger_tilted"",""p_up"":0.55,""lca"":0.727,""n_matched"":11},{""variant"":""challenger_calibrated"",""p_up"":0.727,""lca"":0.692,""n_matched"":13}]"
498,1787637638754,ETH,24,original,0.6,1,3,0.016666666666666666,1,7,"original locally outperformed (100% correct on 5 same-direction matches among the 7 most similar historical moments), clearing the significance bar for 3 variant(s) compared.",1787637638365,"[{""variant"":""original"",""p_up"":0.6,""lca"":1,""n_matched"":5},{""variant"":""experimental"",""p_up"":0.621,""lca"":1,""n_matched"":3},{""variant"":""calibrated"",""p_up"":0.6,""lca"":1,""n_matched"":5}]"
499,1787637639009,ETH,12,original,0.2,0.25,3,0.016666666666666666,0,7,"No variant's local edge cleared the significance bar (needed >53.2pts above 50%, best was experimental at +-25.0pts on n=4) -- defaulting to Original k-NN.",1787637638605,"[{""variant"":""original"",""p_up"":0.2,""lca"":0.2,""n_matched"":5},{""variant"":""experimental"",""p_up"":0.203,""lca"":0.25,""n_matched"":4},{""variant"":""calibrated"",""p_up"":0.2,""lca"":0.2,""n_matched"":5}]"
500,1787637639332,BTC,12,challenger_calibrated,0.828,1,6,0.008333333333333333,1,15,"challenger_calibrated locally outperformed (100% correct on 13 same-direction matches among the 15 most similar historical moments), clearing the significance bar for 6 variant(s) compared.",1787637638453,"[{""variant"":""original"",""p_up"":1,""lca"":0.933,""n_matched"":15},{""variant"":""experimental"",""p_up"":1,""lca"":0.933,""n_matched"":15},{""variant"":""calibrated"",""p_up"":0.8,""lca"":0.917,""n_matched"":12},{""variant"":""challenger_flat"",""p_up"":0.75,""lca"":0.933,""n_matched"":15},{""variant"":""challenger_tilted"",""p_up"":0.75,""lca"":0.933,""n_matched"":15},{""variant"":""challenger_calibrated"",""p_up"":0.828,""lca"":1,""n_matched"":13}]"
501,1787637639394,LINK,12,experimental,0.8169404015882404,0.9,6,0.008333333333333333,1,15,"experimental locally outperformed (90% correct on 10 same-direction matches among the 15 most similar historical moments), clearing the significance bar for 6 variant(s) compared.",1787637638605,"[{""variant"":""original"",""p_up"":0.8,""lca"":0.889,""n_matched"":9},{""variant"":""experimental"",""p_up"":0.817,""lca"":0.9,""n_matched"":10},{""variant"":""calibrated"",""p_up"":0.595,""lca"":0.75,""n_matched"":12},{""variant"":""challenger_flat"",""p_up"":0.65,""lca"":0.778,""n_matched"":9},{""variant"":""challenger_tilted"",""p_up"":0.65,""lca"":0.778,""n_matched"":9},{""variant"":""challenger_calibrated"",""p_up"":0.677,""lca"":0.625,""n_matched"":8}]"
502,1787637639425,LINK,24,original,0.6,0.7,6,0.008333333333333333,0,15,"No variant's local edge cleared the significance bar (needed >37.9pts above 50%, best was original at +20.0pts on n=10) -- defaulting to Original k-NN.",1787637638667,"[{""variant"":""original"",""p_up"":0.6,""lca"":0.7,""n_matched"":10},{""variant"":""experimental"",""p_up"":0.655,""lca"":0.667,""n_matched"":12},{""variant"":""calibrated"",""p_up"":0.7,""lca"":0.643,""n_matched"":14},{""variant"":""challenger_flat"",""p_up"":0.55,""lca"":0.7,""n_matched"":10},{""variant"":""challenger_tilted"",""p_up"":0.55,""lca"":0.7,""n_matched"":10},{""variant"":""challenger_calibrated"",""p_up"":0.727,""lca"":0.667,""n_matched"":12}]"
503,1787637639549,BTC,24,original,0.8666666666666667,1,6,0.008333333333333333,1,15,"original locally outperformed (100% correct on 15 same-direction matches among the 15 most similar historical moments), clearing the significance bar for 6 variant(s) compared.",1787637638754,"[{""variant"":""original"",""p_up"":0.867,""lca"":1,""n_matched"":15},{""variant"":""experimental"",""p_up"":0.884,""lca"":1,""n_matched"":15},{""variant"":""calibrated"",""p_up"":0.509,""lca"":1,""n_matched"":15},{""variant"":""challenger_flat"",""p_up"":0.683,""lca"":1,""n_matched"":15},{""variant"":""challenger_tilted"",""p_up"":0.683,""lca"":1,""n_matched"":15},{""variant"":""challenger_calibrated"",""p_up"":0.65,""lca"":1,""n_matched"":15}]"
504,1787646703311,BTC,24,original,0.8666666666666667,1,5,0.01,1,15,"original locally outperformed (100% correct on 14 same-direction matches among the 15 most similar historical moments), clearing the significance bar for 5 variant(s) compared.",1787646695885,"[{""variant"":""original"",""p_up"":0.867,""lca"":1,""n_matched"":14},{""variant"":""experimental"",""p_up"":0.903,""lca"":1,""n_matched"":14},{""variant"":""calibrated"",""p_up"":0.509,""lca"":1,""n_matched"":15},{""variant"":""challenger_flat"",""p_up"":0.867,""lca"":1,""n_matched"":14},{""variant"":""challenger_tilted"",""p_up"":0.867,""lca"":1,""n_matched"":14}]"
505,1787648438934,BTC,24,original,0.7333333333333333,1,6,0.008333333333333333,1,15,"original locally outperformed (100% correct on 15 same-direction matches among the 15 most similar historical moments), clearing the significance bar for 6 variant(s) compared.",1787648438334,"[{""variant"":""original"",""p_up"":0.733,""lca"":1,""n_matched"":15},{""variant"":""experimental"",""p_up"":0.826,""lca"":1,""n_matched"":15},{""variant"":""calibrated"",""p_up"":0.673,""lca"":1,""n_matched"":15},{""variant"":""challenger_flat"",""p_up"":0.733,""lca"":1,""n_matched"":15},{""variant"":""challenger_tilted"",""p_up"":0.733,""lca"":1,""n_matched"":15},{""variant"":""challenger_calibrated"",""p_up"":0.786,""lca"":1,""n_matched"":14}]"
506,1787648438936,BTC,12,original,1,0.9333333333333333,6,0.008333333333333333,1,15,"original locally outperformed (93% correct on 15 same-direction matches among the 15 most similar historical moments), clearing the significance bar for 6 variant(s) compared.",1787648438361,"[{""variant"":""original"",""p_up"":1,""lca"":0.933,""n_matched"":15},{""variant"":""experimental"",""p_up"":1,""lca"":0.933,""n_matched"":15},{""variant"":""calibrated"",""p_up"":0.8,""lca"":0.917,""n_matched"":12},{""variant"":""challenger_flat"",""p_up"":0.95,""lca"":0.933,""n_matched"":15},{""variant"":""challenger_tilted"",""p_up"":0.95,""lca"":0.933,""n_matched"":15},{""variant"":""challenger_calibrated"",""p_up"":0.448,""lca"":0.333,""n_matched"":3}]"
507,1787648863945,LINK,24,original,0.8666666666666667,0.8,6,0.008333333333333333,0,15,"No variant's local edge cleared the significance bar (needed >37.9pts above 50%, best was original at +30.0pts on n=10) -- defaulting to Original k-NN.",1787648857363,"[{""variant"":""original"",""p_up"":0.867,""lca"":0.8,""n_matched"":10},{""variant"":""experimental"",""p_up"":0.882,""lca"":0.75,""n_matched"":12},{""variant"":""calibrated"",""p_up"":0.738,""lca"":0.714,""n_matched"":14},{""variant"":""challenger_flat"",""p_up"":0.617,""lca"":0.8,""n_matched"":10},{""variant"":""challenger_tilted"",""p_up"":0.617,""lca"":0.8,""n_matched"":10},{""variant"":""challenger_calibrated"",""p_up"":0.606,""lca"":0.769,""n_matched"":13}]"
508,1787648877449,ETH,24,original,0.4151162626748216,0,1,0.05,0,7,"No variant's local edge cleared the significance bar (needed >41.1pts above 50%, best was experimental at +-50.0pts on n=4) -- defaulting to Original k-NN.",1787648875166,"[{""variant"":""experimental"",""p_up"":0.415,""lca"":0,""n_matched"":4}]"
509,1787657078535,BTC,24,original,0.7333333333333333,1,6,0.008333333333333333,1,15,"original locally outperformed (100% correct on 15 same-direction matches among the 15 most similar historical moments), clearing the significance bar for 6 variant(s) compared.",1787657072916,"[{""variant"":""original"",""p_up"":0.733,""lca"":1,""n_matched"":15},{""variant"":""experimental"",""p_up"":0.767,""lca"":1,""n_matched"":15},{""variant"":""calibrated"",""p_up"":0.673,""lca"":1,""n_matched"":15},{""variant"":""challenger_flat"",""p_up"":0.733,""lca"":1,""n_matched"":15},{""variant"":""challenger_tilted"",""p_up"":0.733,""lca"":1,""n_matched"":15},{""variant"":""challenger_calibrated"",""p_up"":0.786,""lca"":1,""n_matched"":14}]"
510,1787659599813,LINK,24,original,0.9333333333333333,1,5,0.01,1,15,"original locally outperformed (100% correct on 14 same-direction matches among the 15 most similar historical moments), clearing the significance bar for 5 variant(s) compared.",1787659591692,"[{""variant"":""original"",""p_up"":0.933,""lca"":1,""n_matched"":14},{""variant"":""experimental"",""p_up"":0.925,""lca"":1,""n_matched"":15},{""variant"":""challenger_flat"",""p_up"":0.933,""lca"":1,""n_matched"":14},{""variant"":""challenger_tilted"",""p_up"":0.933,""lca"":1,""n_matched"":14},{""variant"":""challenger_calibrated"",""p_up"":0.606,""lca"":1,""n_matched"":14}]"
511,1787659600134,LINK,12,original,0.8181818181818182,0.75,6,0.008333333333333333,0,15,"No variant's local edge cleared the significance bar (needed >34.6pts above 50%, best was original at +25.0pts on n=12) -- defaulting to Original k-NN.",1787659592865,"[{""variant"":""original"",""p_up"":0.818,""lca"":0.75,""n_matched"":12},{""variant"":""experimental"",""p_up"":0.827,""lca"":0.75,""n_matched"":12},{""variant"":""calibrated"",""p_up"":0.595,""lca"":0.667,""n_matched"":15},{""variant"":""challenger_flat"",""p_up"":0.393,""lca"":0.667,""n_matched"":3},{""variant"":""challenger_tilted"",""p_up"":0.393,""lca"":0.667,""n_matched"":3},{""variant"":""challenger_calibrated"",""p_up"":0.677,""lca"":0.643,""n_matched"":14}]"
512,1787659600516,BTC,12,original,1,1,6,0.008333333333333333,1,15,"original locally outperformed (100% correct on 10 same-direction matches among the 15 most similar historical moments), clearing the significance bar for 6 variant(s) compared.",1787659592852,"[{""variant"":""original"",""p_up"":1,""lca"":1,""n_matched"":10},{""variant"":""experimental"",""p_up"":1,""lca"":1,""n_matched"":10},{""variant"":""calibrated"",""p_up"":0.8,""lca"":1,""n_matched"":13},{""variant"":""challenger_flat"",""p_up"":0.75,""lca"":1,""n_matched"":10},{""variant"":""challenger_tilted"",""p_up"":0.75,""lca"":1,""n_matched"":10},{""variant"":""challenger_calibrated"",""p_up"":0.828,""lca"":1,""n_matched"":14}]"
513,1787659600665,BTC,24,original,0.7333333333333333,1,6,0.008333333333333333,1,15,"original locally outperformed (100% correct on 12 same-direction matches among the 15 most similar historical moments), clearing the significance bar for 6 variant(s) compared.",1787659592745,"[{""variant"":""original"",""p_up"":0.733,""lca"":1,""n_matched"":12},{""variant"":""experimental"",""p_up"":0.845,""lca"":1,""n_matched"":14},{""variant"":""calibrated"",""p_up"":0.673,""lca"":1,""n_matched"":15},{""variant"":""challenger_flat"",""p_up"":0.733,""lca"":1,""n_matched"":12},{""variant"":""challenger_tilted"",""p_up"":0.733,""lca"":1,""n_matched"":12},{""variant"":""challenger_calibrated"",""p_up"":0.786,""lca"":1,""n_matched"":15}]"
514,1787659891879,LINK,24,original,0.9333333333333333,1,5,0.01,1,15,"original locally outperformed (100% correct on 14 same-direction matches among the 15 most similar historical moments), clearing the significance bar for 5 variant(s) compared.",1787659886314,"[{""variant"":""original"",""p_up"":0.933,""lca"":1,""n_matched"":14},{""variant"":""experimental"",""p_up"":0.925,""lca"":1,""n_matched"":15},{""variant"":""challenger_flat"",""p_up"":0.933,""lca"":1,""n_matched"":14},{""variant"":""challenger_tilted"",""p_up"":0.933,""lca"":1,""n_matched"":14},{""variant"":""challenger_calibrated"",""p_up"":0.606,""lca"":1,""n_matched"":14}]"
515,1787659903164,ETH,24,original,0.7333333333333333,1,3,0.016666666666666666,1,8,"original locally outperformed (100% correct on 5 same-direction matches among the 8 most similar historical moments), clearing the significance bar for 3 variant(s) compared.",1787659900897,"[{""variant"":""original"",""p_up"":0.733,""lca"":1,""n_matched"":5},{""variant"":""experimental"",""p_up"":0.561,""lca"":1,""n_matched"":3},{""variant"":""calibrated"",""p_up"":0.733,""lca"":1,""n_matched"":5}]"
516,1787660313257,BTC,24,original,0.7333333333333333,1,6,0.008333333333333333,1,15,"original locally outperformed (100% correct on 12 same-direction matches among the 15 most similar historical moments), clearing the significance bar for 6 variant(s) compared.",1787660307205,"[{""variant"":""original"",""p_up"":0.733,""lca"":1,""n_matched"":12},{""variant"":""experimental"",""p_up"":0.845,""lca"":1,""n_matched"":14},{""variant"":""calibrated"",""p_up"":0.673,""lca"":1,""n_matched"":15},{""variant"":""challenger_flat"",""p_up"":0.733,""lca"":1,""n_matched"":12},{""variant"":""challenger_tilted"",""p_up"":0.733,""lca"":1,""n_matched"":12},{""variant"":""challenger_calibrated"",""p_up"":0.786,""lca"":1,""n_matched"":15}]"
517,1787660506564,BTC,24,original,0.7333333333333333,1,6,0.008333333333333333,1,15,"original locally outperformed (100% correct on 12 same-direction matches among the 15 most similar historical moments), clearing the significance bar for 6 variant(s) compared.",1787660500798,"[{""variant"":""original"",""p_up"":0.733,""lca"":1,""n_matched"":12},{""variant"":""experimental"",""p_up"":0.845,""lca"":1,""n_matched"":14},{""variant"":""calibrated"",""p_up"":0.673,""lca"":1,""n_matched"":15},{""variant"":""challenger_flat"",""p_up"":0.733,""lca"":1,""n_matched"":12},{""variant"":""challenger_tilted"",""p_up"":0.733,""lca"":1,""n_matched"":12},{""variant"":""challenger_calibrated"",""p_up"":0.786,""lca"":1,""n_matched"":15}]"
518,1787660641527,BTC,24,original,0.7333333333333333,1,6,0.008333333333333333,1,15,"original locally outperformed (100% correct on 12 same-direction matches among the 15 most similar historical moments), clearing the significance bar for 6 variant(s) compared.",1787660634936,"[{""variant"":""original"",""p_up"":0.733,""lca"":1,""n_matched"":12},{""variant"":""experimental"",""p_up"":0.845,""lca"":1,""n_matched"":14},{""variant"":""calibrated"",""p_up"":0.673,""lca"":1,""n_matched"":15},{""variant"":""challenger_flat"",""p_up"":0.733,""lca"":1,""n_matched"":12},{""variant"":""challenger_tilted"",""p_up"":0.733,""lca"":1,""n_matched"":12},{""variant"":""challenger_calibrated"",""p_up"":0.786,""lca"":1,""n_matched"":15}]"
519,1787700229950,BTC,24,original,1,1,6,0.008333333333333333,1,15,"original locally outperformed (100% correct on 6 same-direction matches among the 15 most similar historical moments), clearing the significance bar for 6 variant(s) compared.",1787700208533,"[{""variant"":""original"",""p_up"":1,""lca"":1,""n_matched"":6},{""variant"":""experimental"",""p_up"":1,""lca"":1,""n_matched"":9},{""variant"":""calibrated"",""p_up"":0.538,""lca"":1,""n_matched"":7},{""variant"":""challenger_flat"",""p_up"":0.75,""lca"":1,""n_matched"":6},{""variant"":""challenger_tilted"",""p_up"":0.75,""lca"":1,""n_matched"":6},{""variant"":""challenger_calibrated"",""p_up"":0.786,""lca"":1,""n_matched"":7}]"
520,1787700230365,LINK,24,calibrated,0.7857142857142857,1,6,0.008333333333333333,1,15,"calibrated locally outperformed (100% correct on 13 same-direction matches among the 15 most similar historical moments), clearing the significance bar for 6 variant(s) compared.",1787700215819,"[{""variant"":""original"",""p_up"":0.667,""lca"":0.9,""n_matched"":10},{""variant"":""experimental"",""p_up"":0.717,""lca"":0.909,""n_matched"":11},{""variant"":""calibrated"",""p_up"":0.786,""lca"":1,""n_matched"":13},{""variant"":""challenger_flat"",""p_up"":0.667,""lca"":0.9,""n_matched"":10},{""variant"":""challenger_tilted"",""p_up"":0.667,""lca"":0.9,""n_matched"":10},{""variant"":""challenger_calibrated"",""p_up"":0.706,""lca"":1,""n_matched"":4}]"
521,1787700238361,LINK,24,calibrated,0.7857142857142857,0.8461538461538461,6,0.008333333333333333,1,15,"calibrated locally outperformed (85% correct on 13 same-direction matches among the 15 most similar historical moments), clearing the significance bar for 6 variant(s) compared.",1787700232935,"[{""variant"":""original"",""p_up"":0.667,""lca"":0.7,""n_matched"":10},{""variant"":""experimental"",""p_up"":0.717,""lca"":0.727,""n_matched"":11},{""variant"":""calibrated"",""p_up"":0.786,""lca"":0.846,""n_matched"":13},{""variant"":""challenger_flat"",""p_up"":0.667,""lca"":0.7,""n_matched"":10},{""variant"":""challenger_tilted"",""p_up"":0.667,""lca"":0.7,""n_matched"":10},{""variant"":""challenger_calibrated"",""p_up"":0.706,""lca"":0.5,""n_matched"":4}]"
522,1787700239025,BTC,24,original,1,1,6,0.008333333333333333,1,15,"original locally outperformed (100% correct on 7 same-direction matches among the 15 most similar historical moments), clearing the significance bar for 6 variant(s) compared.",1787700233156,"[{""variant"":""original"",""p_up"":1,""lca"":1,""n_matched"":7},{""variant"":""experimental"",""p_up"":1,""lca"":1,""n_matched"":9},{""variant"":""calibrated"",""p_up"":0.538,""lca"":1,""n_matched"":8},{""variant"":""challenger_flat"",""p_up"":0.75,""lca"":1,""n_matched"":7},{""variant"":""challenger_tilted"",""p_up"":0.75,""lca"":1,""n_matched"":7},{""variant"":""challenger_calibrated"",""p_up"":0.786,""lca"":1,""n_matched"":8}]"
523,1787700248800,BTC,24,original,1,1,6,0.008333333333333333,1,15,"original locally outperformed (100% correct on 7 same-direction matches among the 15 most similar historical moments), clearing the significance bar for 6 variant(s) compared.",1787700242914,"[{""variant"":""original"",""p_up"":1,""lca"":1,""n_matched"":7},{""variant"":""experimental"",""p_up"":1,""lca"":1,""n_matched"":9},{""variant"":""calibrated"",""p_up"":0.538,""lca"":1,""n_matched"":8},{""variant"":""challenger_flat"",""p_up"":0.75,""lca"":1,""n_matched"":7},{""variant"":""challenger_tilted"",""p_up"":0.75,""lca"":1,""n_matched"":7},{""variant"":""challenger_calibrated"",""p_up"":0.786,""lca"":1,""n_matched"":8}]"
524,1787702789030,BTC,24,original,0.9333333333333333,0.6666666666666666,6,0.008333333333333333,0,15,"No variant's local edge cleared the significance bar (needed >39.9pts above 50%, best was experimental at +16.7pts on n=9) -- defaulting to Original k-NN.",1787702780817,"[{""variant"":""original"",""p_up"":0.933,""lca"":0.571,""n_matched"":7},{""variant"":""experimental"",""p_up"":0.943,""lca"":0.667,""n_matched"":9},{""variant"":""calibrated"",""p_up"":0.636,""lca"":0.667,""n_matched"":9},{""variant"":""challenger_flat"",""p_up"":0.717,""lca"":0.571,""n_matched"":7},{""variant"":""challenger_tilted"",""p_up"":0.717,""lca"":0.571,""n_matched"":7},{""variant"":""challenger_calibrated"",""p_up"":0.786,""lca"":0.667,""n_matched"":9}]"
525,1787703008770,LINK,24,calibrated,0.7142857142857143,0.8461538461538461,6,0.008333333333333333,1,15,"calibrated locally outperformed (85% correct on 13 same-direction matches among the 15 most similar historical moments), clearing the significance bar for 6 variant(s) compared.",1787703001843,"[{""variant"":""original"",""p_up"":0.2,""lca"":0.286,""n_matched"":7},{""variant"":""experimental"",""p_up"":0.196,""lca"":0.333,""n_matched"":6},{""variant"":""calibrated"",""p_up"":0.714,""lca"":0.846,""n_matched"":13},{""variant"":""challenger_flat"",""p_up"":0.35,""lca"":0.286,""n_matched"":7},{""variant"":""challenger_tilted"",""p_up"":0.35,""lca"":0.286,""n_matched"":7},{""variant"":""challenger_calibrated"",""p_up"":0.882,""lca"":0.5,""n_matched"":4}]"
526,1787703029833,ETH,24,original,0.6666666666666666,1,3,0.016666666666666666,1,8,"original locally outperformed (100% correct on 7 same-direction matches among the 8 most similar historical moments), clearing the significance bar for 3 variant(s) compared.",1787703027589,"[{""variant"":""original"",""p_up"":0.667,""lca"":1,""n_matched"":7},{""variant"":""experimental"",""p_up"":0.602,""lca"":1,""n_matched"":7},{""variant"":""calibrated"",""p_up"":0.667,""lca"":1,""n_matched"":7}]"
527,1787703045779,LINK,24,calibrated,0.7142857142857143,0.8461538461538461,6,0.008333333333333333,1,15,"calibrated locally outperformed (85% correct on 13 same-direction matches among the 15 most similar historical moments), clearing the significance bar for 6 variant(s) compared.",1787703040007,"[{""variant"":""original"",""p_up"":0.2,""lca"":0.286,""n_matched"":7},{""variant"":""experimental"",""p_up"":0.196,""lca"":0.333,""n_matched"":6},{""variant"":""calibrated"",""p_up"":0.714,""lca"":0.846,""n_matched"":13},{""variant"":""challenger_flat"",""p_up"":0.35,""lca"":0.286,""n_matched"":7},{""variant"":""challenger_tilted"",""p_up"":0.35,""lca"":0.286,""n_matched"":7},{""variant"":""challenger_calibrated"",""p_up"":0.882,""lca"":0.5,""n_matched"":4}]"
528,1787706727921,ETH,24,original,0.5333333333333333,1,3,0.016666666666666666,1,9,"original locally outperformed (100% correct on 8 same-direction matches among the 9 most similar historical moments), clearing the significance bar for 3 variant(s) compared.",1787706716331,"[{""variant"":""original"",""p_up"":0.533,""lca"":1,""n_matched"":8},{""variant"":""experimental"",""p_up"":0.526,""lca"":1,""n_matched"":8},{""variant"":""calibrated"",""p_up"":0.533,""lca"":1,""n_matched"":8}]"
529,1787706728769,BTC,24,original,1,0.16666666666666666,6,0.008333333333333333,0,15,"No variant's local edge cleared the significance bar (needed >48.9pts above 50%, best was original at +-33.3pts on n=6) -- defaulting to Original k-NN.",1787706715039,"[{""variant"":""original"",""p_up"":1,""lca"":0.167,""n_matched"":6},{""variant"":""experimental"",""p_up"":1,""lca"":0.167,""n_matched"":6},{""variant"":""calibrated"",""p_up"":0.538,""lca"":0,""n_matched"":5},{""variant"":""challenger_flat"",""p_up"":0.75,""lca"":0.167,""n_matched"":6},{""variant"":""challenger_tilted"",""p_up"":0.75,""lca"":0.167,""n_matched"":6},{""variant"":""challenger_calibrated"",""p_up"":0.786,""lca"":0,""n_matched"":4}]"
530,1787706729002,BTC,24,original,1,0.16666666666666666,6,0.008333333333333333,0,15,"No variant's local edge cleared the significance bar (needed >48.9pts above 50%, best was original at +-33.3pts on n=6) -- defaulting to Original k-NN.",1787706715039,"[{""variant"":""original"",""p_up"":1,""lca"":0.167,""n_matched"":6},{""variant"":""experimental"",""p_up"":1,""lca"":0.167,""n_matched"":6},{""variant"":""calibrated"",""p_up"":0.538,""lca"":0,""n_matched"":5},{""variant"":""challenger_flat"",""p_up"":0.75,""lca"":0.167,""n_matched"":6},{""variant"":""challenger_tilted"",""p_up"":0.75,""lca"":0.167,""n_matched"":6},{""variant"":""challenger_calibrated"",""p_up"":0.786,""lca"":0,""n_matched"":4}]"
531,1787716278690,BTC,24,original,0.9333333333333333,0.2727272727272727,6,0.008333333333333333,0,15,"No variant's local edge cleared the significance bar (needed >36.1pts above 50%, best was challenger_calibrated at +-22.7pts on n=11) -- defaulting to Original k-NN.",1787716268747,"[{""variant"":""original"",""p_up"":0.933,""lca"":0.2,""n_matched"":15},{""variant"":""experimental"",""p_up"":1,""lca"":0.2,""n_matched"":15},{""variant"":""calibrated"",""p_up"":0.636,""lca"":0.2,""n_matched"":15},{""variant"":""challenger_flat"",""p_up"":0.717,""lca"":0.2,""n_matched"":15},{""variant"":""challenger_tilted"",""p_up"":0.717,""lca"":0.2,""n_matched"":15},{""variant"":""challenger_calibrated"",""p_up"":0.786,""lca"":0.273,""n_matched"":11}]"
532,1787722578475,BTC,24,original,1,0.5,6,0.008333333333333333,0,15,"No variant's local edge cleared the significance bar (needed >37.9pts above 50%, best was challenger_calibrated at +0.0pts on n=10) -- defaulting to Original k-NN.",1787722565660,"[{""variant"":""original"",""p_up"":1,""lca"":0.308,""n_matched"":13},{""variant"":""experimental"",""p_up"":1,""lca"":0.4,""n_matched"":15},{""variant"":""calibrated"",""p_up"":0.538,""lca"":0.4,""n_matched"":15},{""variant"":""challenger_flat"",""p_up"":0.75,""lca"":0.308,""n_matched"":13},{""variant"":""challenger_tilted"",""p_up"":0.75,""lca"":0.308,""n_matched"":13},{""variant"":""challenger_calibrated"",""p_up"":0.786,""lca"":0.5,""n_matched"":10}]"
533,1787722594165,LINK,24,original,0.6,0.42857142857142855,6,0.008333333333333333,0,15,"No variant's local edge cleared the significance bar (needed >32.0pts above 50%, best was calibrated at +-7.1pts on n=14) -- defaulting to Original k-NN.",1787722588594,"[{""variant"":""original"",""p_up"":0.6,""lca"":0.417,""n_matched"":12},{""variant"":""experimental"",""p_up"":0.607,""lca"":0.417,""n_matched"":12},{""variant"":""calibrated"",""p_up"":0.643,""lca"":0.429,""n_matched"":14},{""variant"":""challenger_flat"",""p_up"":0.6,""lca"":0.385,""n_matched"":13},{""variant"":""challenger_tilted"",""p_up"":0.6,""lca"":0.385,""n_matched"":13},{""variant"":""challenger_calibrated"",""p_up"":0.559,""lca"":0.333,""n_matched"":15}]"
534,1787722608596,ETH,24,original,0.7333333333333333,1,3,0.016666666666666666,1,9,"original locally outperformed (100% correct on 8 same-direction matches among the 9 most similar historical moments), clearing the significance bar for 3 variant(s) compared.",1787722604454,"[{""variant"":""original"",""p_up"":0.733,""lca"":1,""n_matched"":8},{""variant"":""experimental"",""p_up"":0.701,""lca"":1,""n_matched"":8},{""variant"":""calibrated"",""p_up"":0.733,""lca"":1,""n_matched"":8}]"
535,1787739828128,BTC,24,challenger_calibrated,0.205,1,6,0.008333333333333333,1,15,"challenger_calibrated locally outperformed (100% correct on 7 same-direction matches among the 15 most similar historical moments), clearing the significance bar for 6 variant(s) compared.",1787739819287,"[{""variant"":""original"",""p_up"":1,""lca"":0.067,""n_matched"":15},{""variant"":""experimental"",""p_up"":1,""lca"":0.067,""n_matched"":15},{""variant"":""calibrated"",""p_up"":0.564,""lca"":0.067,""n_matched"":15},{""variant"":""challenger_flat"",""p_up"":0.95,""lca"":0.067,""n_matched"":15},{""variant"":""challenger_tilted"",""p_up"":0.95,""lca"":0.067,""n_matched"":15},{""variant"":""challenger_calibrated"",""p_up"":0.205,""lca"":1,""n_matched"":7}]"
536,1787739844127,LINK,24,original,0.8666666666666667,0.5384615384615384,6,0.008333333333333333,0,15,"No variant's local edge cleared the significance bar (needed >33.2pts above 50%, best was original at +3.8pts on n=13) -- defaulting to Original k-NN.",1787739838312,"[{""variant"":""original"",""p_up"":0.867,""lca"":0.538,""n_matched"":13},{""variant"":""experimental"",""p_up"":0.792,""lca"":0.538,""n_matched"":13},{""variant"":""calibrated"",""p_up"":0.767,""lca"":0.462,""n_matched"":13},{""variant"":""challenger_flat"",""p_up"":0.867,""lca"":0.538,""n_matched"":13},{""variant"":""challenger_tilted"",""p_up"":0.867,""lca"":0.538,""n_matched"":13},{""variant"":""challenger_calibrated"",""p_up"":0.629,""lca"":0.467,""n_matched"":15}]"
537,1787740055188,ETH,24,original,0.5333333333333333,1,3,0.016666666666666666,1,9,"original locally outperformed (100% correct on 8 same-direction matches among the 9 most similar historical moments), clearing the significance bar for 3 variant(s) compared.",1787740050923,"[{""variant"":""original"",""p_up"":0.533,""lca"":1,""n_matched"":8},{""variant"":""experimental"",""p_up"":0.575,""lca"":1,""n_matched"":8},{""variant"":""calibrated"",""p_up"":0.533,""lca"":1,""n_matched"":8}]"
538,1787752785542,BTC,24,challenger_calibrated,0.205,1,6,0.008333333333333333,1,15,"challenger_calibrated locally outperformed (100% correct on 10 same-direction matches among the 15 most similar historical moments), clearing the significance bar for 6 variant(s) compared.",1787752774981,"[{""variant"":""original"",""p_up"":1,""lca"":0.067,""n_matched"":15},{""variant"":""experimental"",""p_up"":1,""lca"":0.067,""n_matched"":15},{""variant"":""calibrated"",""p_up"":0.564,""lca"":0.067,""n_matched"":15},{""variant"":""challenger_flat"",""p_up"":0.95,""lca"":0.067,""n_matched"":15},{""variant"":""challenger_tilted"",""p_up"":0.95,""lca"":0.067,""n_matched"":15},{""variant"":""challenger_calibrated"",""p_up"":0.205,""lca"":1,""n_matched"":10}]"
539,1787752793437,LINK,24,original,0.8666666666666667,0.23076923076923078,6,0.008333333333333333,0,15,"No variant's local edge cleared the significance bar (needed >33.2pts above 50%, best was original at +-26.9pts on n=13) -- defaulting to Original k-NN.",1787752787786,"[{""variant"":""original"",""p_up"":0.867,""lca"":0.231,""n_matched"":13},{""variant"":""experimental"",""p_up"":1,""lca"":0.231,""n_matched"":13},{""variant"":""calibrated"",""p_up"":0.767,""lca"":0.214,""n_matched"":14},{""variant"":""challenger_flat"",""p_up"":0.867,""lca"":0.231,""n_matched"":13},{""variant"":""challenger_tilted"",""p_up"":0.867,""lca"":0.231,""n_matched"":13},{""variant"":""challenger_calibrated"",""p_up"":0.629,""lca"":0.2,""n_matched"":15}]"
540,1787752798726,ETH,24,original,0.6,1,3,0.016666666666666666,1,9,"original locally outperformed (100% correct on 8 same-direction matches among the 9 most similar historical moments), clearing the significance bar for 3 variant(s) compared.",1787752794244,"[{""variant"":""original"",""p_up"":0.6,""lca"":1,""n_matched"":8},{""variant"":""experimental"",""p_up"":0.649,""lca"":1,""n_matched"":8},{""variant"":""calibrated"",""p_up"":0.6,""lca"":1,""n_matched"":8}]"
541,1787752869244,LINK,24,original,0.8666666666666667,0.3076923076923077,6,0.008333333333333333,0,15,"No variant's local edge cleared the significance bar (needed >33.2pts above 50%, best was original at +-19.2pts on n=13) -- defaulting to Original k-NN.",1787752863076,"[{""variant"":""original"",""p_up"":0.867,""lca"":0.308,""n_matched"":13},{""variant"":""experimental"",""p_up"":1,""lca"":0.308,""n_matched"":13},{""variant"":""calibrated"",""p_up"":0.767,""lca"":0.286,""n_matched"":14},{""variant"":""challenger_flat"",""p_up"":0.867,""lca"":0.308,""n_matched"":13},{""variant"":""challenger_tilted"",""p_up"":0.867,""lca"":0.308,""n_matched"":13},{""variant"":""challenger_calibrated"",""p_up"":0.629,""lca"":0.267,""n_matched"":15}]"
542,1787753056716,BTC,24,challenger_calibrated,0.205,1,6,0.008333333333333333,1,15,"challenger_calibrated locally outperformed (100% correct on 10 same-direction matches among the 15 most similar historical moments), clearing the significance bar for 6 variant(s) compared.",1787753049557,"[{""variant"":""original"",""p_up"":1,""lca"":0.067,""n_matched"":15},{""variant"":""experimental"",""p_up"":1,""lca"":0.067,""n_matched"":15},{""variant"":""calibrated"",""p_up"":0.564,""lca"":0.067,""n_matched"":15},{""variant"":""challenger_flat"",""p_up"":0.95,""lca"":0.067,""n_matched"":15},{""variant"":""challenger_tilted"",""p_up"":0.95,""lca"":0.067,""n_matched"":15},{""variant"":""challenger_calibrated"",""p_up"":0.205,""lca"":1,""n_matched"":10}]"
543,1787787030199,BTC,24,original,0.6,0.625,5,0.01,0,15,"No variant's local edge cleared the significance bar (needed >41.1pts above 50%, best was challenger_calibrated at +12.5pts on n=8) -- defaulting to Original k-NN.",1787787021601,"[{""variant"":""original"",""p_up"":0.6,""lca"":0.231,""n_matched"":13},{""variant"":""calibrated"",""p_up"":0.719,""lca"":0.333,""n_matched"":15},{""variant"":""challenger_flat"",""p_up"":0.55,""lca"":0.231,""n_matched"":13},{""variant"":""challenger_tilted"",""p_up"":0.55,""lca"":0.231,""n_matched"":13},{""variant"":""challenger_calibrated"",""p_up"":0.636,""lca"":0.625,""n_matched"":8}]"
544,1787787060978,LINK,24,original,0,1,6,0.008333333333333333,0,15,"No variant's local edge cleared the significance bar (needed >69.1pts above 50%, best was challenger_flat at +50.0pts on n=3) -- defaulting to Original k-NN.",1787787055416,"[{""variant"":""original"",""p_up"":0,""lca"":0.667,""n_matched"":3},{""variant"":""experimental"",""p_up"":0,""lca"":0.667,""n_matched"":3},{""variant"":""calibrated"",""p_up"":0.674,""lca"":0.286,""n_matched"":14},{""variant"":""challenger_flat"",""p_up"":0.25,""lca"":1,""n_matched"":3},{""variant"":""challenger_tilted"",""p_up"":0.25,""lca"":1,""n_matched"":3},{""variant"":""challenger_calibrated"",""p_up"":0.8,""lca"":0.2,""n_matched"":15}]"
545,1787787079936,ETH,24,original,0.5333333333333333,0.8333333333333334,3,0.016666666666666666,0,10,"No variant's local edge cleared the significance bar (needed >43.4pts above 50%, best was original at +33.3pts on n=6) -- defaulting to Original k-NN.",1787787075590,"[{""variant"":""original"",""p_up"":0.533,""lca"":0.833,""n_matched"":6},{""variant"":""experimental"",""p_up"":0.514,""lca"":0.833,""n_matched"":6},{""variant"":""calibrated"",""p_up"":0.533,""lca"":0.833,""n_matched"":6}]"
546,1787788581136,BTC,24,original,0.6,0.625,5,0.01,0,15,"No variant's local edge cleared the significance bar (needed >41.1pts above 50%, best was challenger_calibrated at +12.5pts on n=8) -- defaulting to Original k-NN.",1787787021601,"[{""variant"":""original"",""p_up"":0.6,""lca"":0.231,""n_matched"":13},{""variant"":""calibrated"",""p_up"":0.719,""lca"":0.333,""n_matched"":15},{""variant"":""challenger_flat"",""p_up"":0.55,""lca"":0.231,""n_matched"":13},{""variant"":""challenger_tilted"",""p_up"":0.55,""lca"":0.231,""n_matched"":13},{""variant"":""challenger_calibrated"",""p_up"":0.636,""lca"":0.625,""n_matched"":8}]"
547,1787788620499,LINK,24,original,0.6744186046511628,0.125,2,0.025,0,15,"No variant's local edge cleared the significance bar (needed >34.6pts above 50%, best was calibrated at +-37.5pts on n=8) -- defaulting to Original k-NN.",1787787095439,"[{""variant"":""calibrated"",""p_up"":0.674,""lca"":0.125,""n_matched"":8},{""variant"":""challenger_calibrated"",""p_up"":0.8,""lca"":0,""n_matched"":15}]"
548,1787788657165,LINK,12,original,0,0.6666666666666666,6,0.008333333333333333,0,15,"No variant's local edge cleared the significance bar (needed >69.1pts above 50%, best was original at +16.7pts on n=3) -- defaulting to Original k-NN.",1787787095608,"[{""variant"":""original"",""p_up"":0,""lca"":0.667,""n_matched"":3},{""variant"":""experimental"",""p_up"":0,""lca"":0.667,""n_matched"":3},{""variant"":""calibrated"",""p_up"":0.5,""lca"":0.4,""n_matched"":15},{""variant"":""challenger_flat"",""p_up"":0.692,""lca"":0.455,""n_matched"":11},{""variant"":""challenger_tilted"",""p_up"":0.692,""lca"":0.455,""n_matched"":11},{""variant"":""challenger_calibrated"",""p_up"":0.813,""lca"":0.417,""n_matched"":12}]"
549,1787788657447,LINK,24,original,0.6744186046511628,0.125,2,0.025,0,15,"No variant's local edge cleared the significance bar (needed >34.6pts above 50%, best was calibrated at +-37.5pts on n=8) -- defaulting to Original k-NN.",1787787095439,"[{""variant"":""calibrated"",""p_up"":0.674,""lca"":0.125,""n_matched"":8},{""variant"":""challenger_calibrated"",""p_up"":0.8,""lca"":0,""n_matched"":15}]"
550,1787788657671,BTC,24,original,0.6,0.625,5,0.01,0,15,"No variant's local edge cleared the significance bar (needed >41.1pts above 50%, best was challenger_calibrated at +12.5pts on n=8) -- defaulting to Original k-NN.",1787787021601,"[{""variant"":""original"",""p_up"":0.6,""lca"":0.231,""n_matched"":13},{""variant"":""calibrated"",""p_up"":0.719,""lca"":0.333,""n_matched"":15},{""variant"":""challenger_flat"",""p_up"":0.55,""lca"":0.231,""n_matched"":13},{""variant"":""challenger_tilted"",""p_up"":0.55,""lca"":0.231,""n_matched"":13},{""variant"":""challenger_calibrated"",""p_up"":0.636,""lca"":0.625,""n_matched"":8}]"
551,1787788657935,BTC,12,original,0.4,0.5,6,0.008333333333333333,0,15,"No variant's local edge cleared the significance bar (needed >42.3pts above 50%, best was original at +0.0pts on n=8) -- defaulting to Original k-NN.",1787706730053,"[{""variant"":""original"",""p_up"":0.4,""lca"":0.5,""n_matched"":8},{""variant"":""experimental"",""p_up"":0,""lca"":0.5,""n_matched"":8},{""variant"":""calibrated"",""p_up"":0.588,""lca"":0.429,""n_matched"":7},{""variant"":""challenger_flat"",""p_up"":0.75,""lca"":0.286,""n_matched"":7},{""variant"":""challenger_tilted"",""p_up"":0.75,""lca"":0.286,""n_matched"":7},{""variant"":""challenger_calibrated"",""p_up"":0.677,""lca"":0.333,""n_matched"":6}]"
552,1787788683815,ETH,24,original,0.5333333333333333,0.8333333333333334,3,0.016666666666666666,0,10,"No variant's local edge cleared the significance bar (needed >43.4pts above 50%, best was original at +33.3pts on n=6) -- defaulting to Original k-NN.",1787787075590,"[{""variant"":""original"",""p_up"":0.533,""lca"":0.833,""n_matched"":6},{""variant"":""experimental"",""p_up"":0.514,""lca"":0.833,""n_matched"":6},{""variant"":""calibrated"",""p_up"":0.533,""lca"":0.833,""n_matched"":6}]"
553,1787800364679,BTC,24,original,0.75,0.25,2,0.025,0,15,"No variant's local edge cleared the significance bar (needed >34.6pts above 50%, best was challenger_calibrated at +-25.0pts on n=8) -- defaulting to Original k-NN.",1787799626127,"[{""variant"":""calibrated"",""p_up"":0.509,""lca"":0.2,""n_matched"":15},{""variant"":""challenger_calibrated"",""p_up"":0.75,""lca"":0.25,""n_matched"":8}]"
554,1787800371694,LINK,24,original,0.7209302325581395,0.2,2,0.025,0,15,"No variant's local edge cleared the significance bar (needed >43.8pts above 50%, best was calibrated at +-30.0pts on n=5) -- defaulting to Original k-NN.",1787788823584,"[{""variant"":""calibrated"",""p_up"":0.721,""lca"":0.2,""n_matched"":5},{""variant"":""challenger_calibrated"",""p_up"":0.8,""lca"":0.067,""n_matched"":15}]"
555,1787800373427,BTC,24,original,0.75,0.25,2,0.025,0,15,"No variant's local edge cleared the significance bar (needed >34.6pts above 50%, best was challenger_calibrated at +-25.0pts on n=8) -- defaulting to Original k-NN.",1787799626127,"[{""variant"":""calibrated"",""p_up"":0.509,""lca"":0.2,""n_matched"":15},{""variant"":""challenger_calibrated"",""p_up"":0.75,""lca"":0.25,""n_matched"":8}]"
556,1787800787105,BTC,24,original,0.75,0.25,2,0.025,0,15,"No variant's local edge cleared the significance bar (needed >34.6pts above 50%, best was challenger_calibrated at +-25.0pts on n=8) -- defaulting to Original k-NN.",1787799626127,"[{""variant"":""calibrated"",""p_up"":0.509,""lca"":0.2,""n_matched"":15},{""variant"":""challenger_calibrated"",""p_up"":0.75,""lca"":0.25,""n_matched"":8}]"
557,1787814281122,BTC,24,original,0.659,0.25,2,0.025,0,15,"No variant's local edge cleared the significance bar (needed >34.6pts above 50%, best was challenger_calibrated at +-25.0pts on n=8) -- defaulting to Original k-NN.",1787799626127,"[{""variant"":""calibrated"",""p_up"":0.649,""lca"":0.2,""n_matched"":15},{""variant"":""challenger_calibrated"",""p_up"":0.659,""lca"":0.25,""n_matched"":8}]"
558,1787830756764,BTC,24,original,0,0.8571428571428571,6,0.008333333333333333,0,15,"No variant's local edge cleared the significance bar (needed >45.2pts above 50%, best was challenger_calibrated at +35.7pts on n=7) -- defaulting to Original k-NN.",1787799626127,"[{""variant"":""original"",""p_up"":0,""lca"":0.667,""n_matched"":3},{""variant"":""experimental"",""p_up"":0,""lca"":0.667,""n_matched"":3},{""variant"":""calibrated"",""p_up"":0.541,""lca"":0.2,""n_matched"":15},{""variant"":""challenger_flat"",""p_up"":0.25,""lca"":0.667,""n_matched"":3},{""variant"":""challenger_tilted"",""p_up"":0.25,""lca"":0.667,""n_matched"":3},{""variant"":""challenger_calibrated"",""p_up"":0.417,""lca"":0.857,""n_matched"":7}]"
559,1787836950575,LINK,24,original,0.7446808510638298,0.2,2,0.025,0,15,"No variant's local edge cleared the significance bar (needed >43.8pts above 50%, best was calibrated at +-30.0pts on n=5) -- defaulting to Original k-NN.",1787788823584,"[{""variant"":""calibrated"",""p_up"":0.745,""lca"":0.2,""n_matched"":5},{""variant"":""challenger_calibrated"",""p_up"":0.789,""lca"":0.067,""n_matched"":15}]"
560,1787836964662,ETH,24,original,0.9333333333333333,0.6666666666666666,3,0.016666666666666666,0,11,"No variant's local edge cleared the significance bar (needed >61.4pts above 50%, best was experimental at +16.7pts on n=3) -- defaulting to Original k-NN.",1787821236634,"[{""variant"":""original"",""p_up"":0.933,""lca"":0.4,""n_matched"":5},{""variant"":""experimental"",""p_up"":0.924,""lca"":0.667,""n_matched"":3},{""variant"":""calibrated"",""p_up"":0.7,""lca"":0.4,""n_matched"":5}]"
561,1787836978363,LINK,24,original,0.7446808510638298,0.2,2,0.025,0,15,"No variant's local edge cleared the significance bar (needed >43.8pts above 50%, best was calibrated at +-30.0pts on n=5) -- defaulting to Original k-NN.",1787788823584,"[{""variant"":""calibrated"",""p_up"":0.745,""lca"":0.2,""n_matched"":5},{""variant"":""challenger_calibrated"",""p_up"":0.789,""lca"":0.067,""n_matched"":15}]"
562,1787873289339,BTC,24,original,0.5409836065573771,0.06666666666666667,2,0.025,0,15,"No variant's local edge cleared the significance bar (needed >25.3pts above 50%, best was calibrated at +-43.3pts on n=15) -- defaulting to Original k-NN.",1787832038824,"[{""variant"":""calibrated"",""p_up"":0.541,""lca"":0.067,""n_matched"":15},{""variant"":""challenger_calibrated"",""p_up"":0.75,""lca"":0,""n_matched"":12}]"
563,1787873291344,BTC,24,original,0.5409836065573771,0.06666666666666667,2,0.025,0,15,"No variant's local edge cleared the significance bar (needed >25.3pts above 50%, best was calibrated at +-43.3pts on n=15) -- defaulting to Original k-NN.",1787832038824,"[{""variant"":""calibrated"",""p_up"":0.541,""lca"":0.067,""n_matched"":15},{""variant"":""challenger_calibrated"",""p_up"":0.75,""lca"":0,""n_matched"":12}]"
564,1787873301069,LINK,24,original,0.6595744680851063,0.5714285714285714,2,0.025,0,15,"No variant's local edge cleared the significance bar (needed >37.0pts above 50%, best was calibrated at +7.1pts on n=7) -- defaulting to Original k-NN.",1787864455869,"[{""variant"":""calibrated"",""p_up"":0.66,""lca"":0.571,""n_matched"":7},{""variant"":""challenger_calibrated"",""p_up"":0.895,""lca"":0.5,""n_matched"":14}]"
565,1787873306123,ETH,24,original,0.4666666666666667,0.8333333333333334,3,0.016666666666666666,0,11,"No variant's local edge cleared the significance bar (needed >43.4pts above 50%, best was original at +33.3pts on n=6) -- defaulting to Original k-NN.",1787864456242,"[{""variant"":""original"",""p_up"":0.467,""lca"":0.833,""n_matched"":6},{""variant"":""experimental"",""p_up"":0.515,""lca"":0.5,""n_matched"":4},{""variant"":""calibrated"",""p_up"":0.7,""lca"":0.6,""n_matched"":5}]"
566,1787879823338,LINK,24,original,0.6595744680851063,0.5714285714285714,2,0.025,0,15,"No variant's local edge cleared the significance bar (needed >37.0pts above 50%, best was calibrated at +7.1pts on n=7) -- defaulting to Original k-NN.",1787864455869,"[{""variant"":""calibrated"",""p_up"":0.66,""lca"":0.571,""n_matched"":7},{""variant"":""challenger_calibrated"",""p_up"":0.895,""lca"":0.5,""n_matched"":14}]"
567,1787879833273,ETH,24,original,0.26666666666666666,0.8,3,0.016666666666666666,0,11,"No variant's local edge cleared the significance bar (needed >47.6pts above 50%, best was original at +30.0pts on n=5) -- defaulting to Original k-NN.",1787875255453,"[{""variant"":""original"",""p_up"":0.267,""lca"":0.8,""n_matched"":5},{""variant"":""experimental"",""p_up"":0.224,""lca"":0.667,""n_matched"":6},{""variant"":""calibrated"",""p_up"":0.7,""lca"":0.5,""n_matched"":6}]"
568,1787879846090,BTC,24,original,0.417,0.6666666666666666,2,0.025,0,15,"No variant's local edge cleared the significance bar (needed >56.6pts above 50%, best was challenger_calibrated at +16.7pts on n=3) -- defaulting to Original k-NN.",1787832038824,"[{""variant"":""calibrated"",""p_up"":0.541,""lca"":0.067,""n_matched"":15},{""variant"":""challenger_calibrated"",""p_up"":0.417,""lca"":0.667,""n_matched"":3}]"
569,1787906894636,BTC,24,original,0.417,0.6666666666666666,2,0.025,0,15,"No variant's local edge cleared the significance bar (needed >56.6pts above 50%, best was challenger_calibrated at +16.7pts on n=3) -- defaulting to Original k-NN.",1787832038824,"[{""variant"":""calibrated"",""p_up"":0.541,""lca"":0.067,""n_matched"":15},{""variant"":""challenger_calibrated"",""p_up"":0.417,""lca"":0.667,""n_matched"":3}]"
570,1787906905344,LINK,24,original,0.13333333333333333,1,6,0.008333333333333333,0,15,"No variant's local edge cleared the significance bar (needed >69.1pts above 50%, best was calibrated at +50.0pts on n=3) -- defaulting to Original k-NN.",1787896853956,"[{""variant"":""original"",""p_up"":0.133,""lca"":0,""n_matched"":3},{""variant"":""experimental"",""p_up"":0.228,""lca"":0,""n_matched"":3},{""variant"":""calibrated"",""p_up"":0.66,""lca"":1,""n_matched"":3},{""variant"":""challenger_flat"",""p_up"":0.35,""lca"":0,""n_matched"":3},{""variant"":""challenger_tilted"",""p_up"":0.35,""lca"":0,""n_matched"":3},{""variant"":""challenger_calibrated"",""p_up"":0.895,""lca"":0.2,""n_matched"":15}]"
571,1787906916359,ETH,24,original,0.06666666666666667,0.6666666666666666,3,0.016666666666666666,0,11,"No variant's local edge cleared the significance bar (needed >61.4pts above 50%, best was original at +16.7pts on n=3) -- defaulting to Original k-NN.",1787886054335,"[{""variant"":""original"",""p_up"":0.067,""lca"":0.667,""n_matched"":3},{""variant"":""experimental"",""p_up"":0.072,""lca"":0.4,""n_matched"":5},{""variant"":""calibrated"",""p_up"":0.7,""lca"":0.556,""n_matched"":9}]"
572,1787931644037,BTC,24,original,0.417,0.6666666666666666,2,0.025,0,15,"No variant's local edge cleared the significance bar (needed >56.6pts above 50%, best was challenger_calibrated at +16.7pts on n=3) -- defaulting to Original k-NN.",1787832038824,"[{""variant"":""calibrated"",""p_up"":0.556,""lca"":0.067,""n_matched"":15},{""variant"":""challenger_calibrated"",""p_up"":0.417,""lca"":0.667,""n_matched"":3}]"
573,1787945766212,BTC,24,original,0.417,0.6666666666666666,2,0.025,0,15,"No variant's local edge cleared the significance bar (needed >56.6pts above 50%, best was challenger_calibrated at +16.7pts on n=3) -- defaulting to Original k-NN.",1787832038824,"[{""variant"":""calibrated"",""p_up"":0.556,""lca"":0.067,""n_matched"":15},{""variant"":""challenger_calibrated"",""p_up"":0.417,""lca"":0.667,""n_matched"":3}]"
